order_item_id,order_date,delivery_date,item_id,item_size,item_color,brand_id,item_price,user_id,user_title,user_dob,user_state,user_reg_date,return
1,2016-06-22,2016-06-27,643,38,navy,30,49.9,30822,Mrs,1969-04-17,Saxony,2016-06-23,0
2,2016-06-22,,337,152,grey,30,19.95,30822,Mrs,1969-04-17,Saxony,2016-06-23,0
3,2016-06-22,2016-06-27,270,xxl,grey,49,79.9,30823,Mrs,1970-04-22,Baden-Wuerttemberg,2015-03-15,1
4,2016-06-22,2016-06-27,142,xxl,grey,49,99.9,30823,Mrs,1970-04-22,Baden-Wuerttemberg,2015-03-15,0
5,2016-06-22,2016-06-27,561,xxl,grey,3,14.9,30823,Mrs,1970-04-22,Baden-Wuerttemberg,2015-03-15,1
6,2016-06-22,2016-06-27,579,xxl,grey,3,19.9,30823,Mrs,1970-04-22,Baden-Wuerttemberg,2015-03-15,1
7,2016-06-22,2016-06-27,72,41,grey,1,119.9,30823,Mrs,1970-04-22,Baden-Wuerttemberg,2015-03-15,0
8,2016-06-22,2016-06-27,106,50,white,6,39.9,30823,Mrs,1970-04-22,Baden-Wuerttemberg,2015-03-15,1
9,2016-06-22,2016-06-27,195,xxl,blue,46,13.9,30823,Mrs,1970-04-22,Baden-Wuerttemberg,2015-03-15,1
10,2016-06-22,2016-06-27,195,xxl,grey,46,19.9,30823,Mrs,1970-04-22,Baden-Wuerttemberg,2015-03-15,1
11,2016-06-22,2016-07-05,25,xxl,grey,5,79.9,30823,Mrs,1970-04-22,Baden-Wuerttemberg,2015-03-15,0
12,2016-06-22,2016-06-27,212,l,grey,5,39.9,30824,Mrs,,Lower Saxony,2016-06-23,0
13,2016-06-22,2016-06-27,378,l,black,5,59.9,30824,Mrs,,Lower Saxony,2016-06-23,0
14,2016-06-22,2016-06-27,222,l,black,3,29.9,30824,Mrs,,Lower Saxony,2016-06-23,0
543,2016-06-22,2016-06-26,233,s,beige,25,39.9,19824,Mrs,1970-06-21,Lower Saxony,2015-02-17,1
544,2016-06-22,2016-06-26,27,6,magenta,19,39.9,19824,Mrs,1970-06-21,Lower Saxony,2015-02-17,1
545,2016-06-22,2016-06-26,27,5+,black,19,39.9,19824,Mrs,1970-06-21,Lower Saxony,2015-02-17,1
546,2016-06-22,2016-06-26,27,6,black,19,39.9,19824,Mrs,1970-06-21,Lower Saxony,2015-02-17,0
547,2016-06-22,2016-06-26,242,l,black,20,59.9,19824,Mrs,1970-06-21,Lower Saxony,2015-02-17,0
548,2016-06-22,2016-06-26,173,m,brown,20,19.9,18912,Mrs,1965-06-10,Bavaria,2015-02-17,1
549,2016-06-22,2016-06-26,896,m,grey,33,9.9,18912,Mrs,1965-06-10,Bavaria,2015-02-17,1
550,2016-06-22,2016-06-26,896,l,grey,33,9.9,18912,Mrs,1965-06-10,Bavaria,2015-02-17,1
551,2016-06-22,2016-06-26,896,m,grey,33,9.9,18912,Mrs,1965-06-10,Bavaria,2015-02-17,1
552,2016-06-22,2016-06-26,2,l,black,2,19.9,18912,Mrs,1965-06-10,Bavaria,2015-02-17,1
553,2016-06-22,2016-06-26,2,m,black,2,19.9,18912,Mrs,1965-06-10,Bavaria,2015-02-17,0
554,2016-06-22,2016-06-26,2,l,mocca,2,19.9,18912,Mrs,1965-06-10,Bavaria,2015-02-17,1
555,2016-06-22,2016-06-26,2,m,mocca,2,19.9,18912,Mrs,1965-06-10,Bavaria,2015-02-17,1
556,2016-06-22,,173,l,brown,20,19.9,18912,Mrs,1965-06-10,Bavaria,2015-02-17,0
557,2016-06-22,,896,l,red,33,9.9,18912,Mrs,1965-06-10,Bavaria,2015-02-17,0
558,2016-06-22,,896,l,blue,33,9.9,18912,Mrs,1965-06-10,Bavaria,2015-02-17,0
559,2016-06-22,2016-06-26,92,xl,turquoise,42,69.9,30920,Mrs,1952-05-24,Bavaria,2015-02-17,0
560,2016-06-22,2016-06-26,423,xl,red,33,12.9,30920,Mrs,1952-05-24,Bavaria,2015-02-17,1
561,2016-06-22,2016-06-26,402,l,grey,46,14.9,30920,Mrs,1952-05-24,Bavaria,2015-02-17,1
562,2016-06-22,2016-06-26,402,xl,grey,46,14.9,30920,Mrs,1952-05-24,Bavaria,2015-02-17,1
563,2016-06-22,2016-06-26,423,xl,red,33,12.9,30920,Mrs,1952-05-24,Bavaria,2015-02-17,1
564,2016-06-22,2016-06-28,423,l,red,33,12.9,30920,Mrs,1952-05-24,Bavaria,2015-02-17,1
565,2016-06-22,2016-06-27,640,unsized,stained,68,29.9,9214,Mrs,1959-02-23,Schleswig-Holstein,2015-05-13,0
566,2016-06-22,2016-06-27,133,39,purple,38,89.9,9214,Mrs,1959-02-23,Schleswig-Holstein,2015-05-13,1
567,2016-06-22,2016-06-27,271,xl,ash,5,59.9,9214,Mrs,1959-02-23,Schleswig-Holstein,2015-05-13,1
568,2016-06-22,2016-06-27,378,xl,brown,5,59.9,9214,Mrs,1959-02-23,Schleswig-Holstein,2015-05-13,0
569,2016-06-22,2016-06-27,465,xl,ash,49,59.9,9214,Mrs,1959-02-23,Schleswig-Holstein,2015-05-13,0
570,2016-06-22,2016-06-27,25,l,blue,5,79.9,9214,Mrs,1959-02-23,Schleswig-Holstein,2015-05-13,1
571,2016-06-22,2016-06-27,315,39,grey,45,89.9,9214,Mrs,1959-02-23,Schleswig-Holstein,2015-05-13,0
572,2016-06-22,2016-06-27,191,xl,grey,3,21.9,9214,Mrs,1959-02-23,Schleswig-Holstein,2015-05-13,0
573,2016-06-22,2016-06-27,191,xl,ash,3,21.9,9214,Mrs,1959-02-23,Schleswig-Holstein,2015-05-13,0
574,2016-06-22,2016-07-18,315,39,grey,45,89.9,9214,Mrs,1959-02-23,Schleswig-Holstein,2015-05-13,1
603,2016-06-22,2016-06-27,242,xl,black,20,59.9,30928,Mrs,1946-04-30,North Rhine-Westphalia,2015-08-01,1
604,2016-06-22,2016-06-27,358,xxl,grey,74,39.9,30928,Mrs,1946-04-30,North Rhine-Westphalia,2015-08-01,1
605,2016-06-22,2016-06-27,425,xxl,grey,46,24.9,30928,Mrs,1946-04-30,North Rhine-Westphalia,2015-08-01,1
606,2016-06-22,2016-06-27,611,xxl,white,56,39.9,30928,Mrs,1946-04-30,North Rhine-Westphalia,2015-08-01,1
607,2016-06-22,2016-06-27,155,xxl,denim,5,49.9,30928,Mrs,1946-04-30,North Rhine-Westphalia,2015-08-01,1
608,2016-06-22,2016-06-27,157,unsized,purple,32,0.0,30928,Mrs,1946-04-30,North Rhine-Westphalia,2015-08-01,1
609,2016-06-22,2016-06-27,425,xxl,grey,46,24.9,30928,Mrs,1946-04-30,North Rhine-Westphalia,2015-08-01,1
610,2016-06-22,2016-06-27,157,unsized,purple,32,0.0,30928,Mrs,1946-04-30,North Rhine-Westphalia,2015-08-01,1
611,2016-06-22,2016-07-02,533,xl,ocher,74,29.9,30928,Mrs,1946-04-30,North Rhine-Westphalia,2015-08-01,1
612,2016-06-22,2016-06-26,222,xl,denim,3,19.9,30929,Mrs,1957-12-16,North Rhine-Westphalia,2015-02-17,1
613,2016-06-22,2016-06-26,222,l,purple,3,19.9,30929,Mrs,1957-12-16,North Rhine-Westphalia,2015-02-17,1
614,2016-06-22,2016-06-26,222,xl,purple,3,19.9,30929,Mrs,1957-12-16,North Rhine-Westphalia,2015-02-17,1
615,2016-06-22,2016-06-26,523,l,magenta,3,7.9,30929,Mrs,1957-12-16,North Rhine-Westphalia,2015-02-17,1
616,2016-06-22,2016-06-26,23,40,stained,16,119.9,30929,Mrs,1957-12-16,North Rhine-Westphalia,2015-02-17,1
617,2016-06-22,2016-06-26,523,l,magenta,3,7.9,30929,Mrs,1957-12-16,North Rhine-Westphalia,2015-02-17,1
618,2016-06-22,2016-07-02,173,l,brown,20,19.9,30929,Mrs,1957-12-16,North Rhine-Westphalia,2015-02-17,1
619,2016-06-22,2016-07-04,23,41,stained,16,119.9,30929,Mrs,1957-12-16,North Rhine-Westphalia,2015-02-17,1
620,2016-06-22,2016-07-04,523,xl,magenta,3,7.9,30929,Mrs,1957-12-16,North Rhine-Westphalia,2015-02-17,1
621,2016-06-22,2016-07-04,523,xl,magenta,3,7.9,30929,Mrs,1957-12-16,North Rhine-Westphalia,2015-02-17,1
622,2016-06-22,,896,l,red,33,9.9,30929,Mrs,1957-12-16,North Rhine-Westphalia,2015-02-17,0
623,2016-06-22,2016-06-26,262,37,mocca,12,69.9,16659,Mrs,1972-02-20,Saxony,2015-02-17,1
624,2016-06-22,2016-06-26,150,4,black,19,59.9,16659,Mrs,1972-02-20,Saxony,2015-02-17,0
625,2016-06-22,2016-06-26,266,4,black,19,59.9,16659,Mrs,1972-02-20,Saxony,2015-02-17,1
626,2016-06-22,2016-06-26,1026,29,blue,47,19.9,16659,Mrs,1972-02-20,Saxony,2015-02-17,0
627,2016-06-22,2016-06-26,431,34,blue,51,69.9,16659,Mrs,1972-02-20,Saxony,2015-02-17,1
628,2016-06-22,2016-06-26,30,3,blue,21,49.95,16659,Mrs,1972-02-20,Saxony,2015-02-17,0
629,2016-06-22,2016-06-26,124,m,blue,46,19.9,16659,Mrs,1972-02-20,Saxony,2015-02-17,1
630,2016-06-22,2016-06-26,258,m,white,3,24.9,16659,Mrs,1972-02-20,Saxony,2015-02-17,1
631,2016-06-22,2016-06-26,258,m,black,3,24.9,16659,Mrs,1972-02-20,Saxony,2015-02-17,1
632,2016-06-22,2016-06-26,1380,30,nature,47,19.9,16659,Mrs,1972-02-20,Saxony,2015-02-17,1
633,2016-06-22,2016-06-26,1380,30,nature,47,19.9,16659,Mrs,1972-02-20,Saxony,2015-02-17,1
634,2016-06-22,2016-06-27,62,unsized,red,5,14.9,7180,Mrs,1952-08-09,Lower Saxony,2016-04-11,0
635,2016-06-22,2016-06-27,628,xxl,grey,5,49.9,7180,Mrs,1952-08-09,Lower Saxony,2016-04-11,1
636,2016-06-22,2016-06-27,143,xxl,black,5,49.9,7180,Mrs,1952-08-09,Lower Saxony,2016-04-11,1
637,2016-06-22,2016-06-27,143,xl,olive,5,59.9,7180,Mrs,1952-08-09,Lower Saxony,2016-04-11,1
638,2016-06-22,,296,7+,black,19,39.9,7180,Mrs,1952-08-09,Lower Saxony,2016-04-11,0
639,2016-06-22,,32,xl,black,3,21.9,7180,Mrs,1952-08-09,Lower Saxony,2016-04-11,0
640,2016-06-22,,32,xl,black,3,21.9,7180,Mrs,1952-08-09,Lower Saxony,2016-04-11,0
641,2016-06-22,2016-06-28,100,39,red,43,69.9,30931,Mr,1970-03-29,North Rhine-Westphalia,2015-02-17,1
642,2016-06-22,2016-06-28,100,38,petrol,43,69.9,30931,Mr,1970-03-29,North Rhine-Westphalia,2015-02-17,0
643,2016-06-22,2016-06-28,100,39,petrol,43,69.9,30931,Mr,1970-03-29,North Rhine-Westphalia,2015-02-17,1
644,2016-06-22,2016-06-28,106,38,blue,6,39.9,30931,Mr,1970-03-29,North Rhine-Westphalia,2015-02-17,1
645,2016-06-22,2016-06-28,155,m,berry,5,49.9,30931,Mr,1970-03-29,North Rhine-Westphalia,2015-02-17,1
646,2016-06-22,2016-06-28,106,38,berry,6,39.9,30931,Mr,1970-03-29,North Rhine-Westphalia,2015-02-17,1
647,2016-06-22,2016-06-28,106,38,white,6,39.9,30931,Mr,1970-03-29,North Rhine-Westphalia,2015-02-17,1
648,2016-06-22,2016-06-28,157,unsized,purple,32,0.0,30931,Mr,1970-03-29,North Rhine-Westphalia,2015-02-17,1
649,2016-06-22,2016-06-28,106,38,blue,6,39.9,30931,Mr,1970-03-29,North Rhine-Westphalia,2015-02-17,1
650,2016-06-22,2016-06-28,106,38,blue,6,39.9,30931,Mr,1970-03-29,North Rhine-Westphalia,2015-02-17,0
651,2016-06-22,2016-06-28,157,unsized,purple,32,0.0,30931,Mr,1970-03-29,North Rhine-Westphalia,2015-02-17,0
652,2016-06-22,2016-07-02,100,38,red,43,69.9,30931,Mr,1970-03-29,North Rhine-Westphalia,2015-02-17,1
653,2016-06-22,,103,39,green,17,79.9,7912,Mrs,1959-04-28,Berlin,2015-02-17,0
15,2016-06-23,2016-06-26,2,xxl,mocca,2,19.9,9392,Mrs,1962-04-14,North Rhine-Westphalia,2016-03-24,1
16,2016-06-23,2016-06-26,797,48,brown,6,69.9,9392,Mrs,1962-04-14,North Rhine-Westphalia,2016-03-24,1
17,2016-06-23,2016-06-26,939,xxl,black,2,29.9,9392,Mrs,1962-04-14,North Rhine-Westphalia,2016-03-24,1
18,2016-06-23,2016-06-26,173,xl,brown,20,19.9,9392,Mrs,1962-04-14,North Rhine-Westphalia,2016-03-24,1
19,2016-06-23,2016-06-26,896,xl,red,33,9.9,9392,Mrs,1962-04-14,North Rhine-Westphalia,2016-03-24,1
20,2016-06-23,2016-06-26,896,xxl,grey,33,9.9,9392,Mrs,1962-04-14,North Rhine-Westphalia,2016-03-24,1
21,2016-06-23,2016-06-26,734,42,blue,24,69.9,9392,Mrs,1962-04-14,North Rhine-Westphalia,2016-03-24,1
22,2016-06-23,2016-06-26,454,43,purple,1,99.9,9392,Mrs,1962-04-14,North Rhine-Westphalia,2016-03-24,1
23,2016-06-23,2016-06-26,1074,9,blue,19,69.9,9392,Mrs,1962-04-14,North Rhine-Westphalia,2016-03-24,1
24,2016-06-23,2016-06-26,1378,8+,black,17,99.9,9392,Mrs,1962-04-14,North Rhine-Westphalia,2016-03-24,1
25,2016-06-23,2016-06-26,40,unsized,stained,27,5.5,9392,Mrs,1962-04-14,North Rhine-Westphalia,2016-03-24,1
26,2016-06-23,2016-06-26,92,xl,turquoise,42,69.9,9392,Mrs,1962-04-14,North Rhine-Westphalia,2016-03-24,1
27,2016-06-23,2016-06-26,594,xl,magenta,36,79.9,9392,Mrs,1962-04-14,North Rhine-Westphalia,2016-03-24,1
28,2016-06-23,2016-07-02,2,xxl,green,2,19.9,9392,Mrs,1962-04-14,North Rhine-Westphalia,2016-03-24,0
29,2016-06-23,2016-06-26,138,m,blue,46,19.9,17234,Mrs,1960-01-09,Saxony,2015-02-17,1
30,2016-06-23,2016-06-26,425,m,blue,46,24.9,17234,Mrs,1960-01-09,Saxony,2015-02-17,1
31,2016-06-23,2016-06-26,32,m,brown,3,12.9,17234,Mrs,1960-01-09,Saxony,2015-02-17,0
32,2016-06-23,2016-06-26,173,m,brown,20,19.9,17234,Mrs,1960-01-09,Saxony,2015-02-17,0
33,2016-06-23,2016-06-26,143,m,olive,5,59.9,17234,Mrs,1960-01-09,Saxony,2015-02-17,1
34,2016-06-23,2016-06-26,255,m,olive,37,19.9,17234,Mrs,1960-01-09,Saxony,2015-02-17,1
35,2016-06-23,2016-07-18,87,s,brown,5,39.9,17234,Mrs,1960-01-09,Saxony,2015-02-17,0
36,2016-06-23,2016-07-18,87,l,brown,5,39.9,17234,Mrs,1960-01-09,Saxony,2015-02-17,1
37,2016-06-23,2016-06-26,895,38,white,39,39.95,30826,Mrs,1964-04-27,Baden-Wuerttemberg,2015-02-17,0
38,2016-06-23,2016-06-26,895,40,white,39,39.95,30826,Mrs,1964-04-27,Baden-Wuerttemberg,2015-02-17,1
39,2016-06-23,2016-06-26,780,40,brown,1,99.9,30826,Mrs,1964-04-27,Baden-Wuerttemberg,2015-02-17,1
40,2016-06-23,2016-06-26,780,40+,brown,1,99.9,30826,Mrs,1964-04-27,Baden-Wuerttemberg,2015-02-17,1
41,2016-06-23,2016-06-26,515,unsized,grey,32,9.9,30826,Mrs,1964-04-27,Baden-Wuerttemberg,2015-02-17,1
42,2016-06-23,2016-06-26,394,40,grey,44,105.0,30827,Mrs,,Hamburg,2016-02-09,1
43,2016-06-23,2016-06-26,394,40,black,44,90.0,30827,Mrs,,Hamburg,2016-02-09,1
44,2016-06-23,2016-06-26,448,40,bordeaux,72,59.9,30828,Mrs,1966-05-13,Lower Saxony,2016-01-21,1
45,2016-06-23,2016-06-26,448,42,bordeaux,72,59.9,30828,Mrs,1966-05-13,Lower Saxony,2016-01-21,1
46,2016-06-23,2016-06-26,920,m,grey,6,59.9,30828,Mrs,1966-05-13,Lower Saxony,2016-01-21,1
47,2016-06-23,2016-06-26,108,l,white,46,29.9,30828,Mrs,1966-05-13,Lower Saxony,2016-01-21,1
48,2016-06-23,2016-06-26,32,l,white,3,21.9,30828,Mrs,1966-05-13,Lower Saxony,2016-01-21,1
49,2016-06-23,2016-06-26,5,l,petrol,5,69.9,30828,Mrs,1966-05-13,Lower Saxony,2016-01-21,1
50,2016-06-23,2016-06-26,154,xl,white,33,14.9,30828,Mrs,1966-05-13,Lower Saxony,2016-01-21,1
51,2016-06-23,2016-06-26,154,l,grey,33,14.9,30828,Mrs,1966-05-13,Lower Saxony,2016-01-21,1
52,2016-06-23,2016-06-26,191,l,white,3,21.9,30828,Mrs,1966-05-13,Lower Saxony,2016-01-21,1
53,2016-06-23,2016-06-26,448,40,grey,72,59.9,30828,Mrs,1966-05-13,Lower Saxony,2016-01-21,1
54,2016-06-23,2016-06-26,448,42,grey,72,59.9,30828,Mrs,1966-05-13,Lower Saxony,2016-01-21,1
55,2016-06-23,2016-07-02,611,l,white,56,39.9,30828,Mrs,1966-05-13,Lower Saxony,2016-01-21,1
56,2016-06-23,,5,l,white,5,69.9,30828,Mrs,1966-05-13,Lower Saxony,2016-01-21,0
57,2016-06-23,2016-06-26,85,40,stained,40,79.9,20617,Mrs,1956-05-21,Brandenburg,2016-05-18,1
58,2016-06-23,2016-06-26,173,xl,brown,20,19.9,20617,Mrs,1956-05-21,Brandenburg,2016-05-18,1
59,2016-06-23,2016-06-26,49,48,stained,11,69.9,22948,Mrs,1957-03-11,Baden-Wuerttemberg,2015-02-17,1
60,2016-06-23,2016-06-26,601,xl,grey,56,89.9,22948,Mrs,1957-03-11,Baden-Wuerttemberg,2015-02-17,1
61,2016-06-23,2016-06-26,484,6+,ecru,19,59.9,22948,Mrs,1957-03-11,Baden-Wuerttemberg,2015-02-17,1
62,2016-06-23,2016-06-26,363,40,ecru,40,89.9,22948,Mrs,1957-03-11,Baden-Wuerttemberg,2015-02-17,1
63,2016-06-23,2016-06-26,458,40,black,1,99.9,22948,Mrs,1957-03-11,Baden-Wuerttemberg,2015-02-17,1
64,2016-06-23,,211,40,turquoise,1,69.9,22948,Mrs,1957-03-11,Baden-Wuerttemberg,2015-02-17,0
65,2016-06-23,,55,40,purple,1,89.9,22948,Mrs,1957-03-11,Baden-Wuerttemberg,2015-02-17,0
66,2016-06-23,,74,40,pink,24,69.9,22948,Mrs,1957-03-11,Baden-Wuerttemberg,2015-02-17,0
67,2016-06-23,2016-06-26,126,10,green,21,79.95,613,Mrs,1961-01-15,Lower Saxony,2015-02-17,1
68,2016-06-23,2016-06-26,200,8,grey,12,69.9,30829,Mrs,1968-06-24,Lower Saxony,2015-02-17,1
69,2016-06-23,2016-06-26,193,41,blue,53,49.9,30829,Mrs,1968-06-24,Lower Saxony,2015-02-17,0
70,2016-06-23,2016-06-26,22,l,blue,14,29.9,30830,Mrs,1969-11-03,Bavaria,2016-06-24,1
71,2016-06-23,2016-06-26,22,l,blue,14,39.9,30830,Mrs,1969-11-03,Bavaria,2016-06-24,0
72,2016-06-23,2016-06-26,22,l,grey,14,39.9,30830,Mrs,1969-11-03,Bavaria,2016-06-24,1
73,2016-06-23,2016-06-26,228,7,blue,57,99.9,30830,Mrs,1969-11-03,Bavaria,2016-06-24,0
74,2016-06-23,2016-06-26,126,10,red,21,79.95,30830,Mrs,1969-11-03,Bavaria,2016-06-24,1
75,2016-06-23,2016-06-27,95,42,denim,25,59.9,30830,Mrs,1969-11-03,Bavaria,2016-06-24,0
76,2016-06-23,2016-06-27,95,44,denim,25,59.9,30830,Mrs,1969-11-03,Bavaria,2016-06-24,1
77,2016-06-23,2016-06-27,557,41,grey,1,129.9,30831,Mrs,1964-11-30,Baden-Wuerttemberg,2016-06-24,1
78,2016-06-23,2016-06-26,222,l,brown,3,19.9,16075,Mrs,1969-11-03,Berlin,2015-11-22,0
79,2016-06-23,2016-06-26,255,l,purple,37,19.9,16075,Mrs,1969-11-03,Berlin,2015-11-22,0
80,2016-06-23,2016-06-26,57,l,purple,3,24.9,16075,Mrs,1969-11-03,Berlin,2015-11-22,1
81,2016-06-23,2016-06-26,57,l,red,3,24.9,16075,Mrs,1969-11-03,Berlin,2015-11-22,1
82,2016-06-23,,1116,40,brown,104,39.9,16075,Mrs,1969-11-03,Berlin,2015-11-22,0
83,2016-06-23,2016-06-26,215,l,green,28,59.9,13795,Mrs,1965-01-30,Lower Saxony,2016-04-27,0
84,2016-06-23,2016-06-26,774,38,red,70,129.9,13795,Mrs,1965-01-30,Lower Saxony,2016-04-27,0
85,2016-06-23,2016-06-26,93,l,brown,20,49.9,13795,Mrs,1965-01-30,Lower Saxony,2016-04-27,0
86,2016-06-23,2016-06-26,896,m,grey,33,9.9,10656,Mrs,1968-10-10,Lower Saxony,2015-08-19,0
87,2016-06-23,2016-06-26,172,38,ocher,40,89.9,30832,Family,1963-04-19,Berlin,2015-08-24,1
88,2016-06-23,2016-06-26,7,38,purple,7,9.9,30832,Family,1963-04-19,Berlin,2015-08-24,0
89,2016-06-23,2016-06-29,397,37,blue,53,39.9,30832,Family,1963-04-19,Berlin,2015-08-24,0
90,2016-06-23,,187,xxl,white,14,59.9,19658,Mrs,1951-01-01,Lower Saxony,2016-05-16,0
91,2016-06-23,,896,l,red,33,9.9,30834,Mrs,1970-05-12,Bavaria,2015-02-17,0
92,2016-06-23,,896,l,grey,33,9.9,30834,Mrs,1970-05-12,Bavaria,2015-02-17,0
93,2016-06-23,2016-06-26,27,8,black,19,39.9,30835,Mrs,1951-09-05,Baden-Wuerttemberg,2015-12-29,0
94,2016-06-23,2016-06-26,32,xl,olive,3,24.9,17124,Mrs,1949-03-03,Schleswig-Holstein,2015-08-02,1
95,2016-06-23,2016-06-26,57,xl,olive,3,34.9,17124,Mrs,1949-03-03,Schleswig-Holstein,2015-08-02,0
96,2016-06-23,2016-06-26,57,xl,black,3,34.9,17124,Mrs,1949-03-03,Schleswig-Holstein,2015-08-02,1
97,2016-06-23,2016-06-26,292,8,grey,4,89.9,10900,Mrs,1959-08-22,Bavaria,2016-04-21,0
98,2016-06-23,2016-06-26,313,xxl,red,11,59.9,5415,Mrs,1959-01-03,Bavaria,2015-02-17,1
99,2016-06-23,2016-06-26,118,xxl,berry,6,49.9,5415,Mrs,1959-01-03,Bavaria,2015-02-17,0
100,2016-06-23,2016-06-26,144,xxl,pink,14,29.9,5415,Mrs,1959-01-03,Bavaria,2015-02-17,1
101,2016-06-23,2016-06-26,434,xxl,magenta,28,59.9,5415,Mrs,1959-01-03,Bavaria,2015-02-17,1
102,2016-06-23,2016-06-26,85,40,stained,40,79.9,5415,Mrs,1959-01-03,Bavaria,2015-02-17,1
103,2016-06-23,2016-06-26,122,40,grey,1,79.9,5415,Mrs,1959-01-03,Bavaria,2015-02-17,1
104,2016-06-23,2016-06-26,707,40,champagner,1,79.9,5415,Mrs,1959-01-03,Bavaria,2015-02-17,1
105,2016-06-23,2016-06-26,246,42,purple,40,79.9,25990,Mrs,1949-11-21,North Rhine-Westphalia,2015-02-17,0
106,2016-06-23,2016-06-26,85,42,stained,40,79.9,25990,Mrs,1949-11-21,North Rhine-Westphalia,2015-02-17,0
107,2016-06-23,,246,39,black,40,79.9,3397,Mrs,1957-03-26,Lower Saxony,2015-02-17,0
108,2016-06-23,,246,39,grey,40,79.9,3397,Mrs,1957-03-26,Lower Saxony,2015-02-17,0
109,2016-06-23,,246,40,black,40,79.9,3397,Mrs,1957-03-26,Lower Saxony,2015-02-17,0
110,2016-06-23,2016-06-27,166,36,black,6,69.9,30837,Mrs,1963-02-28,Bavaria,2016-06-24,1
111,2016-06-23,2016-06-27,166,38,white,6,69.9,30837,Mrs,1963-02-28,Bavaria,2016-06-24,1
112,2016-06-23,2016-06-27,166,38,black,6,69.9,30837,Mrs,1963-02-28,Bavaria,2016-06-24,1
113,2016-06-23,2016-06-27,93,s,brown,20,49.9,30837,Mrs,1963-02-28,Bavaria,2016-06-24,1
114,2016-06-23,2016-06-27,93,m,brown,20,49.9,30837,Mrs,1963-02-28,Bavaria,2016-06-24,1
115,2016-06-23,2016-06-27,173,s,brown,20,19.9,30837,Mrs,1963-02-28,Bavaria,2016-06-24,1
116,2016-06-23,2016-06-27,173,m,brown,20,19.9,30837,Mrs,1963-02-28,Bavaria,2016-06-24,1
117,2016-06-23,2016-06-27,126,6+,black,21,79.95,30837,Mrs,1963-02-28,Bavaria,2016-06-24,1
118,2016-06-23,2016-06-27,214,l,grey,49,59.9,30837,Mrs,1963-02-28,Bavaria,2016-06-24,1
119,2016-06-23,2016-06-27,68,l,white,3,19.9,30837,Mrs,1963-02-28,Bavaria,2016-06-24,1
120,2016-06-23,2016-06-26,896,xl,blue,33,9.9,28379,Mrs,1966-10-09,North Rhine-Westphalia,2015-02-17,0
121,2016-06-23,2016-06-26,896,xl,red,33,9.9,28379,Mrs,1966-10-09,North Rhine-Westphalia,2015-02-17,1
122,2016-06-23,2016-06-26,896,xl,grey,33,9.9,28379,Mrs,1966-10-09,North Rhine-Westphalia,2015-02-17,1
123,2016-06-23,2016-06-26,896,xl,grey,33,9.9,28379,Mrs,1966-10-09,North Rhine-Westphalia,2015-02-17,1
124,2016-06-23,2016-06-26,413,xl,black,14,59.9,28379,Mrs,1966-10-09,North Rhine-Westphalia,2015-02-17,1
125,2016-06-23,2016-06-26,895,40,blue,39,39.95,30840,Mrs,1966-09-15,North Rhine-Westphalia,2016-02-21,0
126,2016-06-23,2016-06-26,895,40,blue,39,39.95,30840,Mrs,1966-09-15,North Rhine-Westphalia,2016-02-21,0
127,2016-06-23,2016-06-27,87,l,green,5,79.9,26182,Mrs,1958-04-12,Saxony-Anhalt,2016-06-05,0
128,2016-06-23,2016-06-27,141,l,black,25,69.9,26182,Mrs,1958-04-12,Saxony-Anhalt,2016-06-05,0
129,2016-06-23,2016-06-27,156,44,black,34,29.9,26182,Mrs,1958-04-12,Saxony-Anhalt,2016-06-05,0
130,2016-06-23,2016-06-27,572,l,blue,66,49.95,26182,Mrs,1958-04-12,Saxony-Anhalt,2016-06-05,0
131,2016-06-23,2016-06-27,204,l,denim,5,59.9,26182,Mrs,1958-04-12,Saxony-Anhalt,2016-06-05,0
132,2016-06-23,2016-06-27,246,41,green,40,119.9,26182,Mrs,1958-04-12,Saxony-Anhalt,2016-06-05,0
133,2016-06-23,2016-06-26,895,38,blue,39,39.95,6520,Mrs,1963-02-02,Bavaria,2015-02-17,1
134,2016-06-23,,52,38,white,18,79.9,6520,Mrs,1963-02-02,Bavaria,2015-02-17,0
135,2016-06-23,2016-06-27,34,41,red,23,89.9,30491,Mrs,,Mecklenburg-Western Pomerania,2016-06-22,1
136,2016-06-23,2016-06-27,416,41,green,16,139.9,30491,Mrs,,Mecklenburg-Western Pomerania,2016-06-22,1
137,2016-06-23,2016-06-26,412,42,purple,11,49.9,29177,Mrs,1963-08-27,North Rhine-Westphalia,2015-02-17,1
138,2016-06-23,2016-06-26,47,l,blue,11,79.9,29177,Mrs,1963-08-27,North Rhine-Westphalia,2015-02-17,1
139,2016-06-23,2016-06-26,234,l,petrol,36,59.9,29177,Mrs,1963-08-27,North Rhine-Westphalia,2015-02-17,1
140,2016-06-23,2016-06-26,218,l,turquoise,42,69.9,29177,Mrs,1963-08-27,North Rhine-Westphalia,2015-02-17,0
141,2016-06-23,2016-06-26,210,l,black,2,39.9,29177,Mrs,1963-08-27,North Rhine-Westphalia,2015-02-17,1
142,2016-06-23,2016-06-27,377,40,petrol,57,59.9,30842,not reported,1957-09-10,Bavaria,2016-06-24,0
143,2016-06-23,2016-06-27,251,40,black,12,69.9,30842,not reported,1957-09-10,Bavaria,2016-06-24,0
144,2016-06-23,2016-06-26,100,39,blue,43,69.9,5551,Mrs,1979-07-10,Bremen,2016-05-02,1
145,2016-06-23,2016-06-26,100,40,blue,43,69.9,5551,Mrs,1979-07-10,Bremen,2016-05-02,1
146,2016-06-23,2016-06-26,473,m,olive,9,19.9,5551,Mrs,1979-07-10,Bremen,2016-05-02,1
147,2016-06-23,2016-06-26,100,38,red,43,69.9,26682,Mrs,1959-10-27,Schleswig-Holstein,2016-06-06,0
148,2016-06-23,,27,4+,magenta,19,39.9,23050,Mrs,1967-09-11,Schleswig-Holstein,2015-02-17,0
149,2016-06-23,2016-06-26,821,unsized,brown,60,49.9,18281,Mrs,1974-10-24,Rhineland-Palatinate,2016-05-11,0
150,2016-06-23,2016-06-26,258,l,blue,3,24.9,30843,Mrs,1960-07-13,Baden-Wuerttemberg,2015-02-17,1
151,2016-06-23,2016-06-26,258,l,white,3,24.9,30843,Mrs,1960-07-13,Baden-Wuerttemberg,2015-02-17,1
152,2016-06-23,2016-06-29,895,21,blue,39,39.95,1794,Mrs,1942-08-28,Bavaria,2015-03-04,0
153,2016-06-23,2016-06-26,182,41,black,17,109.9,970,Mrs,1966-03-05,North Rhine-Westphalia,2016-06-23,0
154,2016-06-23,2016-06-26,258,xl,white,3,29.9,30844,Mrs,1949-10-02,Bavaria,2015-03-18,1
155,2016-06-23,2016-06-26,68,xl,black,3,19.9,30844,Mrs,1949-10-02,Bavaria,2015-03-18,0
156,2016-06-23,2016-06-26,38,xl,blue,25,49.9,30844,Mrs,1949-10-02,Bavaria,2015-03-18,1
157,2016-06-23,2016-07-18,369,xl,berry,5,69.9,30844,Mrs,1949-10-02,Bavaria,2015-03-18,0
158,2016-06-23,2016-06-27,53,38,pink,30,19.9,30845,Mrs,,Baden-Wuerttemberg,2016-06-24,0
159,2016-06-23,2016-06-27,156,18,grey,34,29.9,30845,Mrs,,Baden-Wuerttemberg,2016-06-24,0
160,2016-06-23,2016-06-26,27,7,black,19,39.9,22533,Mrs,1950-08-24,Schleswig-Holstein,2015-08-08,0
161,2016-06-23,2016-06-26,27,7+,black,19,39.9,22533,Mrs,1950-08-24,Schleswig-Holstein,2015-08-08,1
162,2016-06-23,2016-06-26,242,xl,black,20,59.9,22533,Mrs,1950-08-24,Schleswig-Holstein,2015-08-08,1
163,2016-06-23,,27,6+,black,19,39.9,22533,Mrs,1950-08-24,Schleswig-Holstein,2015-08-08,0
164,2016-06-23,2016-06-26,27,8,black,19,39.9,30846,Mrs,1971-11-10,Schleswig-Holstein,2015-02-17,0
165,2016-06-23,2016-06-26,27,8,magenta,19,39.9,30846,Mrs,1971-11-10,Schleswig-Holstein,2015-02-17,0
166,2016-06-23,2016-06-26,27,8,ecru,19,39.9,30846,Mrs,1971-11-10,Schleswig-Holstein,2015-02-17,0
167,2016-06-23,2016-06-26,105,42,purple,45,69.9,30846,Mrs,1971-11-10,Schleswig-Holstein,2015-02-17,1
168,2016-06-23,2016-06-26,124,xxl,blue,46,19.9,30846,Mrs,1971-11-10,Schleswig-Holstein,2015-02-17,1
169,2016-06-23,2016-06-29,611,xxl,white,56,39.9,30846,Mrs,1971-11-10,Schleswig-Holstein,2015-02-17,1
170,2016-06-23,2016-06-26,110,37,ocher,1,89.9,5273,Mrs,1966-04-04,Hesse,2016-04-09,0
171,2016-06-23,2016-07-18,110,37,black,1,89.9,5273,Mrs,1966-04-04,Hesse,2016-04-09,0
172,2016-06-23,2016-06-28,141,l,black,25,69.9,30849,Mrs,1963-01-27,Lower Saxony,2015-02-25,0
173,2016-06-23,2016-06-28,32,xl,olive,3,21.9,30849,Mrs,1963-01-27,Lower Saxony,2015-02-25,1
174,2016-06-23,2016-06-28,32,l,green,3,21.9,30849,Mrs,1963-01-27,Lower Saxony,2015-02-25,1
175,2016-06-23,2016-06-28,233,l,beige,25,39.9,30849,Mrs,1963-01-27,Lower Saxony,2015-02-25,0
176,2016-06-23,2016-06-28,255,xl,olive,37,19.9,30849,Mrs,1963-01-27,Lower Saxony,2015-02-25,1
177,2016-06-23,,32,xl,ash,3,21.9,30849,Mrs,1963-01-27,Lower Saxony,2015-02-25,0
178,2016-06-23,2016-06-26,226,xxl,grey,3,34.9,19377,Mrs,1963-05-07,Bavaria,2015-02-17,1
179,2016-06-23,2016-06-26,226,xxl,magenta,3,34.9,19377,Mrs,1963-05-07,Bavaria,2015-02-17,0
180,2016-06-23,2016-06-26,226,xxl,olive,3,14.9,19377,Mrs,1963-05-07,Bavaria,2015-02-17,0
181,2016-06-23,2016-06-26,139,xl,purple,3,29.9,19377,Mrs,1963-05-07,Bavaria,2015-02-17,0
182,2016-06-23,2016-06-26,139,xl,red,3,29.9,19377,Mrs,1963-05-07,Bavaria,2015-02-17,0
183,2016-06-23,2016-06-26,139,xl,black,3,29.9,19377,Mrs,1963-05-07,Bavaria,2015-02-17,0
184,2016-06-23,2016-06-26,562,42,purple,72,39.9,30850,Mrs,1967-11-04,Saxony,2015-02-17,0
185,2016-06-23,2016-06-26,89,l,black,37,14.9,30850,Mrs,1967-11-04,Saxony,2015-02-17,0
186,2016-06-23,2016-06-26,332,l,blue,46,29.9,30850,Mrs,1967-11-04,Saxony,2015-02-17,0
187,2016-06-23,2016-06-26,282,l,grey,20,29.9,30850,Mrs,1967-11-04,Saxony,2015-02-17,0
188,2016-06-23,2016-06-26,28,l,berry,20,24.9,30850,Mrs,1967-11-04,Saxony,2015-02-17,0
189,2016-06-23,2016-07-02,660,20,nature,39,39.95,30850,Mrs,1967-11-04,Saxony,2015-02-17,0
190,2016-06-23,,896,l,grey,33,9.9,8398,Mrs,1958-04-21,Hesse,2016-02-29,0
191,2016-06-23,,896,l,grey,33,9.9,8398,Mrs,1958-04-21,Hesse,2016-02-29,0
192,2016-06-23,2016-07-02,896,l,blue,33,9.9,8398,Mrs,1958-04-21,Hesse,2016-02-29,1
193,2016-06-23,2016-06-26,2,l,black,2,19.9,8398,Mrs,1958-04-21,Hesse,2016-02-29,0
194,2016-06-23,2016-06-26,2,l,green,2,19.9,8398,Mrs,1958-04-21,Hesse,2016-02-29,1
195,2016-06-23,2016-06-26,346,l,red,5,49.9,8398,Mrs,1958-04-21,Hesse,2016-02-29,1
196,2016-06-23,2016-06-26,346,l,white,5,69.9,8398,Mrs,1958-04-21,Hesse,2016-02-29,1
197,2016-06-23,2016-06-26,346,l,black,5,69.9,8398,Mrs,1958-04-21,Hesse,2016-02-29,1
198,2016-06-23,2016-06-26,896,l,grey,33,9.9,8398,Mrs,1958-04-21,Hesse,2016-02-29,1
199,2016-06-23,2016-06-26,896,l,grey,33,9.9,8398,Mrs,1958-04-21,Hesse,2016-02-29,1
200,2016-06-23,2016-06-26,407,l,olive,74,39.9,12373,Mrs,1958-06-07,Lower Saxony,2015-02-26,0
201,2016-06-23,2016-06-26,324,38,ocher,44,80.0,12373,Mrs,1958-06-07,Lower Saxony,2015-02-26,1
202,2016-06-23,2016-06-26,155,l,aubergine,5,49.9,12373,Mrs,1958-06-07,Lower Saxony,2015-02-26,1
203,2016-06-23,2016-06-26,157,unsized,purple,32,0.0,12373,Mrs,1958-06-07,Lower Saxony,2015-02-26,0
204,2016-06-23,2016-07-02,611,l,white,56,39.9,12373,Mrs,1958-06-07,Lower Saxony,2015-02-26,1
205,2016-06-23,2016-06-28,423,l,beige,33,12.9,30851,Mrs,1962-04-05,North Rhine-Westphalia,2015-08-29,0
206,2016-06-23,2016-06-28,423,l,blue,33,12.9,30851,Mrs,1962-04-05,North Rhine-Westphalia,2015-08-29,0
207,2016-06-23,2016-06-29,895,18,ocher,39,39.95,19366,Mr,1973-01-26,Thuringia,2016-05-15,1
208,2016-06-23,2016-07-04,895,18,black,39,39.95,19366,Mr,1973-01-26,Thuringia,2016-05-15,0
209,2016-06-23,2016-06-26,895,38,white,39,39.95,8674,Mrs,1966-08-29,Lower Saxony,2015-09-25,0
210,2016-06-23,2016-06-26,895,36,white,39,39.95,8674,Mrs,1966-08-29,Lower Saxony,2015-09-25,1
211,2016-06-23,2016-06-26,354,39,brown,1,159.9,8674,Mrs,1966-08-29,Lower Saxony,2015-09-25,1
212,2016-06-23,2016-06-26,27,5+,brown,19,79.9,8674,Mrs,1966-08-29,Lower Saxony,2015-09-25,1
213,2016-06-23,2016-06-26,70,46,grey,34,29.9,30852,Mrs,1969-03-30,Saxony,2015-06-21,1
214,2016-06-23,2016-06-26,313,xl,brown,11,59.9,30852,Mrs,1969-03-30,Saxony,2015-06-21,1
215,2016-06-23,2016-06-26,234,xl,petrol,36,59.9,30852,Mrs,1969-03-30,Saxony,2015-06-21,1
216,2016-06-23,2016-06-26,155,xl,grey,5,49.9,30852,Mrs,1969-03-30,Saxony,2015-06-21,1
217,2016-06-23,2016-06-26,157,unsized,purple,32,0.0,30852,Mrs,1969-03-30,Saxony,2015-06-21,1
218,2016-06-23,2016-06-27,155,xl,denim,5,49.9,18671,Mrs,1955-11-05,North Rhine-Westphalia,2015-02-17,0
219,2016-06-23,2016-06-27,157,unsized,purple,32,0.0,18671,Mrs,1955-11-05,North Rhine-Westphalia,2015-02-17,0
220,2016-06-23,2016-06-29,628,l,black,5,49.9,18671,Mrs,1955-11-05,North Rhine-Westphalia,2015-02-17,0
221,2016-06-23,2016-06-26,100,42,blue,43,69.9,27506,Mrs,1953-04-27,Hamburg,2015-02-17,1
222,2016-06-23,2016-06-26,761,42,purple,1,99.9,27506,Mrs,1953-04-27,Hamburg,2015-02-17,1
223,2016-06-23,2016-06-26,71,6+,aquamarine,21,69.95,30853,Mrs,1961-04-23,Bavaria,2016-01-29,1
224,2016-06-23,2016-06-27,463,48,black,25,39.9,30854,Mrs,1970-07-31,North Rhine-Westphalia,2016-03-19,0
225,2016-06-23,2016-07-18,628,xl,ash,5,49.9,30854,Mrs,1970-07-31,North Rhine-Westphalia,2016-03-19,0
226,2016-06-23,2016-06-28,106,42,ocher,6,39.9,30855,Mrs,1964-03-24,North Rhine-Westphalia,2015-02-17,0
227,2016-06-23,2016-06-28,215,xl,black,28,59.9,30855,Mrs,1964-03-24,North Rhine-Westphalia,2015-02-17,0
228,2016-06-23,2016-06-28,403,44,pink,14,39.9,30855,Mrs,1964-03-24,North Rhine-Westphalia,2015-02-17,1
229,2016-06-23,2016-06-28,403,44,white,14,39.9,30855,Mrs,1964-03-24,North Rhine-Westphalia,2015-02-17,1
230,2016-06-23,2016-07-02,2,xxl,green,2,19.9,22891,Mrs,1937-10-12,Lower Saxony,2016-01-28,0
231,2016-06-23,2016-06-27,80,41,black,26,79.9,30856,Mrs,1968-06-30,Bavaria,2016-06-24,1
232,2016-06-23,2016-06-27,80,40,grey,26,79.9,30856,Mrs,1968-06-30,Bavaria,2016-06-24,0
233,2016-06-23,2016-06-27,278,41,blue,50,79.95,30856,Mrs,1968-06-30,Bavaria,2016-06-24,0
234,2016-06-23,2016-06-27,888,10,brown,12,109.9,30856,Mrs,1968-06-30,Bavaria,2016-06-24,0
235,2016-06-23,2016-06-27,262,40,black,12,69.9,30856,Mrs,1968-06-30,Bavaria,2016-06-24,1
236,2016-06-23,,81,39,blue,38,89.9,8097,Mrs,1967-09-09,Hesse,2016-02-25,0
237,2016-06-23,2016-06-26,173,l,brown,20,19.9,19017,Mrs,1960-12-22,North Rhine-Westphalia,2015-02-17,1
238,2016-06-23,2016-06-26,423,xl,beige,33,12.9,19017,Mrs,1960-12-22,North Rhine-Westphalia,2015-02-17,0
239,2016-06-23,2016-06-26,25,xxl,brown,5,79.9,1162,Mrs,1973-11-08,Schleswig-Holstein,2015-02-17,0
240,2016-06-23,2016-06-26,682,41,black,54,199.9,1162,Mrs,1973-11-08,Schleswig-Holstein,2015-02-17,1
241,2016-06-23,2016-07-18,25,xxl,grey,5,79.9,1162,Mrs,1973-11-08,Schleswig-Holstein,2015-02-17,0
242,2016-06-23,2016-06-26,67,m,blue,20,49.9,30280,Mrs,1966-01-08,North Rhine-Westphalia,2016-06-09,1
243,2016-06-23,2016-06-26,213,l,ash,3,39.9,30280,Mrs,1966-01-08,North Rhine-Westphalia,2016-06-09,1
244,2016-06-23,2016-06-26,213,m,ash,3,39.9,30280,Mrs,1966-01-08,North Rhine-Westphalia,2016-06-09,1
245,2016-06-23,2016-06-26,54,xxl,grey,30,19.9,30280,Mrs,1966-01-08,North Rhine-Westphalia,2016-06-09,0
246,2016-06-23,2016-07-02,54,xxl,khaki,30,19.9,30280,Mrs,1966-01-08,North Rhine-Westphalia,2016-06-09,0
247,2016-06-23,,68,l,purple,3,19.9,30280,Mrs,1966-01-08,North Rhine-Westphalia,2016-06-09,0
248,2016-06-23,2016-06-26,156,42,grey,34,29.9,30859,Mrs,1970-05-17,Brandenburg,2015-04-23,1
249,2016-06-23,2016-06-26,3,l,grey,3,19.9,30859,Mrs,1970-05-17,Brandenburg,2015-04-23,0
250,2016-06-23,2016-06-26,896,l,grey,33,9.9,30859,Mrs,1970-05-17,Brandenburg,2015-04-23,1
251,2016-06-23,2016-06-26,2,l,green,2,19.9,30859,Mrs,1970-05-17,Brandenburg,2015-04-23,0
252,2016-06-23,2016-07-02,296,7+,black,19,39.9,30859,Mrs,1970-05-17,Brandenburg,2015-04-23,0
253,2016-06-23,,27,7+,black,19,39.9,30859,Mrs,1970-05-17,Brandenburg,2015-04-23,0
254,2016-06-23,2016-06-26,296,6,black,19,39.9,30860,Mrs,1949-04-20,Brandenburg,2016-02-26,1
255,2016-06-23,2016-06-26,27,6,magenta,19,39.9,30860,Mrs,1949-04-20,Brandenburg,2016-02-26,1
256,2016-06-23,2016-06-26,224,41,red,58,19.9,30860,Mrs,1949-04-20,Brandenburg,2016-02-26,1
257,2016-06-23,2016-06-26,268,xxl,pink,2,29.9,30860,Mrs,1949-04-20,Brandenburg,2016-02-26,1
258,2016-06-23,2016-06-26,896,xl,red,33,9.9,1687,Mrs,,North Rhine-Westphalia,2016-04-03,0
259,2016-06-23,2016-06-26,896,xl,grey,33,9.9,1687,Mrs,,North Rhine-Westphalia,2016-04-03,0
260,2016-06-23,2016-06-26,113,42,blue,1,69.9,1687,Mrs,,North Rhine-Westphalia,2016-04-03,0
261,2016-06-23,2016-06-26,488,42,blue,47,119.9,1687,Mrs,,North Rhine-Westphalia,2016-04-03,1
262,2016-06-23,2016-07-02,896,xl,blue,33,9.9,1687,Mrs,,North Rhine-Westphalia,2016-04-03,0
263,2016-06-23,2016-06-26,100,38,brown,43,69.9,30861,Mrs,1970-05-09,Bavaria,2015-02-17,0
264,2016-06-23,2016-06-26,100,38,blue,43,69.9,30861,Mrs,1970-05-09,Bavaria,2015-02-17,0
265,2016-06-23,2016-06-26,100,38,red,43,69.9,30861,Mrs,1970-05-09,Bavaria,2015-02-17,0
266,2016-06-23,2016-06-26,660,19,nature,39,39.95,20141,Mrs,1962-01-17,North Rhine-Westphalia,2015-02-17,1
267,2016-06-23,2016-06-26,660,19,khaki,39,39.95,20141,Mrs,1962-01-17,North Rhine-Westphalia,2015-02-17,1
268,2016-06-23,2016-07-18,660,19,black,39,39.95,20141,Mrs,1962-01-17,North Rhine-Westphalia,2015-02-17,0
269,2016-06-23,2016-06-26,629,xxl,denim,25,49.9,30863,Mrs,1960-08-29,Baden-Wuerttemberg,2015-02-17,0
270,2016-06-23,2016-06-26,425,xxl,curry,46,24.9,30863,Mrs,1960-08-29,Baden-Wuerttemberg,2015-02-17,0
271,2016-06-23,2016-06-26,4,4,black,4,79.9,30864,Mrs,1965-07-15,Thuringia,2015-02-17,0
272,2016-06-23,,27,7,black,19,39.9,16594,Mrs,1952-08-15,Berlin,2015-02-17,0
273,2016-06-23,2016-06-26,895,40,white,39,39.95,20510,Mrs,1961-08-09,Lower Saxony,2015-02-21,0
274,2016-06-23,2016-06-29,895,48,black,39,39.95,20510,Mrs,1961-08-09,Lower Saxony,2015-02-21,1
275,2016-06-23,2016-06-29,895,48,ocher,39,39.95,20510,Mrs,1961-08-09,Lower Saxony,2015-02-21,1
276,2016-06-23,,895,48,white,39,39.95,20510,Mrs,1961-08-09,Lower Saxony,2015-02-21,0
277,2016-06-23,,895,48,darkblue,39,39.95,20510,Mrs,1961-08-09,Lower Saxony,2015-02-21,0
278,2016-06-23,,895,48,ocher,39,39.95,20510,Mrs,1961-08-09,Lower Saxony,2015-02-21,0
279,2016-06-23,2016-06-26,80,40,grey,26,79.9,22733,Mrs,1950-08-09,Rhineland-Palatinate,2015-02-17,0
280,2016-06-23,2016-06-26,40,unsized,pallid,27,4.95,22733,Mrs,1950-08-09,Rhineland-Palatinate,2015-02-17,0
281,2016-06-23,,26,39,petrol,18,89.9,30866,Mrs,1958-12-27,Bavaria,2015-02-17,0
282,2016-06-23,2016-06-26,896,l,grey,33,9.9,30867,Mrs,1968-06-05,North Rhine-Westphalia,2016-01-31,0
283,2016-06-23,2016-06-26,222,l,denim,3,19.9,30867,Mrs,1968-06-05,North Rhine-Westphalia,2016-01-31,0
284,2016-06-23,2016-06-26,135,l,khaki,33,14.9,30867,Mrs,1968-06-05,North Rhine-Westphalia,2016-01-31,0
285,2016-06-23,2016-06-26,828,m,black,75,189.9,30867,Mrs,1968-06-05,North Rhine-Westphalia,2016-01-31,0
286,2016-06-23,,896,l,red,33,9.9,30867,Mrs,1968-06-05,North Rhine-Westphalia,2016-01-31,0
287,2016-06-23,1994-12-31,4,7,grey,4,79.9,14779,Mrs,1964-10-16,Thuringia,2016-02-06,0
288,2016-06-23,1994-12-31,4,7+,grey,4,79.9,14779,Mrs,1964-10-16,Thuringia,2016-02-06,0
289,2016-06-23,1994-12-31,269,l,brown,42,59.9,14779,Mrs,1964-10-16,Thuringia,2016-02-06,0
290,2016-06-23,,27,6,ecru,19,39.9,14779,Mrs,1964-10-16,Thuringia,2016-02-06,0
291,2016-06-23,2016-06-26,148,42,nature,52,99.9,1867,Mrs,1965-04-08,Bremen,2015-02-17,1
292,2016-06-23,2016-06-26,291,42,stained,45,89.9,1867,Mrs,1965-04-08,Bremen,2015-02-17,1
293,2016-06-23,2016-06-26,100,42,blue,43,69.9,1867,Mrs,1965-04-08,Bremen,2015-02-17,1
294,2016-06-23,2016-06-26,218,m,turquoise,42,69.9,1867,Mrs,1965-04-08,Bremen,2015-02-17,1
295,2016-06-23,2016-06-26,234,m,petrol,36,59.9,1867,Mrs,1965-04-08,Bremen,2015-02-17,1
296,2016-06-23,2016-06-28,184,l,red,36,59.9,1867,Mrs,1965-04-08,Bremen,2015-02-17,1
297,2016-06-23,2016-06-29,184,m,red,36,59.9,1867,Mrs,1965-04-08,Bremen,2015-02-17,1
298,2016-06-23,2016-06-26,85,39,stained,40,79.9,30868,Mrs,1948-01-08,North Rhine-Westphalia,2015-02-17,1
299,2016-06-23,2016-06-26,32,l,ash,3,21.9,8283,Family,1970-02-07,Schleswig-Holstein,2015-02-17,0
300,2016-06-23,2016-06-26,32,l,grey,3,21.9,8283,Family,1970-02-07,Schleswig-Holstein,2015-02-17,0
301,2016-06-23,2016-06-26,32,l,white,3,21.9,8283,Family,1970-02-07,Schleswig-Holstein,2015-02-17,0
302,2016-06-23,2016-06-26,206,38,blue,45,89.9,11464,Mrs,1963-04-19,Bavaria,2015-02-17,1
303,2016-06-23,2016-06-26,182,39,green,17,79.9,11464,Mrs,1963-04-19,Bavaria,2015-02-17,1
304,2016-06-23,2016-06-26,269,m,brown,42,59.9,30869,Mrs,1974-01-27,Schleswig-Holstein,2015-08-11,1
305,2016-06-23,,298,l,petrol,36,69.9,30869,Mrs,1974-01-27,Schleswig-Holstein,2015-08-11,0
306,2016-06-23,2016-06-27,143,m,orange,5,59.9,30870,Mrs,1958-11-20,Thuringia,2016-06-24,0
307,2016-06-23,,68,m,purple,3,19.9,30870,Mrs,1958-11-20,Thuringia,2016-06-24,0
308,2016-06-23,,68,m,white,3,19.9,30870,Mrs,1958-11-20,Thuringia,2016-06-24,0
309,2016-06-23,2016-06-26,586,xl,bordeaux,2,39.9,30871,Mrs,1947-11-17,Schleswig-Holstein,2016-06-24,1
310,2016-06-23,2016-06-26,184,xxl,red,36,59.9,30871,Mrs,1947-11-17,Schleswig-Holstein,2016-06-24,1
311,2016-06-23,2016-06-26,329,m,grey,56,39.9,30871,Mrs,1947-11-17,Schleswig-Holstein,2016-06-24,1
312,2016-06-23,2016-07-18,660,46,khaki,39,39.95,30871,Mrs,1947-11-17,Schleswig-Holstein,2016-06-24,0
313,2016-06-23,2016-07-18,660,44,khaki,39,39.95,30871,Mrs,1947-11-17,Schleswig-Holstein,2016-06-24,1
314,2016-06-23,2016-06-27,95,40,denim,25,59.9,30872,Mr,,North Rhine-Westphalia,2016-06-24,1
315,2016-06-23,2016-06-27,95,38,denim,25,59.9,30872,Mr,,North Rhine-Westphalia,2016-06-24,1
316,2016-06-23,2016-06-27,339,s,denim,25,79.9,30872,Mr,,North Rhine-Westphalia,2016-06-24,1
317,2016-06-23,2016-06-27,339,m,denim,25,79.9,30872,Mr,,North Rhine-Westphalia,2016-06-24,1
318,2016-06-23,2016-06-27,468,s,denim,25,69.9,30872,Mr,,North Rhine-Westphalia,2016-06-24,1
319,2016-06-23,2016-06-27,468,m,denim,25,69.9,30872,Mr,,North Rhine-Westphalia,2016-06-24,1
320,2016-06-23,2016-06-26,557,42,black,1,129.9,9876,Mrs,1960-08-10,Lower Saxony,2015-02-17,0
321,2016-06-23,2016-07-02,27,8,magenta,19,39.9,22499,Mrs,1974-11-16,Saxony,2016-05-24,0
322,2016-06-23,2016-06-26,984,l,grey,74,24.9,30873,Mrs,1960-12-26,Baden-Wuerttemberg,2015-03-10,1
323,2016-06-23,2016-06-26,523,l,magenta,3,7.9,30873,Mrs,1960-12-26,Baden-Wuerttemberg,2015-03-10,1
324,2016-06-23,2016-06-26,523,xl,grey,3,7.9,30873,Mrs,1960-12-26,Baden-Wuerttemberg,2015-03-10,1
325,2016-06-23,2016-06-26,279,l,grey,3,14.9,30873,Mrs,1960-12-26,Baden-Wuerttemberg,2015-03-10,1
326,2016-06-23,2016-06-26,279,m,magenta,3,14.9,30873,Mrs,1960-12-26,Baden-Wuerttemberg,2015-03-10,1
327,2016-06-23,2016-06-26,279,m,grey,3,14.9,30873,Mrs,1960-12-26,Baden-Wuerttemberg,2015-03-10,1
328,2016-06-23,2016-06-26,138,l,grey,46,19.9,30873,Mrs,1960-12-26,Baden-Wuerttemberg,2015-03-10,1
329,2016-06-23,2016-06-26,331,unsized,green,32,9.9,30873,Mrs,1960-12-26,Baden-Wuerttemberg,2015-03-10,1
330,2016-06-23,2016-06-26,157,unsized,purple,32,9.9,30873,Mrs,1960-12-26,Baden-Wuerttemberg,2015-03-10,0
331,2016-06-23,2016-06-26,322,5,grey,4,49.95,30875,Mrs,1967-02-27,Schleswig-Holstein,2015-12-07,1
332,2016-06-23,2016-07-18,2,xxl,green,2,19.9,5108,Mrs,1952-04-26,North Rhine-Westphalia,2015-02-17,1
333,2016-06-23,2016-06-26,173,xl,brown,20,19.9,30876,Mrs,1958-02-18,Lower Saxony,2015-02-27,1
334,2016-06-23,2016-06-26,346,xl,white,5,69.9,22845,Mrs,1964-08-17,North Rhine-Westphalia,2015-04-09,0
335,2016-06-23,2016-06-26,346,xl,green,5,69.9,22845,Mrs,1964-08-17,North Rhine-Westphalia,2015-04-09,0
336,2016-06-23,2016-06-26,27,9,magenta,19,39.9,22845,Mrs,1964-08-17,North Rhine-Westphalia,2015-04-09,0
337,2016-06-23,2016-06-26,867,48,stained,11,59.9,22845,Mrs,1964-08-17,North Rhine-Westphalia,2015-04-09,0
338,2016-06-23,2016-06-27,1331,42,black,78,99.9,12388,Mrs,1962-01-16,North Rhine-Westphalia,2015-11-01,1
339,2016-06-23,2016-06-27,628,l,brown,5,49.9,12388,Mrs,1962-01-16,North Rhine-Westphalia,2015-11-01,1
340,2016-06-23,2016-06-27,412,42,purple,11,49.9,12388,Mrs,1962-01-16,North Rhine-Westphalia,2015-11-01,1
341,2016-06-23,2016-06-27,364,42,black,5,69.9,12388,Mrs,1962-01-16,North Rhine-Westphalia,2015-11-01,1
342,2016-06-23,2016-06-27,364,42,ocher,5,69.9,12388,Mrs,1962-01-16,North Rhine-Westphalia,2015-11-01,1
343,2016-06-23,2016-06-27,155,l,ash,5,49.9,12388,Mrs,1962-01-16,North Rhine-Westphalia,2015-11-01,0
344,2016-06-23,2016-06-27,155,l,black,5,49.9,12388,Mrs,1962-01-16,North Rhine-Westphalia,2015-11-01,0
345,2016-06-23,2016-06-27,697,42,purple,78,24.9,12388,Mrs,1962-01-16,North Rhine-Westphalia,2015-11-01,1
346,2016-06-23,2016-06-27,472,l,white,14,39.9,12388,Mrs,1962-01-16,North Rhine-Westphalia,2015-11-01,1
347,2016-06-23,2016-06-27,472,l,grey,14,39.9,12388,Mrs,1962-01-16,North Rhine-Westphalia,2015-11-01,1
348,2016-06-23,2016-06-27,571,l,grey,14,49.9,12388,Mrs,1962-01-16,North Rhine-Westphalia,2015-11-01,0
349,2016-06-23,2016-06-27,1379,l,anthracite,42,99.9,12388,Mrs,1962-01-16,North Rhine-Westphalia,2015-11-01,0
350,2016-06-23,2016-06-27,1237,43,black,1,179.9,12388,Mrs,1962-01-16,North Rhine-Westphalia,2015-11-01,1
351,2016-06-23,2016-06-27,608,39,green,15,34.95,12388,Mrs,1962-01-16,North Rhine-Westphalia,2015-11-01,1
352,2016-06-23,2016-06-27,157,unsized,purple,32,0.0,12388,Mrs,1962-01-16,North Rhine-Westphalia,2015-11-01,0
353,2016-06-23,2016-06-27,157,unsized,purple,32,0.0,12388,Mrs,1962-01-16,North Rhine-Westphalia,2015-11-01,0
354,2016-06-23,2016-06-27,157,unsized,purple,32,0.0,12388,Mrs,1962-01-16,North Rhine-Westphalia,2015-11-01,0
355,2016-06-23,2016-07-18,155,l,berry,5,49.9,12388,Mrs,1962-01-16,North Rhine-Westphalia,2015-11-01,1
356,2016-06-23,2016-06-27,212,l,grey,5,39.9,30878,Mrs,1970-11-11,North Rhine-Westphalia,2016-02-23,1
357,2016-06-23,2016-06-27,786,38,black,55,139.9,30878,Mrs,1970-11-11,North Rhine-Westphalia,2016-02-23,1
358,2016-06-23,2016-06-27,430,38,red,38,129.9,30878,Mrs,1970-11-11,North Rhine-Westphalia,2016-02-23,0
359,2016-06-23,2016-07-02,65,38,blue,17,79.9,30878,Mrs,1970-11-11,North Rhine-Westphalia,2016-02-23,1
360,2016-06-23,2016-06-27,343,l,olive,37,24.9,25486,Mrs,1967-03-04,Berlin,2015-02-17,0
361,2016-06-23,2016-06-27,270,xl,red,49,49.9,25486,Mrs,1967-03-04,Berlin,2015-02-17,0
362,2016-06-23,2016-06-27,88,unsized,olive,41,14.9,25486,Mrs,1967-03-04,Berlin,2015-02-17,0
363,2016-06-23,2016-06-26,612,xl,turquoise,20,49.9,30879,Mrs,1941-06-25,Schleswig-Holstein,2016-03-29,0
364,2016-06-23,2016-06-26,246,40,ocher,40,79.9,30321,Mrs,1900-11-21,Mecklenburg-Western Pomerania,2015-06-26,0
365,2016-06-23,2016-06-26,200,6,brown,12,69.9,30321,Mrs,1900-11-21,Mecklenburg-Western Pomerania,2015-06-26,0
366,2016-06-23,2016-06-26,465,xl,denim,49,39.9,30321,Mrs,1900-11-21,Mecklenburg-Western Pomerania,2015-06-26,1
367,2016-06-23,2016-06-26,100,38,petrol,43,69.9,2556,Mrs,1954-09-14,Rhineland-Palatinate,2015-10-04,0
368,2016-06-23,2016-06-26,32,l,ash,3,21.9,1981,Mrs,1943-12-07,Bavaria,2016-04-03,0
369,2016-06-23,,32,l,black,3,21.9,1981,Mrs,1943-12-07,Bavaria,2016-04-03,0
370,2016-06-23,2016-06-26,118,xl,berry,6,49.9,30880,Mrs,1974-03-31,Baden-Wuerttemberg,2015-05-08,1
371,2016-06-23,2016-06-26,808,44,denim,25,39.9,30880,Mrs,1974-03-31,Baden-Wuerttemberg,2015-05-08,1
372,2016-06-23,2016-06-26,423,xl,blue,33,12.9,21079,Mrs,1952-05-13,North Rhine-Westphalia,2016-02-26,1
373,2016-06-23,2016-06-26,423,xl,red,33,12.9,21079,Mrs,1952-05-13,North Rhine-Westphalia,2016-02-26,1
374,2016-06-23,2016-06-26,63,xl,red,33,9.9,21079,Mrs,1952-05-13,North Rhine-Westphalia,2016-02-26,1
375,2016-06-23,2016-07-04,63,l,blue,33,9.9,21079,Mrs,1952-05-13,North Rhine-Westphalia,2016-02-26,1
376,2016-06-23,2016-06-27,8,38,stained,8,12.9,30883,Mrs,1962-04-09,Hesse,2016-06-24,0
377,2016-06-23,2016-06-27,91,s,red,3,49.9,30883,Mrs,1962-04-09,Hesse,2016-06-24,0
378,2016-06-23,2016-06-26,2,l,green,2,19.9,30884,Mrs,1965-08-11,Brandenburg,2015-02-17,0
379,2016-06-23,2016-06-26,213,l,ash,3,39.9,30884,Mrs,1965-08-11,Brandenburg,2015-02-17,0
380,2016-06-23,2016-06-26,100,39,red,43,69.9,30884,Mrs,1965-08-11,Brandenburg,2015-02-17,1
381,2016-06-23,2016-06-26,100,39,brown,43,69.9,30884,Mrs,1965-08-11,Brandenburg,2015-02-17,1
382,2016-06-23,,896,l,red,33,9.9,30884,Mrs,1965-08-11,Brandenburg,2015-02-17,0
383,2016-06-23,2016-06-26,100,40,brown,43,69.9,22288,Mrs,1979-08-23,Lower Saxony,2015-04-10,1
384,2016-06-23,2016-06-26,328,l,red,37,29.9,3211,Mrs,1982-12-07,Baden-Wuerttemberg,2016-02-03,0
385,2016-06-23,2016-06-26,328,l,blue,37,29.9,3211,Mrs,1982-12-07,Baden-Wuerttemberg,2016-02-03,0
386,2016-06-23,2016-06-26,100,39,brown,43,69.9,3211,Mrs,1982-12-07,Baden-Wuerttemberg,2016-02-03,1
387,2016-06-23,2016-06-26,93,xl,brown,20,49.9,1559,Mrs,1967-08-04,Rhineland-Palatinate,2015-08-10,0
388,2016-06-23,2016-06-26,343,xl,olive,37,24.9,1559,Mrs,1967-08-04,Rhineland-Palatinate,2015-08-10,1
389,2016-06-23,2016-07-18,343,xl,black,37,24.9,1559,Mrs,1967-08-04,Rhineland-Palatinate,2015-08-10,1
390,2016-06-23,,438,38,black,27,13.95,1559,Mrs,1967-08-04,Rhineland-Palatinate,2015-08-10,0
391,2016-06-23,2016-06-28,173,xl,brown,20,19.9,30886,Mrs,1964-09-18,Saxony-Anhalt,2015-02-17,0
392,2016-06-23,2016-06-26,423,xl,red,33,12.9,2405,Mrs,1955-03-29,North Rhine-Westphalia,2016-05-16,0
393,2016-06-23,2016-06-26,523,xl,magenta,3,12.9,2405,Mrs,1955-03-29,North Rhine-Westphalia,2016-05-16,0
394,2016-06-23,2016-06-26,95,42,blue,25,59.9,2405,Mrs,1955-03-29,North Rhine-Westphalia,2016-05-16,1
395,2016-06-23,2016-06-26,95,42,black,25,59.9,2405,Mrs,1955-03-29,North Rhine-Westphalia,2016-05-16,0
396,2016-06-23,2016-06-26,172,40,purple,40,89.9,30887,Mrs,,Schleswig-Holstein,2016-03-25,0
397,2016-06-23,2016-06-26,71,7,curry,21,69.95,23329,Mrs,1968-02-02,Saxony,2016-05-27,1
398,2016-06-23,2016-06-26,217,xl,black,29,59.9,23329,Mrs,1968-02-02,Saxony,2016-05-27,1
399,2016-06-23,2016-06-26,217,l,blue,29,59.9,23329,Mrs,1968-02-02,Saxony,2016-05-27,0
400,2016-06-23,2016-06-26,296,7,ecru,19,39.9,10595,Mrs,1948-11-14,Rhineland-Palatinate,2015-02-17,1
401,2016-06-23,,296,7,black,19,39.9,10595,Mrs,1948-11-14,Rhineland-Palatinate,2015-02-17,0
402,2016-06-23,2016-06-26,313,xl,blue,11,59.9,25863,Mrs,1956-02-11,Rhineland-Palatinate,2016-02-27,1
403,2016-06-23,2016-06-26,425,xl,blue,46,24.9,25863,Mrs,1956-02-11,Rhineland-Palatinate,2016-02-27,0
404,2016-06-23,2016-06-26,138,xl,blue,46,19.9,25863,Mrs,1956-02-11,Rhineland-Palatinate,2016-02-27,0
405,2016-06-23,2016-06-26,66,unsized,beige,32,9.9,19757,Mrs,,Hamburg,2016-05-20,0
406,2016-06-23,2016-06-26,92,xl,turquoise,42,69.9,30888,Mrs,1972-02-27,Bavaria,2016-01-26,1
407,2016-06-23,2016-06-26,719,48,anthracite,9,129.9,30888,Mrs,1972-02-27,Bavaria,2016-01-26,0
408,2016-06-23,2016-06-26,533,l,ocher,74,29.9,30769,Mrs,1958-08-11,North Rhine-Westphalia,2015-02-17,1
409,2016-06-23,2016-06-26,897,xl,grey,33,9.9,30769,Mrs,1958-08-11,North Rhine-Westphalia,2015-02-17,1
410,2016-06-23,2016-06-26,897,xl,white,33,9.9,30769,Mrs,1958-08-11,North Rhine-Westphalia,2015-02-17,1
411,2016-06-23,2016-06-26,156,38,brown,34,29.9,30769,Mrs,1958-08-11,North Rhine-Westphalia,2015-02-17,1
412,2016-06-23,2016-06-26,533,m,ocher,74,29.9,30769,Mrs,1958-08-11,North Rhine-Westphalia,2015-02-17,1
413,2016-06-23,2016-06-26,358,m,grey,74,39.9,30769,Mrs,1958-08-11,North Rhine-Westphalia,2015-02-17,0
414,2016-06-23,2016-06-26,797,36,brown,6,69.9,30769,Mrs,1958-08-11,North Rhine-Westphalia,2015-02-17,1
415,2016-06-23,2016-06-29,358,l,grey,74,39.9,30769,Mrs,1958-08-11,North Rhine-Westphalia,2015-02-17,1
416,2016-06-23,2016-06-26,81,40,brown,38,89.9,11289,Mrs,1971-10-29,Bavaria,2016-02-06,0
417,2016-06-23,2016-06-26,90,40,blue,24,59.9,11289,Mrs,1971-10-29,Bavaria,2016-02-06,0
418,2016-06-23,2016-06-26,52,40,white,18,79.9,11289,Mrs,1971-10-29,Bavaria,2016-02-06,1
419,2016-06-23,2016-06-27,255,xxl,olive,37,19.9,30889,Mrs,1971-12-10,Baden-Wuerttemberg,2015-03-03,1
420,2016-06-23,2016-06-27,215,xxl,orange,28,59.9,30889,Mrs,1971-12-10,Baden-Wuerttemberg,2015-03-03,1
421,2016-06-23,2016-06-27,215,xl,black,28,59.9,30889,Mrs,1971-12-10,Baden-Wuerttemberg,2015-03-03,1
422,2016-06-23,2016-06-27,215,xxl,black,28,59.9,30889,Mrs,1971-12-10,Baden-Wuerttemberg,2015-03-03,0
423,2016-06-23,2016-06-27,184,xxl,red,36,59.9,30889,Mrs,1971-12-10,Baden-Wuerttemberg,2015-03-03,1
424,2016-06-23,2016-06-27,563,46,red,11,39.9,30889,Mrs,1971-12-10,Baden-Wuerttemberg,2015-03-03,1
425,2016-06-23,2016-06-27,506,48,ocher,11,39.9,30889,Mrs,1971-12-10,Baden-Wuerttemberg,2015-03-03,1
426,2016-06-23,2016-06-26,517,37,black,1,79.9,30890,Mrs,1957-07-04,North Rhine-Westphalia,2016-01-28,1
427,2016-06-23,2016-06-26,242,l,black,20,59.9,16614,Mrs,1959-06-04,North Rhine-Westphalia,2015-02-17,0
428,2016-06-23,2016-06-26,102,41,ocher,44,60.0,12155,Mrs,1965-04-26,Schleswig-Holstein,2015-03-26,1
429,2016-06-23,2016-06-27,405,41,green,18,79.9,30892,Mrs,1966-05-10,Bavaria,2016-06-24,1
430,2016-06-23,2016-06-27,15,41,ocher,1,129.9,30892,Mrs,1966-05-10,Bavaria,2016-06-24,1
431,2016-06-23,2016-06-27,479,40,brown,17,129.9,30892,Mrs,1966-05-10,Bavaria,2016-06-24,1
432,2016-06-23,2016-06-27,255,l,red,37,19.9,29670,Mrs,,North Rhine-Westphalia,2016-06-19,1
433,2016-06-23,2016-06-27,434,l,green,28,59.9,29670,Mrs,,North Rhine-Westphalia,2016-06-19,1
434,2016-06-23,2016-06-27,98,l,green,28,89.9,29670,Mrs,,North Rhine-Westphalia,2016-06-19,1
435,2016-06-23,2016-06-27,57,l,petrol,3,34.9,29670,Mrs,,North Rhine-Westphalia,2016-06-19,0
436,2016-06-23,2016-06-27,57,l,brown,3,19.9,29670,Mrs,,North Rhine-Westphalia,2016-06-19,0
437,2016-06-23,2016-06-27,61,l,denim,28,59.9,29670,Mrs,,North Rhine-Westphalia,2016-06-19,0
438,2016-06-23,,370,l,black,31,49.9,29670,Mrs,,North Rhine-Westphalia,2016-06-19,0
439,2016-06-23,2016-06-26,394,38,black,44,90.0,16777,Mrs,1967-07-31,Hesse,2015-08-15,0
440,2016-06-23,2016-06-26,291,38,stained,45,89.9,30893,Mrs,1973-12-10,North Rhine-Westphalia,2015-02-17,1
441,2016-06-23,2016-06-26,1083,35,bordeaux,51,69.9,30893,Mrs,1973-12-10,North Rhine-Westphalia,2015-02-17,0
442,2016-06-23,2016-06-26,1083,31,bordeaux,51,69.9,30893,Mrs,1973-12-10,North Rhine-Westphalia,2015-02-17,1
443,2016-06-23,2016-06-26,155,l,denim,5,49.9,30894,Mrs,1945-04-15,North Rhine-Westphalia,2015-11-07,0
444,2016-06-23,2016-06-26,157,unsized,purple,32,0.0,30894,Mrs,1945-04-15,North Rhine-Westphalia,2015-11-07,0
445,2016-06-23,2016-06-26,92,xl,turquoise,42,69.9,21433,Mrs,1965-06-05,Bavaria,2015-04-18,0
446,2016-06-23,2016-06-26,425,xl,grey,46,24.9,21433,Mrs,1965-06-05,Bavaria,2015-04-18,0
447,2016-06-23,2016-06-26,463,46,black,25,39.9,21433,Mrs,1965-06-05,Bavaria,2015-04-18,1
448,2016-06-23,2016-06-26,302,46,beige,11,29.9,30896,Mrs,1981-07-13,Saxony-Anhalt,2015-05-19,0
449,2016-06-23,2016-06-26,213,xl,ash,3,39.9,30897,Mrs,1964-02-01,Hesse,2015-12-17,0
450,2016-06-23,2016-06-26,81,40,black,38,89.9,5220,Mrs,1959-10-02,Lower Saxony,2016-04-24,0
451,2016-06-23,2016-06-26,423,l,red,33,12.9,22069,Mrs,1900-11-21,Lower Saxony,2015-10-02,1
452,2016-06-23,2016-06-26,448,44,blue,72,59.9,22069,Mrs,1900-11-21,Lower Saxony,2015-10-02,0
453,2016-06-23,2016-06-26,448,42,blue,72,59.9,22069,Mrs,1900-11-21,Lower Saxony,2015-10-02,1
454,2016-06-23,2016-06-26,896,l,grey,33,9.9,22069,Mrs,1900-11-21,Lower Saxony,2015-10-02,0
455,2016-06-23,2016-06-26,53,44,denim,30,19.9,22069,Mrs,1900-11-21,Lower Saxony,2015-10-02,0
456,2016-06-23,2016-06-26,173,l,brown,20,19.9,22069,Mrs,1900-11-21,Lower Saxony,2015-10-02,1
457,2016-06-23,2016-06-26,173,xl,brown,20,19.9,22069,Mrs,1900-11-21,Lower Saxony,2015-10-02,0
458,2016-06-23,2016-06-28,142,xl,red,49,59.9,22069,Mrs,1900-11-21,Lower Saxony,2015-10-02,1
459,2016-06-23,2016-06-26,242,l,black,20,59.9,30898,Mrs,1957-09-02,Bavaria,2015-03-11,1
460,2016-06-23,2016-06-26,173,l,brown,20,19.9,30898,Mrs,1957-09-02,Bavaria,2015-03-11,0
461,2016-06-23,2016-06-26,82,xxl,mocca,5,69.9,27887,Mrs,1970-09-04,Brandenburg,2015-02-17,0
462,2016-06-23,2016-06-27,403,40,black,14,39.9,30899,Mrs,1949-11-21,Saxony,2015-12-19,1
463,2016-06-23,2016-06-27,403,38,azure,14,39.9,30899,Mrs,1949-11-21,Saxony,2015-12-19,1
464,2016-06-23,2016-06-27,523,m,magenta,3,12.9,30899,Mrs,1949-11-21,Saxony,2015-12-19,0
465,2016-06-23,2016-06-27,897,m,red,33,9.9,30899,Mrs,1949-11-21,Saxony,2015-12-19,0
466,2016-06-23,2016-06-27,897,m,grey,33,9.9,30899,Mrs,1949-11-21,Saxony,2015-12-19,0
467,2016-06-23,2016-06-27,47,l,blue,11,79.9,30899,Mrs,1949-11-21,Saxony,2015-12-19,0
468,2016-06-23,2016-06-27,204,m,pink,5,59.9,30899,Mrs,1949-11-21,Saxony,2015-12-19,0
469,2016-06-23,2016-06-26,32,l,red,3,21.9,3363,Mrs,1974-02-14,Bavaria,2016-04-07,1
470,2016-06-23,2016-06-26,137,39,brown,38,109.9,3363,Mrs,1974-02-14,Bavaria,2016-04-07,0
471,2016-06-23,,32,l,black,3,21.9,3363,Mrs,1974-02-14,Bavaria,2016-04-07,0
472,2016-06-23,2016-06-26,199,43,black,4,69.95,30900,Mrs,1973-09-12,North Rhine-Westphalia,2015-05-11,1
473,2016-06-23,2016-06-26,337,152,pink,30,19.95,30900,Mrs,1973-09-12,North Rhine-Westphalia,2015-05-11,0
474,2016-06-23,2016-06-26,101,43,anthracite,17,89.9,30900,Mrs,1973-09-12,North Rhine-Westphalia,2015-05-11,0
475,2016-06-23,2016-06-26,101,38,anthracite,17,89.9,30903,Mrs,1967-02-02,Rhineland-Palatinate,2016-01-12,0
476,2016-06-23,2016-06-26,652,38,black,1,89.9,30903,Mrs,1967-02-02,Rhineland-Palatinate,2016-01-12,1
477,2016-06-23,,219,38,purple,38,69.9,30903,Mrs,1967-02-02,Rhineland-Palatinate,2016-01-12,0
478,2016-06-23,2016-06-26,22,m,green,14,29.9,14344,Mrs,1962-06-28,North Rhine-Westphalia,2015-08-01,1
479,2016-06-23,2016-06-26,22,l,red,14,29.9,14344,Mrs,1962-06-28,North Rhine-Westphalia,2015-08-01,0
480,2016-06-23,2016-06-26,22,l,black,14,39.9,14344,Mrs,1962-06-28,North Rhine-Westphalia,2015-08-01,0
481,2016-06-23,2016-06-26,154,l,grey,33,14.9,14344,Mrs,1962-06-28,North Rhine-Westphalia,2015-08-01,0
482,2016-06-23,2016-06-26,53,42,navy,30,19.9,30904,Mrs,1974-03-03,Hesse,2015-02-17,0
483,2016-06-23,2016-06-26,262,38,mocca,12,69.9,30904,Mrs,1974-03-03,Hesse,2015-02-17,0
484,2016-06-23,2016-06-26,262,39,mocca,12,69.9,30904,Mrs,1974-03-03,Hesse,2015-02-17,1
485,2016-06-23,2016-06-26,851,38,blue,45,89.9,30905,Mr,1968-03-25,North Rhine-Westphalia,2015-02-17,0
486,2016-06-23,2016-06-27,533,xl,ocher,74,29.9,30906,Mrs,,Hesse,2016-06-24,1
487,2016-06-23,2016-06-27,313,xl,orange,11,59.9,30906,Mrs,,Hesse,2016-06-24,1
488,2016-06-23,2016-06-27,67,xl,blue,20,49.9,30906,Mrs,,Hesse,2016-06-24,1
489,2016-06-23,2016-06-27,2,l,green,2,19.9,30906,Mrs,,Hesse,2016-06-24,1
490,2016-06-23,2016-06-26,715,38,purple,11,39.9,30907,Mrs,1966-03-30,Lower Saxony,2015-02-17,0
491,2016-06-23,2016-06-26,378,l,mocca,5,59.9,30907,Mrs,1966-03-30,Lower Saxony,2015-02-17,0
492,2016-06-23,2016-06-26,306,l,orange,28,79.9,30907,Mrs,1966-03-30,Lower Saxony,2015-02-17,0
493,2016-06-23,2016-06-28,468,xl,denim,25,69.9,30908,Mrs,1962-09-17,Bremen,2016-06-24,0
494,2016-06-23,2016-06-28,57,xl,green,3,39.9,30908,Mrs,1962-09-17,Bremen,2016-06-24,0
495,2016-06-23,2016-06-27,262,40,mocca,12,69.9,30909,Mrs,,Mecklenburg-Western Pomerania,2016-06-24,1
496,2016-06-23,,271,s,magenta,5,59.9,29460,Mrs,1971-12-28,Berlin,2015-05-05,0
497,2016-06-23,2016-06-26,236,38+,blue,1,139.9,9742,Mrs,1958-01-19,North Rhine-Westphalia,2015-02-17,0
498,2016-06-23,2016-06-27,709,39,grey,17,119.9,30911,Mrs,1970-08-10,Bavaria,2016-06-24,1
499,2016-06-23,2016-06-27,709,40,grey,17,119.9,30911,Mrs,1970-08-10,Bavaria,2016-06-24,1
500,2016-06-23,2016-06-27,162,39,black,17,89.9,30911,Mrs,1970-08-10,Bavaria,2016-06-24,1
501,2016-06-23,2016-06-26,245,40,brown,1,79.9,6130,Mrs,1967-10-22,North Rhine-Westphalia,2016-04-10,0
502,2016-06-23,2016-06-26,255,l,red,37,19.9,30912,Mr,1974-04-23,Bavaria,2016-01-21,0
503,2016-06-23,2016-06-26,255,l,olive,37,19.9,30912,Mr,1974-04-23,Bavaria,2016-01-21,0
504,2016-06-23,2016-06-26,4,7+,black,4,79.9,30912,Mr,1974-04-23,Bavaria,2016-01-21,0
505,2016-06-23,2016-07-04,1116,42,brown,104,39.9,30912,Mr,1974-04-23,Bavaria,2016-01-21,0
506,2016-06-23,,1116,41,red,104,39.9,30912,Mr,1974-04-23,Bavaria,2016-01-21,0
507,2016-06-23,2016-06-26,660,19,nature,39,39.95,30913,Mrs,1957-10-22,Baden-Wuerttemberg,2015-02-17,0
508,2016-06-23,2016-06-27,14,41,grey,1,129.9,30914,Mrs,,North Rhine-Westphalia,2016-06-24,0
509,2016-06-23,2016-06-26,114,38,black,43,79.9,5344,Mrs,1970-08-30,Baden-Wuerttemberg,2016-06-24,1
510,2016-06-23,2016-06-26,114,39,black,43,79.9,5344,Mrs,1970-08-30,Baden-Wuerttemberg,2016-06-24,0
511,2016-06-23,2016-06-27,103,39,brown,17,79.9,26813,Mrs,1964-07-11,Lower Saxony,2015-02-17,1
512,2016-06-23,2016-06-27,103,38,red,17,79.9,26813,Mrs,1964-07-11,Lower Saxony,2015-02-17,0
513,2016-06-23,2016-06-27,103,36,red,17,79.9,26813,Mrs,1964-07-11,Lower Saxony,2015-02-17,1
514,2016-06-23,,103,39,green,17,79.9,26813,Mrs,1964-07-11,Lower Saxony,2015-02-17,0
515,2016-06-23,2016-06-26,156,44,blue,34,29.9,30915,Mrs,,Bavaria,2015-02-17,0
516,2016-06-23,2016-06-26,156,44,grey,34,29.9,30915,Mrs,,Bavaria,2015-02-17,0
517,2016-06-23,2016-07-04,11,unsized,yellow,10,20.0,30915,Mrs,,Bavaria,2015-02-17,0
518,2016-06-23,2016-06-26,172,42,purple,40,89.9,11260,Mrs,1950-11-21,North Rhine-Westphalia,2015-04-24,1
519,2016-06-23,2016-06-26,896,xxl,grey,33,9.9,11260,Mrs,1950-11-21,North Rhine-Westphalia,2015-04-24,0
520,2016-06-23,2016-06-26,143,xl,brown,5,49.9,11260,Mrs,1950-11-21,North Rhine-Westphalia,2015-04-24,0
521,2016-06-23,2016-06-26,143,xl,olive,5,59.9,11260,Mrs,1950-11-21,North Rhine-Westphalia,2015-04-24,0
522,2016-06-23,2016-06-26,270,xxl,grey,49,79.9,11260,Mrs,1950-11-21,North Rhine-Westphalia,2015-04-24,0
523,2016-06-23,2016-06-26,293,xxl,berry,5,49.9,11260,Mrs,1950-11-21,North Rhine-Westphalia,2015-04-24,0
524,2016-06-23,2016-06-26,118,xxl,berry,6,49.9,11260,Mrs,1950-11-21,North Rhine-Westphalia,2015-04-24,0
525,2016-06-23,2016-07-02,2,xxl,mocca,2,19.9,11260,Mrs,1950-11-21,North Rhine-Westphalia,2015-04-24,0
526,2016-06-23,2016-07-02,611,xxl,white,56,39.9,11260,Mrs,1950-11-21,North Rhine-Westphalia,2015-04-24,1
527,2016-06-23,2016-06-26,296,5,black,19,39.9,21082,Mrs,1966-08-23,Bavaria,2015-04-20,0
528,2016-06-23,2016-06-26,296,6,black,19,39.9,21082,Mrs,1966-08-23,Bavaria,2015-04-20,1
529,2016-06-23,2016-06-26,296,5,ecru,19,39.9,21082,Mrs,1966-08-23,Bavaria,2015-04-20,0
530,2016-06-23,2016-06-26,296,6,ecru,19,39.9,21082,Mrs,1966-08-23,Bavaria,2015-04-20,1
531,2016-06-23,2016-06-26,296,6,blue,19,39.9,21082,Mrs,1966-08-23,Bavaria,2015-04-20,1
532,2016-06-23,2016-06-26,61,xxl,ocher,28,59.9,9695,Mrs,,North Rhine-Westphalia,2016-01-17,0
533,2016-06-23,2016-06-26,226,xxl,grey,3,34.9,9695,Mrs,,North Rhine-Westphalia,2016-01-17,1
534,2016-06-23,2016-06-26,226,xxl,grey,3,24.9,9695,Mrs,,North Rhine-Westphalia,2016-01-17,1
535,2016-06-23,2016-06-26,425,xxl,grey,46,24.9,9695,Mrs,,North Rhine-Westphalia,2016-01-17,0
536,2016-06-23,2016-06-26,222,xl,denim,3,19.9,29741,Mrs,1960-11-19,Thuringia,2016-01-12,0
537,2016-06-23,2016-06-26,139,xl,purple,3,29.9,29741,Mrs,1960-11-19,Thuringia,2016-01-12,0
538,2016-06-23,2016-06-26,139,xl,blue,3,29.9,29741,Mrs,1960-11-19,Thuringia,2016-01-12,0
539,2016-06-23,2016-06-26,423,m,beige,33,12.9,15323,Mrs,1965-02-28,Hesse,2016-04-21,0
540,2016-06-23,2016-06-26,423,m,khaki,33,12.9,15323,Mrs,1965-02-28,Hesse,2016-04-21,0
541,2016-06-23,2016-06-26,173,m,brown,20,19.9,15323,Mrs,1965-02-28,Hesse,2016-04-21,0
542,2016-06-23,2016-06-26,402,xxl,grey,46,14.9,30919,Mrs,1978-07-05,Saxony,2015-02-17,0
575,2016-06-23,2016-06-27,27,6,magenta,19,39.9,30921,Mr,1972-10-21,North Rhine-Westphalia,2015-12-07,0
576,2016-06-23,2016-06-27,27,6+,magenta,19,39.9,30921,Mr,1972-10-21,North Rhine-Westphalia,2015-12-07,0
577,2016-06-23,2016-06-27,27,6,black,19,39.9,30921,Mr,1972-10-21,North Rhine-Westphalia,2015-12-07,0
578,2016-06-23,2016-06-26,262,37,mocca,12,69.9,30923,Mrs,1962-05-20,Baden-Wuerttemberg,2015-02-17,1
579,2016-06-23,2016-06-26,255,m,olive,37,19.9,30923,Mrs,1962-05-20,Baden-Wuerttemberg,2015-02-17,1
580,2016-06-23,2016-06-28,255,l,white,37,19.9,30923,Mrs,1962-05-20,Baden-Wuerttemberg,2015-02-17,0
581,2016-06-23,2016-06-27,100,39,brown,43,69.9,30924,Mrs,1975-09-25,Berlin,2016-06-24,1
582,2016-06-23,2016-06-26,67,l,blue,20,49.9,30925,Mrs,1961-07-24,Bavaria,2015-02-17,1
583,2016-06-23,2016-06-26,67,xl,blue,20,49.9,30925,Mrs,1961-07-24,Bavaria,2015-02-17,0
584,2016-06-23,2016-06-26,27,9,magenta,19,39.9,30925,Mrs,1961-07-24,Bavaria,2015-02-17,0
585,2016-06-23,2016-07-04,27,9,black,19,39.9,30925,Mrs,1961-07-24,Bavaria,2015-02-17,1
586,2016-06-23,,27,9,blue,19,39.9,30925,Mrs,1961-07-24,Bavaria,2015-02-17,0
587,2016-06-23,2016-06-26,61,xl,denim,28,59.9,5479,Mrs,1964-05-25,North Rhine-Westphalia,2016-06-24,0
588,2016-06-23,2016-06-26,139,xl,red,3,29.9,5479,Mrs,1964-05-25,North Rhine-Westphalia,2016-06-24,1
589,2016-06-23,2016-06-26,222,xl,black,3,29.9,5479,Mrs,1964-05-25,North Rhine-Westphalia,2016-06-24,0
590,2016-06-23,2016-06-26,63,xl,red,33,9.9,5479,Mrs,1964-05-25,North Rhine-Westphalia,2016-06-24,1
591,2016-06-23,2016-07-02,611,l,white,56,39.9,5479,Mrs,1964-05-25,North Rhine-Westphalia,2016-06-24,1
592,2016-06-23,,62,unsized,white,5,0.0,5479,Mrs,1964-05-25,North Rhine-Westphalia,2016-06-24,0
593,2016-06-23,,55,37,mocca,1,89.9,30926,Mrs,1957-12-08,Lower Saxony,2015-05-14,0
594,2016-06-23,2016-06-26,197,46,ocher,1,149.9,30927,Mrs,1955-12-18,North Rhine-Westphalia,2015-04-28,0
595,2016-06-23,2016-06-26,278,40,olive,50,49.95,27697,Mrs,1900-11-21,North Rhine-Westphalia,2015-09-26,0
596,2016-06-23,2016-06-26,896,l,grey,33,9.9,4080,Mrs,1972-05-19,Bremen,2016-03-15,1
597,2016-06-23,2016-06-26,449,xxl,grey,3,11.9,4080,Mrs,1972-05-19,Bremen,2016-03-15,0
598,2016-06-23,2016-06-26,70,44,grey,34,29.9,4080,Mrs,1972-05-19,Bremen,2016-03-15,1
599,2016-06-23,2016-07-26,63,l,blue,33,9.9,4080,Mrs,1972-05-19,Bremen,2016-03-15,0
600,2016-06-23,2016-07-26,896,l,red,33,9.9,4080,Mrs,1972-05-19,Bremen,2016-03-15,0
601,2016-06-23,2016-07-26,449,xxl,grey,3,11.9,4080,Mrs,1972-05-19,Bremen,2016-03-15,0
602,2016-06-23,2016-07-26,62,unsized,white,5,0.0,4080,Mrs,1972-05-19,Bremen,2016-03-15,1
654,2016-06-23,2016-06-26,296,4+,black,19,39.9,10220,Mrs,1951-01-08,Berlin,2015-02-17,0
655,2016-06-23,2016-06-26,242,xl,black,20,59.9,25957,Mrs,1964-01-29,North Rhine-Westphalia,2015-02-17,0
656,2016-06-23,2016-07-06,391,6+,silver,48,49.95,30366,Mrs,1972-05-08,Lower Saxony,2015-02-17,0
657,2016-06-23,2016-06-28,246,39,ocher,40,79.9,21824,Mrs,1967-03-31,North Rhine-Westphalia,2016-02-27,0
658,2016-06-23,,27,5,black,19,79.9,20131,Mrs,1954-04-30,Baden-Wuerttemberg,2016-05-16,0
1317,2016-06-23,2016-06-27,100,41,brown,43,69.9,31109,Mrs,1979-05-18,North Rhine-Westphalia,2015-02-17,0
1318,2016-06-23,2016-06-27,506,40,brown,11,39.9,31109,Mrs,1979-05-18,North Rhine-Westphalia,2015-02-17,1
1319,2016-06-23,2016-06-27,867,42,stained,11,59.9,31109,Mrs,1979-05-18,North Rhine-Westphalia,2015-02-17,1
1320,2016-06-23,2016-06-27,105,41,brown,45,69.9,31109,Mrs,1979-05-18,North Rhine-Westphalia,2015-02-17,1
1321,2016-06-23,2016-06-27,313,m,red,11,59.9,31109,Mrs,1979-05-18,North Rhine-Westphalia,2015-02-17,1
1322,2016-06-23,2016-06-27,313,m,green,11,59.9,31109,Mrs,1979-05-18,North Rhine-Westphalia,2015-02-17,1
1323,2016-06-23,2016-06-27,606,41,green,1,49.9,31109,Mrs,1979-05-18,North Rhine-Westphalia,2015-02-17,0
1324,2016-06-23,2016-06-27,155,m,denim,5,49.9,31109,Mrs,1979-05-18,North Rhine-Westphalia,2015-02-17,1
1325,2016-06-23,2016-06-27,238,m,white,20,59.9,31109,Mrs,1979-05-18,North Rhine-Westphalia,2015-02-17,1
1326,2016-06-23,2016-06-27,185,40,brown,11,89.9,31109,Mrs,1979-05-18,North Rhine-Westphalia,2015-02-17,1
1327,2016-06-23,2016-06-27,895,40,blue,39,39.95,31109,Mrs,1979-05-18,North Rhine-Westphalia,2015-02-17,1
1328,2016-06-23,2016-06-27,38,m,denim,25,49.9,31109,Mrs,1979-05-18,North Rhine-Westphalia,2015-02-17,1
1329,2016-06-23,2016-06-27,361,40,brown,6,69.9,31109,Mrs,1979-05-18,North Rhine-Westphalia,2015-02-17,1
1330,2016-06-23,2016-06-27,157,unsized,purple,32,0.0,31109,Mrs,1979-05-18,North Rhine-Westphalia,2015-02-17,0
1331,2016-06-23,,68,m,mocca,3,19.9,31109,Mrs,1979-05-18,North Rhine-Westphalia,2015-02-17,0
1640,2016-06-23,2016-07-20,746,42,brown,15,39.95,31169,Mrs,1970-03-03,Saxony,2015-09-03,0
1641,2016-06-23,2016-07-20,508,40,black,15,37.95,31169,Mrs,1970-03-03,Saxony,2015-09-03,1
1642,2016-06-23,2016-07-20,892,38,brown,27,6.9,31169,Mrs,1970-03-03,Saxony,2015-09-03,0
1692,2016-06-23,2016-06-26,100,39,brown,43,69.9,2928,Mrs,1958-07-03,North Rhine-Westphalia,2015-02-17,1
1693,2016-06-23,2016-06-26,47,l,blue,11,79.9,2928,Mrs,1958-07-03,North Rhine-Westphalia,2015-02-17,1
1694,2016-06-23,2016-06-26,118,m,berry,6,49.9,31183,Mrs,1984-08-27,Baden-Wuerttemberg,2016-06-24,1
1695,2016-06-23,2016-06-26,1144,7,purple,89,79.9,31183,Mrs,1984-08-27,Baden-Wuerttemberg,2016-06-24,1
1696,2016-06-23,2016-06-28,213,l,ash,3,39.9,31183,Mrs,1984-08-27,Baden-Wuerttemberg,2016-06-24,1
1697,2016-06-23,2016-07-02,100,38,red,43,69.9,31183,Mrs,1984-08-27,Baden-Wuerttemberg,2016-06-24,0
1698,2016-06-23,2016-06-27,413,l,denim,14,59.9,31185,Mrs,1954-04-07,North Rhine-Westphalia,2016-06-24,1
1699,2016-06-23,2016-06-27,156,46,blue,34,29.9,31185,Mrs,1954-04-07,North Rhine-Westphalia,2016-06-24,1
1700,2016-06-23,2016-06-27,156,46,black,34,29.9,31185,Mrs,1954-04-07,North Rhine-Westphalia,2016-06-24,1
1701,2016-06-23,2016-06-27,222,l,denim,3,19.9,31185,Mrs,1954-04-07,North Rhine-Westphalia,2016-06-24,0
1702,2016-06-23,2016-06-27,222,l,black,3,29.9,31185,Mrs,1954-04-07,North Rhine-Westphalia,2016-06-24,0
1703,2016-06-23,2016-06-27,222,l,purple,3,19.9,31185,Mrs,1954-04-07,North Rhine-Westphalia,2016-06-24,1
1704,2016-06-23,2016-06-27,402,l,blue,46,14.9,31185,Mrs,1954-04-07,North Rhine-Westphalia,2016-06-24,0
1705,2016-06-23,2016-06-27,255,l,blue,37,34.9,31185,Mrs,1954-04-07,North Rhine-Westphalia,2016-06-24,1
1706,2016-06-23,2016-06-27,88,unsized,olive,41,14.9,31185,Mrs,1954-04-07,North Rhine-Westphalia,2016-06-24,1
1707,2016-06-23,2016-06-27,180,42,black,1,99.9,31185,Mrs,1954-04-07,North Rhine-Westphalia,2016-06-24,1
1708,2016-06-23,2016-06-27,293,l,berry,5,49.9,31185,Mrs,1954-04-07,North Rhine-Westphalia,2016-06-24,1
1709,2016-06-23,2016-06-27,116,l,black,5,59.9,31185,Mrs,1954-04-07,North Rhine-Westphalia,2016-06-24,1
1710,2016-06-23,2016-06-27,409,l,black,5,99.9,31185,Mrs,1954-04-07,North Rhine-Westphalia,2016-06-24,1
1711,2016-06-23,2016-06-27,84,l,ivory,5,59.9,31185,Mrs,1954-04-07,North Rhine-Westphalia,2016-06-24,1
1712,2016-06-23,2016-06-27,69,l,denim,5,54.9,31185,Mrs,1954-04-07,North Rhine-Westphalia,2016-06-24,1
1713,2016-06-23,2016-06-27,69,l,ocher,5,54.9,31185,Mrs,1954-04-07,North Rhine-Westphalia,2016-06-24,1
1714,2016-06-23,2016-06-27,5,l,petrol,5,69.9,31185,Mrs,1954-04-07,North Rhine-Westphalia,2016-06-24,1
1715,2016-06-23,2016-06-27,271,l,purple,5,59.9,31185,Mrs,1954-04-07,North Rhine-Westphalia,2016-06-24,1
1716,2016-06-23,2016-06-27,271,l,blue,5,39.9,31185,Mrs,1954-04-07,North Rhine-Westphalia,2016-06-24,1
1717,2016-06-23,2016-06-27,57,l,blue,3,34.9,31185,Mrs,1954-04-07,North Rhine-Westphalia,2016-06-24,0
1718,2016-06-23,2016-06-27,57,l,purple,3,24.9,31185,Mrs,1954-04-07,North Rhine-Westphalia,2016-06-24,0
1719,2016-06-23,2016-06-27,32,l,grey,3,21.9,31185,Mrs,1954-04-07,North Rhine-Westphalia,2016-06-24,1
1720,2016-06-23,2016-06-27,343,l,blue,37,49.9,31185,Mrs,1954-04-07,North Rhine-Westphalia,2016-06-24,1
1721,2016-06-23,2016-06-27,629,l,denim,25,49.9,31185,Mrs,1954-04-07,North Rhine-Westphalia,2016-06-24,1
1722,2016-06-23,2016-06-27,313,l,blue,11,59.9,31185,Mrs,1954-04-07,North Rhine-Westphalia,2016-06-24,1
1723,2016-06-23,2016-06-27,588,l,denim,14,49.9,31185,Mrs,1954-04-07,North Rhine-Westphalia,2016-06-24,1
1724,2016-06-23,,84,l,aubergine,5,59.9,31185,Mrs,1954-04-07,North Rhine-Westphalia,2016-06-24,0
1725,2016-06-23,,33,l,grey,5,59.9,31185,Mrs,1954-04-07,North Rhine-Westphalia,2016-06-24,0
1726,2016-06-23,,33,l,hibiscus,5,59.9,31185,Mrs,1954-04-07,North Rhine-Westphalia,2016-06-24,0
1727,2016-06-23,,661,l,black,5,59.9,31185,Mrs,1954-04-07,North Rhine-Westphalia,2016-06-24,0
1728,2016-06-23,,32,l,blau,3,21.9,31185,Mrs,1954-04-07,North Rhine-Westphalia,2016-06-24,0
1729,2016-06-23,2016-06-26,58,s,anthracite,31,89.9,11429,Mrs,1963-12-11,North Rhine-Westphalia,2015-02-17,0
1730,2016-06-23,2016-06-26,32,s,white,3,21.9,11429,Mrs,1963-12-11,North Rhine-Westphalia,2015-02-17,0
1731,2016-06-23,,32,s,white,3,21.9,11429,Mrs,1963-12-11,North Rhine-Westphalia,2015-02-17,0
1732,2016-06-23,,32,s,white,3,21.9,11429,Mrs,1963-12-11,North Rhine-Westphalia,2015-02-17,0
1733,2016-06-23,,32,s,white,3,21.9,11429,Mrs,1963-12-11,North Rhine-Westphalia,2015-02-17,0
1734,2016-06-23,2016-06-26,9,6,grey,4,79.95,10590,Mrs,1943-02-15,Bavaria,2016-06-24,1
1735,2016-06-23,2016-06-26,403,46,black,14,39.9,10590,Mrs,1943-02-15,Bavaria,2016-06-24,1
1736,2016-06-23,2016-06-26,238,xl,petrol,20,59.9,10590,Mrs,1943-02-15,Bavaria,2016-06-24,1
1737,2016-06-23,2016-06-26,57,xxl,mocca,3,39.9,10590,Mrs,1943-02-15,Bavaria,2016-06-24,1
1738,2016-06-23,2016-06-26,366,39,black,4,79.95,10590,Mrs,1943-02-15,Bavaria,2016-06-24,1
1739,2016-06-23,2016-06-26,204,xl,red,5,59.9,10590,Mrs,1943-02-15,Bavaria,2016-06-24,1
1740,2016-06-23,,663,39,bordeaux,55,169.9,10590,Mrs,1943-02-15,Bavaria,2016-06-24,0
1741,2016-06-23,2016-06-26,126,10,black,21,79.95,28135,Mrs,1977-09-05,Saxony-Anhalt,2015-02-17,1
1742,2016-06-23,2016-06-26,396,7+,black,21,99.95,28135,Mrs,1977-09-05,Saxony-Anhalt,2015-02-17,1
1743,2016-06-23,2016-06-26,396,7,brown,21,79.95,28135,Mrs,1977-09-05,Saxony-Anhalt,2015-02-17,1
1744,2016-06-23,2016-06-26,1331,42,black,78,99.9,22363,Mrs,1965-08-19,Baden-Wuerttemberg,2015-02-17,1
1745,2016-06-23,2016-06-26,222,l,black,3,29.9,22363,Mrs,1965-08-19,Baden-Wuerttemberg,2015-02-17,0
1746,2016-06-23,2016-06-26,70,42,grey,34,29.9,22363,Mrs,1965-08-19,Baden-Wuerttemberg,2015-02-17,1
1747,2016-06-23,2016-07-02,53,42,navy,30,19.9,22363,Mrs,1965-08-19,Baden-Wuerttemberg,2015-02-17,1
1748,2016-06-23,,683,unsized,grey,46,7.9,22363,Mrs,1965-08-19,Baden-Wuerttemberg,2015-02-17,0
1749,2016-06-23,,27,9,ecru,19,39.9,31186,Mrs,1981-12-31,North Rhine-Westphalia,2015-02-17,0
1750,2016-06-23,2016-07-04,895,40,black,39,39.95,31187,Mrs,1958-03-13,Hesse,2015-04-18,0
1751,2016-06-23,,895,40,grey,39,39.95,31187,Mrs,1958-03-13,Hesse,2015-04-18,0
1752,2016-06-23,2016-06-26,688,l,orange,5,29.9,31188,Mrs,1963-07-26,Bavaria,2015-07-27,0
1753,2016-06-23,2016-06-26,352,m,ocher,11,39.9,31188,Mrs,1963-07-26,Bavaria,2015-07-27,0
1754,2016-06-23,2016-06-26,826,l,black,2,39.9,31189,Mrs,1950-02-13,Lower Saxony,2015-03-22,1
1755,2016-06-23,2016-06-26,136,43,black,38,139.9,31189,Mrs,1950-02-13,Lower Saxony,2015-03-22,1
1756,2016-06-23,2016-06-26,217,l,nature,29,59.9,31189,Mrs,1950-02-13,Lower Saxony,2015-03-22,1
1757,2016-06-23,2016-06-26,128,l,denim,49,49.9,31189,Mrs,1950-02-13,Lower Saxony,2015-03-22,1
1758,2016-06-23,2016-06-26,76,l,green,37,29.9,5073,Mrs,1968-12-10,Baden-Wuerttemberg,2015-02-17,0
1759,2016-06-23,2016-06-26,76,l,blue,37,29.9,5073,Mrs,1968-12-10,Baden-Wuerttemberg,2015-02-17,1
1760,2016-06-23,2016-06-26,76,l,purple,37,19.9,5073,Mrs,1968-12-10,Baden-Wuerttemberg,2015-02-17,0
1761,2016-06-23,2016-06-26,183,l,purple,5,79.9,5073,Mrs,1968-12-10,Baden-Wuerttemberg,2015-02-17,0
1762,2016-06-23,2016-06-26,183,l,berry,5,79.9,5073,Mrs,1968-12-10,Baden-Wuerttemberg,2015-02-17,1
1763,2016-06-23,2016-06-26,86,xl,berry,5,79.9,5073,Mrs,1968-12-10,Baden-Wuerttemberg,2015-02-17,0
1764,2016-06-23,2016-06-26,51,l,berry,5,49.9,5073,Mrs,1968-12-10,Baden-Wuerttemberg,2015-02-17,1
1765,2016-06-23,2016-06-28,51,l,purple,5,49.9,5073,Mrs,1968-12-10,Baden-Wuerttemberg,2015-02-17,1
1766,2016-06-23,2016-07-02,94,xl,black,31,99.9,5073,Mrs,1968-12-10,Baden-Wuerttemberg,2015-02-17,1
1767,2016-06-23,2016-07-02,896,xl,red,33,9.9,5073,Mrs,1968-12-10,Baden-Wuerttemberg,2015-02-17,0
1768,2016-06-23,2016-07-18,896,l,grey,33,9.9,5073,Mrs,1968-12-10,Baden-Wuerttemberg,2015-02-17,0
1769,2016-06-23,2016-07-18,51,m,purple,5,49.9,5073,Mrs,1968-12-10,Baden-Wuerttemberg,2015-02-17,0
1770,2016-06-23,2016-07-18,896,xl,blue,33,9.9,5073,Mrs,1968-12-10,Baden-Wuerttemberg,2015-02-17,0
1771,2016-06-23,2016-06-26,57,xl,petrol,3,34.9,31190,Mrs,1962-06-18,North Rhine-Westphalia,2016-03-05,0
1772,2016-06-23,2016-06-26,57,xl,brown,3,19.9,31190,Mrs,1962-06-18,North Rhine-Westphalia,2016-03-05,0
1773,2016-06-23,2016-07-02,163,38,blue,53,49.9,21016,Mrs,1948-06-25,Bavaria,2015-02-17,0
1774,2016-06-23,2016-06-26,949,xl,red,30,69.9,31191,Mrs,1949-11-21,Lower Saxony,2015-02-17,1
1775,2016-06-23,2016-06-26,62,unsized,red,5,14.9,31191,Mrs,1949-11-21,Lower Saxony,2015-02-17,1
1776,2016-06-23,2016-06-26,209,xl,berry,37,34.9,31191,Mrs,1949-11-21,Lower Saxony,2015-02-17,0
1777,2016-06-23,2016-06-26,994,42,black,1,179.9,31191,Mrs,1949-11-21,Lower Saxony,2015-02-17,0
1778,2016-06-23,,837,39,black,24,79.9,19780,Mrs,1967-07-23,Saxony-Anhalt,2015-02-17,0
1779,2016-06-23,2016-06-26,1116,40,blue,104,39.9,31192,Mrs,1955-11-16,Berlin,2015-02-17,0
1780,2016-06-23,2016-06-26,210,l,black,2,39.9,31192,Mrs,1955-11-16,Berlin,2015-02-17,0
1781,2016-06-23,2016-06-26,407,l,olive,74,39.9,31192,Mrs,1955-11-16,Berlin,2015-02-17,1
1782,2016-06-23,2016-06-26,100,38,brown,43,69.9,25193,Mrs,1967-10-20,Baden-Wuerttemberg,2015-02-17,1
1783,2016-06-23,2016-06-26,835,38,grey,1,119.9,25193,Mrs,1967-10-20,Baden-Wuerttemberg,2015-02-17,0
1784,2016-06-23,2016-07-02,100,38,red,43,69.9,25193,Mrs,1967-10-20,Baden-Wuerttemberg,2015-02-17,1
1785,2016-06-23,2016-06-27,93,xl,brown,20,49.9,14881,Mrs,1976-11-17,Hesse,2016-02-23,1
1786,2016-06-23,2016-06-27,389,xl,stained,20,79.9,14881,Mrs,1976-11-17,Hesse,2016-02-23,0
1787,2016-06-23,2016-06-27,249,39,black,18,119.9,14881,Mrs,1976-11-17,Hesse,2016-02-23,0
1788,2016-06-23,,27,7,ecru,19,39.9,31193,Mrs,1956-05-10,Lower Saxony,2016-06-24,0
1789,2016-06-23,,27,6,ecru,19,39.9,31193,Mrs,1956-05-10,Lower Saxony,2016-06-24,0
1790,2016-06-23,2016-06-27,101,40,grey,17,89.9,31194,Mrs,1971-05-03,Schleswig-Holstein,2015-02-17,1
1791,2016-06-23,2016-06-27,245,40,pink,1,119.9,31194,Mrs,1971-05-03,Schleswig-Holstein,2015-02-17,1
1792,2016-06-23,,249,36,red,18,119.9,31194,Mrs,1971-05-03,Schleswig-Holstein,2015-02-17,0
1799,2016-06-23,2016-06-26,165,37,ocher,47,89.9,31195,Mrs,1958-03-23,Bavaria,2015-02-17,0
1800,2016-06-23,2016-06-26,896,s,grey,33,9.9,31196,Mrs,,Baden-Wuerttemberg,2015-02-17,0
1801,2016-06-23,2016-06-27,64,40,olive,18,119.9,29358,Mrs,1970-07-30,Baden-Wuerttemberg,2016-06-17,1
1802,2016-06-23,,74,41,brown,24,69.9,29358,Mrs,1970-07-30,Baden-Wuerttemberg,2016-06-17,0
1803,2016-06-23,2016-06-27,121,41,bordeaux,43,99.9,31200,Mrs,,Baden-Wuerttemberg,2016-06-24,0
1804,2016-06-23,,528,39,brown,18,89.9,31201,Mrs,,North Rhine-Westphalia,2016-06-24,0
1805,2016-06-23,2016-06-26,1046,unsized,black,84,49.9,28731,Mrs,1971-02-06,Bavaria,2016-06-24,1
1806,2016-06-23,2016-06-26,222,xxl,denim,3,19.9,2656,Mrs,1957-12-28,Hesse,2015-02-17,0
1807,2016-06-23,2016-06-26,413,xxl,black,14,59.9,2656,Mrs,1957-12-28,Hesse,2015-02-17,1
1808,2016-06-23,2016-06-26,218,xxl,turquoise,42,69.9,2656,Mrs,1957-12-28,Hesse,2015-02-17,0
1809,2016-06-23,2016-07-18,423,xxl,blue,33,12.9,2656,Mrs,1957-12-28,Hesse,2015-02-17,1
1810,2016-06-23,2016-07-18,423,xxl,red,33,12.9,2656,Mrs,1957-12-28,Hesse,2015-02-17,0
1811,2016-06-23,2016-07-18,215,xxl,ocher,28,59.9,2656,Mrs,1957-12-28,Hesse,2015-02-17,0
1812,2016-06-23,2016-06-26,242,xl,black,20,59.9,31204,Mrs,2005-12-21,North Rhine-Westphalia,2015-02-17,1
1813,2016-06-23,2016-07-23,2,xl,mocca,2,19.9,31204,Mrs,2005-12-21,North Rhine-Westphalia,2015-02-17,0
1814,2016-06-23,,2,xl,black,2,19.9,31204,Mrs,2005-12-21,North Rhine-Westphalia,2015-02-17,0
1815,2016-06-23,2016-06-26,27,7+,magenta,19,39.9,31205,Mrs,1980-12-18,Mecklenburg-Western Pomerania,2015-02-17,1
1816,2016-06-23,,27,7,ecru,19,39.9,31205,Mrs,1980-12-18,Mecklenburg-Western Pomerania,2015-02-17,0
1817,2016-06-23,,27,7+,ecru,19,39.9,31205,Mrs,1980-12-18,Mecklenburg-Western Pomerania,2015-02-17,0
1818,2016-06-23,,27,7,magenta,19,39.9,31205,Mrs,1980-12-18,Mecklenburg-Western Pomerania,2015-02-17,0
1819,2016-06-23,2016-06-26,71,10+,black,21,49.95,31206,Mrs,,Schleswig-Holstein,2015-02-17,0
1820,2016-06-23,2016-06-26,143,l,black,5,49.9,31206,Mrs,,Schleswig-Holstein,2015-02-17,1
1821,2016-06-23,2016-06-26,86,l,black,5,79.9,31206,Mrs,,Schleswig-Holstein,2015-02-17,0
1822,2016-06-23,,27,6,black,19,39.9,31207,Mrs,1953-10-03,North Rhine-Westphalia,2015-12-06,0
1823,2016-06-23,2016-06-26,238,xl,white,20,59.9,1046,Mrs,1956-12-30,Baden-Wuerttemberg,2015-02-17,1
1824,2016-06-23,2016-06-26,238,xl,petrol,20,59.9,1046,Mrs,1956-12-30,Baden-Wuerttemberg,2015-02-17,1
1825,2016-06-23,2016-06-26,212,xxl,grey,5,39.9,1046,Mrs,1956-12-30,Baden-Wuerttemberg,2015-02-17,1
1826,2016-06-23,2016-06-26,212,xxl,black,5,69.9,1046,Mrs,1956-12-30,Baden-Wuerttemberg,2015-02-17,1
1827,2016-06-23,2016-06-26,173,m,brown,20,19.9,31209,Mrs,1939-08-10,Lower Saxony,2015-02-17,0
1828,2016-06-23,2016-06-26,187,m,green,14,39.9,31209,Mrs,1939-08-10,Lower Saxony,2015-02-17,0
1829,2016-06-23,2016-06-26,173,xl,brown,20,19.9,16813,Mrs,1975-05-26,Hamburg,2016-05-07,0
1830,2016-06-23,2016-06-27,296,7+,ecru,19,39.9,31210,Mrs,1900-11-21,North Rhine-Westphalia,2015-04-25,0
1831,2016-06-23,2016-06-27,102,40,turquoise,44,60.0,31210,Mrs,1900-11-21,North Rhine-Westphalia,2015-04-25,1
1832,2016-06-23,2016-06-27,286,40,blue,1,89.9,31210,Mrs,1900-11-21,North Rhine-Westphalia,2015-04-25,1
1833,2016-06-23,2016-06-27,3,xxl,azure,3,19.9,31210,Mrs,1900-11-21,North Rhine-Westphalia,2015-04-25,1
1834,2016-06-23,2016-06-29,286,41,blue,1,89.9,31210,Mrs,1900-11-21,North Rhine-Westphalia,2015-04-25,1
1835,2016-06-23,2016-07-02,322,6+,blue,4,49.95,31210,Mrs,1900-11-21,North Rhine-Westphalia,2015-04-25,1
1836,2016-06-23,2016-06-28,215,m,green,28,59.9,31211,Mrs,1981-07-08,Baden-Wuerttemberg,2016-06-24,1
1837,2016-06-23,2016-06-28,714,m,purple,41,69.9,31211,Mrs,1981-07-08,Baden-Wuerttemberg,2016-06-24,1
1838,2016-06-23,2016-06-28,1025,41,black,96,99.9,31211,Mrs,1981-07-08,Baden-Wuerttemberg,2016-06-24,1
1839,2016-06-23,2016-06-28,48,m,blue,3,24.9,31211,Mrs,1981-07-08,Baden-Wuerttemberg,2016-06-24,1
1840,2016-06-23,2016-06-28,797,38,brown,6,69.9,31211,Mrs,1981-07-08,Baden-Wuerttemberg,2016-06-24,1
1841,2016-06-23,2016-06-28,61,m,orange,28,79.9,31211,Mrs,1981-07-08,Baden-Wuerttemberg,2016-06-24,0
1842,2016-06-23,2016-06-28,98,m,ocher,28,49.9,31211,Mrs,1981-07-08,Baden-Wuerttemberg,2016-06-24,0
1843,2016-06-23,2016-06-28,61,s,ocher,28,59.9,31211,Mrs,1981-07-08,Baden-Wuerttemberg,2016-06-24,1
1844,2016-06-23,2016-06-28,19,m,ocher,14,69.9,31211,Mrs,1981-07-08,Baden-Wuerttemberg,2016-06-24,0
1845,2016-06-23,2016-07-19,263,m,white,5,69.9,31211,Mrs,1981-07-08,Baden-Wuerttemberg,2016-06-24,1
1846,2016-06-23,2016-06-27,90,40,red,24,69.9,31212,Mrs,,North Rhine-Westphalia,2016-06-24,0
1847,2016-06-23,2016-06-27,6,40,green,6,79.9,31212,Mrs,,North Rhine-Westphalia,2016-06-24,0
1848,2016-06-23,2016-06-27,6,40,blue,6,79.9,31212,Mrs,,North Rhine-Westphalia,2016-06-24,1
1849,2016-06-23,2016-06-29,184,m,red,36,59.9,31212,Mrs,,North Rhine-Westphalia,2016-06-24,0
1850,2016-06-23,2016-06-26,86,l,orange,5,49.9,7978,Mrs,1970-01-22,Mecklenburg-Western Pomerania,2015-02-17,0
1851,2016-06-23,2016-06-26,5,l,dark denim,5,39.9,7978,Mrs,1970-01-22,Mecklenburg-Western Pomerania,2015-02-17,1
1852,2016-06-23,2016-06-26,391,7+,grey,48,49.95,8658,Mrs,1976-01-03,Saxony-Anhalt,2016-01-22,1
1853,2016-06-23,2016-06-26,391,7,silver,48,49.95,8658,Mrs,1976-01-03,Saxony-Anhalt,2016-01-22,1
1854,2016-06-23,2016-06-26,391,7+,silver,48,49.95,8658,Mrs,1976-01-03,Saxony-Anhalt,2016-01-22,1
1855,2016-06-23,2016-07-06,391,7,grey,48,49.95,8658,Mrs,1976-01-03,Saxony-Anhalt,2016-01-22,1
1856,2016-06-23,,27,7,magenta,19,39.9,8658,Mrs,1976-01-03,Saxony-Anhalt,2016-01-22,0
1857,2016-06-23,2016-06-27,660,42,black,39,39.95,30233,Mrs,1971-04-25,Baden-Wuerttemberg,2016-06-21,1
1858,2016-06-23,2016-06-27,346,l,black,5,69.9,30233,Mrs,1971-04-25,Baden-Wuerttemberg,2016-06-21,0
1859,2016-06-23,2016-06-27,143,l,olive,5,59.9,30233,Mrs,1971-04-25,Baden-Wuerttemberg,2016-06-21,0
1860,2016-06-23,2016-06-26,17,42,blue,11,69.9,22118,Mrs,1966-07-21,Bavaria,2016-05-23,1
1861,2016-06-23,2016-06-26,5,l,blue,5,39.9,22118,Mrs,1966-07-21,Bavaria,2016-05-23,1
1862,2016-06-23,2016-06-26,5,l,petrol,5,69.9,22118,Mrs,1966-07-21,Bavaria,2016-05-23,1
1863,2016-06-23,2016-06-26,139,l,red,3,29.9,22118,Mrs,1966-07-21,Bavaria,2016-05-23,1
1864,2016-06-23,2016-06-26,86,l,denim,5,79.9,22118,Mrs,1966-07-21,Bavaria,2016-05-23,1
1865,2016-06-23,2016-06-26,86,l,white,5,79.9,22118,Mrs,1966-07-21,Bavaria,2016-05-23,1
1866,2016-06-23,2016-06-26,407,l,olive,74,39.9,22118,Mrs,1966-07-21,Bavaria,2016-05-23,1
1867,2016-06-23,2016-06-26,640,unsized,stained,68,29.9,22118,Mrs,1966-07-21,Bavaria,2016-05-23,1
1868,2016-06-23,2016-06-27,27,9,ecru,19,39.9,31213,Mrs,1969-03-27,Schleswig-Holstein,2016-06-24,1
1869,2016-06-23,,27,9,black,19,39.9,31213,Mrs,1969-03-27,Schleswig-Holstein,2016-06-24,0
1870,2016-06-23,2016-06-26,407,l,olive,74,39.9,13529,Mrs,,Bavaria,2016-03-17,0
1871,2016-06-23,2016-06-26,407,xl,olive,74,39.9,13529,Mrs,,Bavaria,2016-03-17,1
1872,2016-06-23,2016-07-02,391,8+,grey,48,49.95,31215,Mrs,1959-07-17,Hesse,2015-07-18,0
1873,2016-06-23,,27,8+,black,19,39.9,31215,Mrs,1959-07-17,Hesse,2015-07-18,0
1874,2016-06-23,2016-06-26,58,xxl,green,31,89.9,22025,Mrs,1961-02-21,Hesse,2015-02-17,1
1875,2016-06-23,,895,24,blue,39,39.95,22025,Mrs,1961-02-21,Hesse,2015-02-17,0
1876,2016-06-23,,895,24,black,39,39.95,22025,Mrs,1961-02-21,Hesse,2015-02-17,0
1877,2016-06-23,,32,xl,black,3,21.9,22025,Mrs,1961-02-21,Hesse,2015-02-17,0
1878,2016-06-23,,32,xxl,black,3,21.9,22025,Mrs,1961-02-21,Hesse,2015-02-17,0
1879,2016-06-23,2016-06-26,1116,40,blue,104,39.9,23435,Mrs,1966-03-05,North Rhine-Westphalia,2016-06-24,1
1880,2016-06-23,2016-06-26,895,40,darkblue,39,39.95,1148,Mr,1960-04-24,Bavaria,2016-05-14,1
1881,2016-06-23,2016-06-26,895,40,blue,39,39.95,1148,Mr,1960-04-24,Bavaria,2016-05-14,0
1882,2016-06-23,2016-06-26,70,40,grey,34,29.9,1148,Mr,1960-04-24,Bavaria,2016-05-14,0
1883,2016-06-23,2016-06-26,156,40,black,34,29.9,1148,Mr,1960-04-24,Bavaria,2016-05-14,1
1884,2016-06-23,2016-07-04,895,40,black,39,39.95,1148,Mr,1960-04-24,Bavaria,2016-05-14,1
1885,2016-06-23,2016-06-26,100,39,red,43,69.9,4712,Mrs,1965-01-09,Lower Saxony,2015-02-17,1
1886,2016-06-23,2016-06-26,401,s,brown,28,149.9,4712,Mrs,1965-01-09,Lower Saxony,2015-02-17,0
1887,2016-06-23,2016-06-27,173,l,brown,20,19.9,31219,Mrs,1969-12-11,Baden-Wuerttemberg,2015-02-17,0
1888,2016-06-23,2016-06-27,1161,39,black,38,159.9,31219,Mrs,1969-12-11,Baden-Wuerttemberg,2015-02-17,0
1889,2016-06-23,2016-06-27,730,39,black,44,125.0,31219,Mrs,1969-12-11,Baden-Wuerttemberg,2015-02-17,1
1890,2016-06-23,2016-06-27,100,39,red,43,69.9,31219,Mrs,1969-12-11,Baden-Wuerttemberg,2015-02-17,1
1891,2016-06-23,2016-06-27,412,42,purple,11,49.9,31219,Mrs,1969-12-11,Baden-Wuerttemberg,2015-02-17,0
1892,2016-06-23,2016-06-27,49,42,stained,11,69.9,31219,Mrs,1969-12-11,Baden-Wuerttemberg,2015-02-17,1
1893,2016-06-23,2016-07-06,234,l,petrol,36,59.9,31219,Mrs,1969-12-11,Baden-Wuerttemberg,2015-02-17,0
1894,2016-06-23,2016-06-26,860,l,ocher,42,99.9,31221,Mrs,1953-09-11,Baden-Wuerttemberg,2015-02-17,1
1895,2016-06-23,2016-06-26,277,l,black,3,39.9,31221,Mrs,1953-09-11,Baden-Wuerttemberg,2015-02-17,0
1897,2016-06-23,2016-06-27,168,39,grey,1,89.9,31222,Mrs,1957-04-19,Baden-Wuerttemberg,2016-06-24,1
1898,2016-06-23,2016-06-26,370,s,ocher,31,49.9,14453,Mrs,1962-01-06,Berlin,2016-06-24,0
1899,2016-06-23,2016-07-02,298,m,petrol,36,69.9,14453,Mrs,1962-01-06,Berlin,2016-06-24,0
1900,2016-06-23,2016-06-27,116,l,brown,5,69.9,31224,Mr,1963-12-25,Saxony,2016-06-24,0
1901,2016-06-23,2016-06-27,183,l,black,5,79.9,31224,Mr,1963-12-25,Saxony,2016-06-24,0
1902,2016-06-23,2016-06-26,193,40,blue,53,49.9,31225,Mrs,1963-10-10,Lower Saxony,2015-02-17,0
1903,2016-06-23,2016-06-26,358,m,grey,74,39.9,31225,Mrs,1963-10-10,Lower Saxony,2015-02-17,0
1904,2016-06-23,2016-06-26,533,m,ocher,74,29.9,31225,Mrs,1963-10-10,Lower Saxony,2015-02-17,0
1905,2016-06-23,2016-06-26,157,unsized,purple,32,9.9,22333,Mrs,1960-11-07,Saxony-Anhalt,2016-03-05,0
1906,2016-06-23,2016-06-26,27,5+,black,19,39.9,22333,Mrs,1960-11-07,Saxony-Anhalt,2016-03-05,0
1907,2016-06-23,,83,38,black,39,49.95,22333,Mrs,1960-11-07,Saxony-Anhalt,2016-03-05,0
1908,2016-06-23,,83,40,black,39,49.95,22333,Mrs,1960-11-07,Saxony-Anhalt,2016-03-05,0
1909,2016-06-23,2016-06-27,114,37,grey,43,79.9,31229,Mrs,1966-07-17,Lower Saxony,2016-06-24,0
1910,2016-06-23,2016-06-27,100,37,black,43,69.9,31229,Mrs,1966-07-17,Lower Saxony,2016-06-24,0
1911,2016-06-23,2016-06-27,100,37,blue,43,69.9,31229,Mrs,1966-07-17,Lower Saxony,2016-06-24,0
1912,2016-06-23,2016-06-27,114,37,brown,43,79.9,31229,Mrs,1966-07-17,Lower Saxony,2016-06-24,0
1913,2016-06-23,2016-06-27,623,m,grey,5,49.9,31229,Mrs,1966-07-17,Lower Saxony,2016-06-24,0
1914,2016-06-23,2016-06-26,231,41,black,24,59.9,22234,Mrs,1981-02-13,Lower Saxony,2015-02-17,1
1915,2016-06-23,2016-06-26,579,s,petrol,3,19.9,22234,Mrs,1981-02-13,Lower Saxony,2015-02-17,0
1916,2016-06-23,,27,8,black,19,39.9,22234,Mrs,1981-02-13,Lower Saxony,2015-02-17,0
1917,2016-06-23,,27,7+,black,19,39.9,22234,Mrs,1981-02-13,Lower Saxony,2015-02-17,0
1918,2016-06-23,2016-06-27,834,9,black,12,89.9,31230,Mrs,1964-01-16,Baden-Wuerttemberg,2015-07-21,1
1919,2016-06-23,2016-06-27,834,9+,black,12,89.9,31230,Mrs,1964-01-16,Baden-Wuerttemberg,2015-07-21,0
1920,2016-06-23,2016-06-27,373,9,brown,12,89.9,31230,Mrs,1964-01-16,Baden-Wuerttemberg,2015-07-21,1
1921,2016-06-23,2016-06-27,373,9+,brown,12,89.9,31230,Mrs,1964-01-16,Baden-Wuerttemberg,2015-07-21,0
1922,2016-06-23,,158,42,black,54,59.9,31231,Mrs,1981-07-24,North Rhine-Westphalia,2016-06-24,0
1923,2016-06-23,,158,42,purple,54,59.9,31231,Mrs,1981-07-24,North Rhine-Westphalia,2016-06-24,0
1924,2016-06-23,,165,42,red,47,89.9,31231,Mrs,1981-07-24,North Rhine-Westphalia,2016-06-24,0
1925,2016-06-23,,74,42,pink,24,69.9,31231,Mrs,1981-07-24,North Rhine-Westphalia,2016-06-24,0
1926,2016-06-23,,114,42,black,43,79.9,31231,Mrs,1981-07-24,North Rhine-Westphalia,2016-06-24,0
1927,2016-06-23,,182,42,black,17,109.9,31231,Mrs,1981-07-24,North Rhine-Westphalia,2016-06-24,0
1928,2016-06-23,,276,42,grey,17,169.9,31231,Mrs,1981-07-24,North Rhine-Westphalia,2016-06-24,0
1929,2016-06-23,,339,xl,denim,25,79.9,31231,Mrs,1981-07-24,North Rhine-Westphalia,2016-06-24,0
1930,2016-06-23,,68,s,olive,3,9.9,31231,Mrs,1981-07-24,North Rhine-Westphalia,2016-06-24,0
1931,2016-06-23,,1198,unsized,beige,15,6.45,31231,Mrs,1981-07-24,North Rhine-Westphalia,2016-06-24,0
1932,2016-06-23,,1046,unsized,black,84,49.9,31232,Mrs,1963-09-11,Baden-Wuerttemberg,2016-06-24,0
1933,2016-06-23,,484,6+,brown,19,59.9,31232,Mrs,1963-09-11,Baden-Wuerttemberg,2016-06-24,0
1934,2016-06-23,2016-06-26,8,41,stained,8,12.9,31233,Mrs,1985-12-26,Lower Saxony,2016-06-24,0
1935,2016-06-23,2016-06-26,255,xl,black,37,34.9,31233,Mrs,1985-12-26,Lower Saxony,2016-06-24,0
1936,2016-06-23,2016-07-02,213,xxl,ash,3,39.9,31233,Mrs,1985-12-26,Lower Saxony,2016-06-24,0
1937,2016-06-23,2016-06-27,139,xl,black,3,29.9,31234,Mrs,1956-01-07,North Rhine-Westphalia,2016-06-24,1
1938,2016-06-23,2016-06-27,187,l,green,14,29.9,31234,Mrs,1956-01-07,North Rhine-Westphalia,2016-06-24,1
1939,2016-06-23,,187,l,blue,14,29.9,31234,Mrs,1956-01-07,North Rhine-Westphalia,2016-06-24,0
1940,2016-06-23,,1116,41,red,104,39.9,31235,Mrs,1971-07-23,North Rhine-Westphalia,2016-06-24,0
1941,2016-06-23,2016-06-26,100,42,petrol,43,69.9,31236,Mrs,1964-01-20,Hesse,2015-02-17,1
1942,2016-06-23,2016-06-26,129,42,black,50,69.95,31236,Mrs,1964-01-20,Hesse,2015-02-17,0
1943,2016-06-23,2016-06-27,262,38,mocca,12,69.9,31237,Mrs,1961-09-20,Baden-Wuerttemberg,2016-04-27,0
1944,2016-06-23,2016-06-27,67,l,blue,20,49.9,31232,Mrs,1963-09-11,Baden-Wuerttemberg,2016-06-24,0
1945,2016-06-23,2016-06-27,1046,unsized,black,84,49.9,31232,Mrs,1963-09-11,Baden-Wuerttemberg,2016-06-24,0
1946,2016-06-23,2016-06-27,484,6+,brown,19,59.9,31232,Mrs,1963-09-11,Baden-Wuerttemberg,2016-06-24,0
1947,2016-06-23,2016-06-28,896,l,grey,33,9.9,31238,Mrs,1975-03-14,Schleswig-Holstein,2015-02-17,0
1948,2016-06-23,2016-06-28,896,m,grey,33,9.9,31238,Mrs,1975-03-14,Schleswig-Holstein,2015-02-17,1
1949,2016-06-23,,896,l,blue,33,9.9,31238,Mrs,1975-03-14,Schleswig-Holstein,2015-02-17,0
1950,2016-06-23,,896,m,grey,33,9.9,31238,Mrs,1975-03-14,Schleswig-Holstein,2015-02-17,0
1951,2016-06-23,,896,l,grey,33,9.9,31238,Mrs,1975-03-14,Schleswig-Holstein,2015-02-17,0
1952,2016-06-23,2016-06-26,1172,38,black,96,99.9,31239,Mrs,1966-10-19,North Rhine-Westphalia,2015-02-17,1
1953,2016-06-23,2016-06-26,1114,37,bordeaux,17,89.9,31239,Mrs,1966-10-19,North Rhine-Westphalia,2015-02-17,1
1954,2016-06-23,2016-06-26,4,8,purple,4,79.9,31239,Mrs,1966-10-19,North Rhine-Westphalia,2015-02-17,1
1955,2016-06-23,2016-06-26,467,8,black,64,90.0,31239,Mrs,1966-10-19,North Rhine-Westphalia,2015-02-17,1
1956,2016-06-23,2016-06-26,322,8,blue,4,49.95,31239,Mrs,1966-10-19,North Rhine-Westphalia,2015-02-17,0
1957,2016-06-23,2016-06-26,322,7,black,4,49.95,31239,Mrs,1966-10-19,North Rhine-Westphalia,2015-02-17,1
1958,2016-06-23,2016-06-26,4,7+,purple,4,79.9,31239,Mrs,1966-10-19,North Rhine-Westphalia,2015-02-17,0
1959,2016-06-23,2016-06-26,1017,37,purple,17,99.9,31239,Mrs,1966-10-19,North Rhine-Westphalia,2015-02-17,1
1960,2016-06-23,2016-06-26,412,40,purple,11,49.9,31240,Mrs,1957-03-26,North Rhine-Westphalia,2015-08-21,0
1961,2016-06-23,2016-06-26,190,m,grey,3,19.9,31240,Mrs,1957-03-26,North Rhine-Westphalia,2015-08-21,0
1962,2016-06-23,2016-06-26,102,36,ocher,44,60.0,12391,Mrs,1965-09-13,Thuringia,2016-04-24,1
1963,2016-06-23,2016-06-26,629,m,denim,25,49.9,12391,Mrs,1965-09-13,Thuringia,2016-04-24,0
1964,2016-06-23,2016-06-26,293,l,berry,5,49.9,12391,Mrs,1965-09-13,Thuringia,2016-04-24,1
1965,2016-06-23,2016-06-26,57,l,petrol,3,34.9,12391,Mrs,1965-09-13,Thuringia,2016-04-24,1
1966,2016-06-23,2016-06-26,57,s,red,3,34.9,12391,Mrs,1965-09-13,Thuringia,2016-04-24,0
1967,2016-06-23,,292,4,grey,4,89.9,12391,Mrs,1965-09-13,Thuringia,2016-04-24,0
1968,2016-06-23,2016-06-26,1051,40,black,43,89.9,8281,Mrs,1962-02-24,Bavaria,2015-09-26,0
1969,2016-06-23,2016-06-26,905,l,nature,33,89.9,8281,Mrs,1962-02-24,Bavaria,2015-09-26,0
1970,2016-06-23,,896,l,blue,33,9.9,8281,Mrs,1962-02-24,Bavaria,2015-09-26,0
1971,2016-06-23,,242,s,white,20,119.9,9756,Mrs,1963-01-19,North Rhine-Westphalia,2015-02-17,0
1972,2016-06-23,,339,s,denim,25,79.9,9756,Mrs,1963-01-19,North Rhine-Westphalia,2015-02-17,0
1973,2016-06-23,,195,s,grey,46,19.9,9756,Mrs,1963-01-19,North Rhine-Westphalia,2015-02-17,0
1974,2016-06-23,,254,s,ocher,5,49.9,9756,Mrs,1963-01-19,North Rhine-Westphalia,2015-02-17,0
1975,2016-06-23,2016-07-02,896,xl,red,33,9.9,12204,Mrs,1976-11-08,Brandenburg,2015-02-17,1
1976,2016-06-23,2016-07-02,63,xl,red,33,9.9,12204,Mrs,1976-11-08,Brandenburg,2015-02-17,0
1977,2016-06-23,2016-07-02,157,unsized,purple,32,0.0,12204,Mrs,1976-11-08,Brandenburg,2015-02-17,0
1978,2016-06-23,2016-07-06,155,l,ash,5,49.9,12204,Mrs,1976-11-08,Brandenburg,2015-02-17,1
1979,2016-06-23,2016-06-27,328,l,blue,37,29.9,31242,Mrs,1985-12-13,Lower Saxony,2016-06-24,1
1980,2016-06-23,2016-06-27,214,l,ash,49,89.9,31242,Mrs,1985-12-13,Lower Saxony,2016-06-24,1
1981,2016-06-23,2016-06-27,161,42,brown,54,69.9,31243,Mrs,,North Rhine-Westphalia,2016-06-24,0
1982,2016-06-23,2016-06-27,161,41,brown,54,69.9,31243,Mrs,,North Rhine-Westphalia,2016-06-24,1
1983,2016-06-23,2016-06-26,100,39,black,43,69.9,14628,Mrs,1960-11-05,Lower Saxony,2016-04-30,0
1984,2016-06-23,2016-06-26,423,l,blue,33,12.9,6373,Mrs,1958-08-20,Schleswig-Holstein,2016-04-10,0
1985,2016-06-23,2016-06-27,296,5,black,19,39.9,31244,Mrs,1977-08-21,North Rhine-Westphalia,2016-06-24,0
1986,2016-06-23,2016-06-26,57,xl,petrol,3,39.9,11608,Mrs,1970-05-03,North Rhine-Westphalia,2015-02-17,0
1987,2016-06-23,2016-06-26,255,xl,blue,37,34.9,11608,Mrs,1970-05-03,North Rhine-Westphalia,2015-02-17,1
1988,2016-06-23,,32,xl,mint,3,24.9,11608,Mrs,1970-05-03,North Rhine-Westphalia,2015-02-17,0
1989,2016-06-23,2016-06-26,666,10+,brown,19,69.9,31245,Mrs,1962-12-20,Bavaria,2015-02-17,1
1990,2016-06-23,2016-06-26,666,10,brown,19,69.9,31245,Mrs,1962-12-20,Bavaria,2015-02-17,1
1991,2016-06-23,2016-06-26,238,l,petrol,20,59.9,3602,Mrs,,Bavaria,2015-08-07,1
1992,2016-06-23,2016-06-26,2,l,green,2,19.9,3602,Mrs,,Bavaria,2015-08-07,0
1993,2016-06-23,2016-06-26,895,21,darkblue,39,39.95,297,Mrs,1980-07-15,Rhineland-Palatinate,2015-02-17,1
1994,2016-06-23,2016-06-26,895,21,black,39,39.95,297,Mrs,1980-07-15,Rhineland-Palatinate,2015-02-17,1
1995,2016-06-23,2016-06-26,506,42,brown,11,39.9,297,Mrs,1980-07-15,Rhineland-Palatinate,2015-02-17,1
1996,2016-06-23,2016-06-26,352,l,ocher,11,39.9,297,Mrs,1980-07-15,Rhineland-Palatinate,2015-02-17,0
1997,2016-06-23,2016-06-26,1311,40,black,1,159.9,31248,Mrs,1963-12-24,Lower Saxony,2016-06-24,0
1998,2016-06-23,2016-06-26,761,37,black,1,99.9,31248,Mrs,1963-12-24,Lower Saxony,2016-06-24,1
1999,2016-06-23,2016-06-26,761,38,black,1,99.9,31248,Mrs,1963-12-24,Lower Saxony,2016-06-24,0
2000,2016-06-23,2016-06-26,640,unsized,stained,68,29.9,31248,Mrs,1963-12-24,Lower Saxony,2016-06-24,1
2001,2016-06-23,2016-06-26,22,m,black,14,39.9,23783,Mrs,1967-06-28,North Rhine-Westphalia,2015-09-16,1
2002,2016-06-23,2016-06-26,22,m,grey,14,39.9,23783,Mrs,1967-06-28,North Rhine-Westphalia,2015-09-16,0
2003,2016-06-23,2016-06-26,45,m,grey,5,79.9,23783,Mrs,1967-06-28,North Rhine-Westphalia,2015-09-16,1
2004,2016-06-23,2016-06-26,212,m,black,5,69.9,23783,Mrs,1967-06-28,North Rhine-Westphalia,2015-09-16,1
2005,2016-06-23,2016-06-26,242,m,black,20,59.9,26471,Mrs,1972-10-14,Lower Saxony,2016-06-06,0
2006,2016-06-23,2016-06-26,8,39,stained,8,12.9,31249,Mrs,1966-11-24,Berlin,2015-02-17,0
2007,2016-06-23,2016-06-26,100,39,red,43,69.9,31249,Mrs,1966-11-24,Berlin,2015-02-17,1
2008,2016-06-23,2016-06-26,7,38,purple,7,9.9,31249,Mrs,1966-11-24,Berlin,2015-02-17,0
2009,2016-06-23,2016-06-27,423,xl,khaki,33,12.9,22792,Mrs,1959-08-22,North Rhine-Westphalia,2016-05-25,0
2010,2016-06-23,2016-06-27,215,xl,black,28,59.9,22792,Mrs,1959-08-22,North Rhine-Westphalia,2016-05-25,1
2011,2016-06-23,2016-06-27,413,xl,black,14,59.9,22792,Mrs,1959-08-22,North Rhine-Westphalia,2016-05-25,0
2012,2016-06-23,2016-06-27,1147,xxl,anthracite,42,99.9,22792,Mrs,1959-08-22,North Rhine-Westphalia,2016-05-25,1
2013,2016-06-23,2016-06-27,969,46,anthracite,9,89.9,22792,Mrs,1959-08-22,North Rhine-Westphalia,2016-05-25,1
2014,2016-06-23,2016-06-26,679,37,brown,54,49.9,30936,Mrs,1954-02-28,Baden-Wuerttemberg,2016-02-03,1
2015,2016-06-23,2016-06-26,680,37,ocher,54,89.9,30936,Mrs,1954-02-28,Baden-Wuerttemberg,2016-02-03,1
2016,2016-06-23,2016-06-26,170,37,blue,54,119.9,30936,Mrs,1954-02-28,Baden-Wuerttemberg,2016-02-03,1
2017,2016-06-23,2016-06-27,119,38,blue,43,89.9,31250,Mrs,1970-12-31,North Rhine-Westphalia,2016-06-24,0
2018,2016-06-23,2016-06-27,27,4+,blue,19,39.9,31250,Mrs,1970-12-31,North Rhine-Westphalia,2016-06-24,1
2019,2016-06-23,,55,38,blue,1,89.9,31250,Mrs,1970-12-31,North Rhine-Westphalia,2016-06-24,0
2020,2016-06-23,,199,38,black,4,69.95,31250,Mrs,1970-12-31,North Rhine-Westphalia,2016-06-24,0
2021,2016-06-23,2016-06-27,100,40,brown,43,69.9,31251,Mrs,1986-09-24,Lower Saxony,2016-06-24,0
2022,2016-06-23,2016-06-27,100,40,blue,43,69.9,31251,Mrs,1986-09-24,Lower Saxony,2016-06-24,0
2023,2016-06-23,2016-06-27,446,38,blue,23,129.9,925,Mrs,1958-05-10,Hesse,2015-03-17,1
2024,2016-06-23,2016-06-27,294,39,blue,54,129.9,925,Mrs,1958-05-10,Hesse,2015-03-17,0
2025,2016-06-23,2016-06-27,247,39,blue,40,99.9,925,Mrs,1958-05-10,Hesse,2015-03-17,1
2026,2016-06-23,2016-06-27,479,39,red,17,89.9,925,Mrs,1958-05-10,Hesse,2015-03-17,0
2027,2016-06-23,,27,7+,blue,19,39.9,925,Mrs,1958-05-10,Hesse,2015-03-17,0
2028,2016-06-23,,85,39,blue,40,109.9,925,Mrs,1958-05-10,Hesse,2015-03-17,0
2029,2016-06-23,,81,39,black,38,89.9,925,Mrs,1958-05-10,Hesse,2015-03-17,0
2030,2016-06-23,,896,xxl,blue,33,9.9,925,Mrs,1958-05-10,Hesse,2015-03-17,0
2031,2016-06-23,2016-06-26,238,xl,petrol,20,59.9,31252,Mrs,1966-12-06,Baden-Wuerttemberg,2015-02-17,1
2032,2016-06-23,2016-06-26,313,xxl,green,11,59.9,31252,Mrs,1966-12-06,Baden-Wuerttemberg,2015-02-17,1
2033,2016-06-23,2016-06-26,255,xl,olive,37,19.9,31252,Mrs,1966-12-06,Baden-Wuerttemberg,2015-02-17,0
2034,2016-06-23,2016-06-26,184,xxl,red,36,59.9,31252,Mrs,1966-12-06,Baden-Wuerttemberg,2015-02-17,1
2035,2016-06-23,2016-06-27,55,40,mocca,1,89.9,31253,Mrs,1983-04-07,Lower Saxony,2016-06-24,0
2036,2016-06-23,2016-06-27,158,42,nature,54,59.9,31253,Mrs,1983-04-07,Lower Saxony,2016-06-24,1
2037,2016-06-23,2016-06-27,346,l,black,5,69.9,31253,Mrs,1983-04-07,Lower Saxony,2016-06-24,1
2038,2016-06-23,2016-06-27,369,m,brown,5,69.9,31253,Mrs,1983-04-07,Lower Saxony,2016-06-24,1
2039,2016-06-23,2016-06-27,6,44,black,6,79.9,31253,Mrs,1983-04-07,Lower Saxony,2016-06-24,1
2040,2016-06-23,2016-06-27,264,44,denim,6,79.9,31253,Mrs,1983-04-07,Lower Saxony,2016-06-24,1
2041,2016-06-23,2016-06-27,263,l,black,5,69.9,31253,Mrs,1983-04-07,Lower Saxony,2016-06-24,1
2042,2016-06-23,2016-06-27,394,40,black,44,90.0,31253,Mrs,1983-04-07,Lower Saxony,2016-06-24,1
2043,2016-06-23,2016-06-27,128,l,denim,49,49.9,31253,Mrs,1983-04-07,Lower Saxony,2016-06-24,1
2044,2016-06-23,2016-06-27,229,41,brown,50,69.95,31253,Mrs,1983-04-07,Lower Saxony,2016-06-24,1
2045,2016-06-23,,448,44,bordeaux,72,59.9,31253,Mrs,1983-04-07,Lower Saxony,2016-06-24,0
2056,2016-06-23,2016-06-26,311,39,brown,38,99.9,31254,Mrs,1972-10-24,North Rhine-Westphalia,2015-02-17,1
2057,2016-06-23,2016-06-26,72,39,pink,1,119.9,31254,Mrs,1972-10-24,North Rhine-Westphalia,2015-02-17,0
2058,2016-06-23,2016-06-26,165,39,purple,47,89.9,31254,Mrs,1972-10-24,North Rhine-Westphalia,2015-02-17,1
2059,2016-06-23,,486,39,purple,38,89.9,31254,Mrs,1972-10-24,North Rhine-Westphalia,2015-02-17,0
2060,2016-06-23,2016-06-26,262,40,mocca,12,69.9,13115,Mrs,1979-04-29,Lower Saxony,2015-02-17,1
2061,2016-06-23,2016-06-26,394,40,black,44,90.0,13115,Mrs,1979-04-29,Lower Saxony,2015-02-17,1
2062,2016-06-23,2016-06-26,896,xl,grey,33,9.9,13115,Mrs,1979-04-29,Lower Saxony,2015-02-17,1
2063,2016-06-23,2016-07-18,896,xl,blue,33,9.9,13115,Mrs,1979-04-29,Lower Saxony,2015-02-17,1
2064,2016-06-23,2016-06-26,262,42,mocca,12,69.9,3580,Mrs,1967-09-28,Hesse,2015-02-17,1
2065,2016-06-23,2016-06-26,701,l,brown,75,199.9,3580,Mrs,1967-09-28,Hesse,2015-02-17,0
2066,2016-06-23,,262,41,mocca,12,69.9,3580,Mrs,1967-09-28,Hesse,2015-02-17,0
2067,2016-06-23,,27,6+,blue,19,39.9,28398,Mrs,1961-05-19,Hesse,2015-02-17,0
2068,2016-06-23,2016-06-27,218,l,turquoise,42,69.9,31255,Mrs,1964-07-09,Bavaria,2015-11-24,1
2069,2016-06-23,2016-06-27,269,l,brown,42,59.9,31255,Mrs,1964-07-09,Bavaria,2015-11-24,1
2070,2016-06-23,2016-06-26,204,m,purple,5,59.9,29884,Mrs,1960-11-23,Hesse,2015-02-26,0
2071,2016-06-23,2016-06-26,204,m,petrol,5,59.9,29884,Mrs,1960-11-23,Hesse,2015-02-26,0
2072,2016-06-23,2016-06-26,757,46,berry,94,64.9,29884,Mrs,1960-11-23,Hesse,2015-02-26,0
2073,2016-06-23,2016-06-26,121,39,black,43,99.9,31257,Mrs,1964-01-31,Hesse,2016-06-24,0
2074,2016-06-23,2016-06-26,113,39,black,1,79.9,31257,Mrs,1964-01-31,Hesse,2016-06-24,1
2075,2016-06-23,,701,l,brown,75,199.9,3580,Mrs,1967-09-28,Hesse,2015-02-17,0
2076,2016-06-23,2016-06-28,204,m,black,5,59.9,31258,Mrs,1968-07-22,Mecklenburg-Western Pomerania,2016-06-24,1
2077,2016-06-23,2016-06-28,204,m,black,5,59.9,31258,Mrs,1968-07-22,Mecklenburg-Western Pomerania,2016-06-24,0
2078,2016-06-23,2016-06-27,204,xl,pink,5,59.9,31259,Mrs,1969-05-30,Baden-Wuerttemberg,2016-06-24,1
2079,2016-06-23,2016-06-27,204,xxl,green,5,59.9,31259,Mrs,1969-05-30,Baden-Wuerttemberg,2016-06-24,1
2080,2016-06-23,2016-06-27,183,xl,purple,5,79.9,31259,Mrs,1969-05-30,Baden-Wuerttemberg,2016-06-24,1
2081,2016-06-23,2016-06-27,435,38,black,38,139.9,31259,Mrs,1969-05-30,Baden-Wuerttemberg,2016-06-24,0
2082,2016-06-23,2016-06-27,435,39,black,38,139.9,31259,Mrs,1969-05-30,Baden-Wuerttemberg,2016-06-24,1
2083,2016-06-23,2016-07-02,143,xl,purple,5,59.9,31259,Mrs,1969-05-30,Baden-Wuerttemberg,2016-06-24,1
2084,2016-06-23,,143,xl,orange,5,59.9,31259,Mrs,1969-05-30,Baden-Wuerttemberg,2016-06-24,0
2085,2016-06-23,2016-06-26,992,40,denim,25,59.9,31260,Mrs,1964-12-10,Lower Saxony,2015-02-17,1
2086,2016-06-23,2016-06-26,190,m,grey,3,29.9,31260,Mrs,1964-12-10,Lower Saxony,2015-02-17,1
2087,2016-06-23,2016-06-26,125,m,brown,2,24.9,31260,Mrs,1964-12-10,Lower Saxony,2015-02-17,0
2088,2016-06-23,2016-07-02,896,m,grey,33,9.9,31260,Mrs,1964-12-10,Lower Saxony,2015-02-17,0
2089,2016-06-23,2016-06-26,322,5+,black,4,49.95,31262,Mrs,1962-12-04,Bavaria,2015-02-17,0
2090,2016-06-23,2016-07-02,322,5,blue,4,49.95,31262,Mrs,1962-12-04,Bavaria,2015-02-17,0
2091,2016-06-23,,161,39,black,54,69.9,31263,Mrs,1966-12-17,Bavaria,2015-02-17,0
2092,2016-06-23,2016-06-26,70,48,white,34,24.9,31264,Mrs,1958-02-15,Lower Saxony,2016-06-24,1
2093,2016-06-23,2016-06-26,242,xl,black,20,59.9,31264,Mrs,1958-02-15,Lower Saxony,2016-06-24,1
2094,2016-06-23,2016-06-26,210,xxl,black,2,39.9,31264,Mrs,1958-02-15,Lower Saxony,2016-06-24,0
2095,2016-06-23,2016-06-26,57,xxl,red,3,29.9,31264,Mrs,1958-02-15,Lower Saxony,2016-06-24,0
2096,2016-06-23,2016-06-27,8,36,stained,8,12.9,31265,Mrs,1973-06-03,Hesse,2016-06-24,1
2097,2016-06-23,2016-06-27,394,40,black,44,90.0,31266,Mrs,1956-01-01,Hesse,2015-10-22,0
2098,2016-06-23,2016-06-27,213,l,ash,3,39.9,31266,Mrs,1956-01-01,Hesse,2015-10-22,1
2099,2016-06-23,2016-06-27,213,l,black,3,69.9,31266,Mrs,1956-01-01,Hesse,2015-10-22,1
2100,2016-06-23,2016-06-27,70,42,grey,34,29.9,31266,Mrs,1956-01-01,Hesse,2015-10-22,0
2101,2016-06-23,2016-06-26,106,40,anthracite,6,39.9,22338,Mrs,1900-11-21,Lower Saxony,2015-02-17,0
2102,2016-06-23,2016-06-26,269,l,brown,42,59.9,22338,Mrs,1900-11-21,Lower Saxony,2015-02-17,0
2103,2016-06-23,,83,40,black,39,49.95,22338,Mrs,1900-11-21,Lower Saxony,2015-02-17,0
2104,2016-06-23,2016-06-29,296,6,blue,19,39.9,21491,Mrs,1968-05-07,North Rhine-Westphalia,2015-02-17,1
2105,2016-06-23,2016-06-27,757,42,berry,94,64.9,31110,Mrs,,Berlin,2016-02-28,0
2106,2016-06-23,2016-06-27,155,l,denim,5,49.9,31110,Mrs,,Berlin,2016-02-28,0
2107,2016-06-23,2016-06-27,378,l,ash,5,59.9,31110,Mrs,,Berlin,2016-02-28,0
2108,2016-06-23,2016-06-27,157,unsized,purple,32,0.0,31110,Mrs,,Berlin,2016-02-28,0
2109,2016-06-23,2016-06-27,218,xl,turquoise,42,69.9,31267,Mrs,1959-09-20,Bavaria,2016-06-24,0
2110,2016-06-23,2016-06-26,401,l,brown,28,149.9,31268,Mrs,1947-09-11,North Rhine-Westphalia,2016-06-24,1
2111,2016-06-23,2016-06-26,146,xxl,green,3,21.9,10410,Mrs,1975-08-31,Lower Saxony,2016-01-29,0
2112,2016-06-23,,146,xxl,brown,3,21.9,10410,Mrs,1975-08-31,Lower Saxony,2016-01-29,0
2113,2016-06-23,,32,xxl,white,3,21.9,10410,Mrs,1975-08-31,Lower Saxony,2016-01-29,0
2114,2016-06-23,2016-07-03,100,41,blue,43,69.9,31269,Mrs,1955-04-05,North Rhine-Westphalia,2015-02-17,0
2115,2016-06-23,2016-06-27,511,41,blue,1,99.9,31270,Mrs,,North Rhine-Westphalia,2016-06-24,1
2116,2016-06-23,2016-06-27,122,41,grey,1,79.9,31270,Mrs,,North Rhine-Westphalia,2016-06-24,1
2117,2016-06-23,2016-06-27,895,44,ocher,39,39.95,30211,Mrs,1955-08-06,North Rhine-Westphalia,2016-06-21,1
2118,2016-06-23,2016-06-27,699,44,ocher,39,44.95,30211,Mrs,1955-08-06,North Rhine-Westphalia,2016-06-21,0
2119,2016-06-23,2016-06-27,116,xl,petrol,5,99.9,30211,Mrs,1955-08-06,North Rhine-Westphalia,2016-06-21,1
2120,2016-06-23,2016-06-27,413,xl,black,14,59.9,30211,Mrs,1955-08-06,North Rhine-Westphalia,2016-06-21,1
2121,2016-06-23,2016-07-02,895,46,blue,39,39.95,30211,Mrs,1955-08-06,North Rhine-Westphalia,2016-06-21,1
2122,2016-06-23,2016-07-02,699,46,ocher,39,44.95,30211,Mrs,1955-08-06,North Rhine-Westphalia,2016-06-21,1
2123,2016-06-23,2016-07-02,895,44,blue,39,39.95,30211,Mrs,1955-08-06,North Rhine-Westphalia,2016-06-21,1
2124,2016-06-23,2016-07-04,895,46,ocher,39,39.95,30211,Mrs,1955-08-06,North Rhine-Westphalia,2016-06-21,1
2125,2016-06-23,,83,46,ocher,39,49.95,30211,Mrs,1955-08-06,North Rhine-Westphalia,2016-06-21,0
2126,2016-06-23,,116,xl,olive,5,99.9,30211,Mrs,1955-08-06,North Rhine-Westphalia,2016-06-21,0
2127,2016-06-23,2016-06-26,296,6+,black,19,39.9,31272,Mrs,1967-09-13,North Rhine-Westphalia,2015-12-09,0
2128,2016-06-23,2016-06-26,173,xl,brown,20,19.9,31272,Mrs,1967-09-13,North Rhine-Westphalia,2015-12-09,1
2129,2016-06-23,2016-06-26,860,xl,ocher,42,99.9,15460,Mrs,1962-06-17,Lower Saxony,2015-02-17,0
2130,2016-06-23,2016-06-26,860,l,ocher,42,99.9,15460,Mrs,1962-06-17,Lower Saxony,2015-02-17,1
2131,2016-06-23,2016-06-26,1050,xl,ocher,42,119.9,15460,Mrs,1962-06-17,Lower Saxony,2015-02-17,0
2132,2016-06-23,2016-06-26,1050,l,ocher,42,119.9,15460,Mrs,1962-06-17,Lower Saxony,2015-02-17,1
2133,2016-06-23,,27,6,black,19,39.9,31273,Mrs,1966-01-06,North Rhine-Westphalia,2015-06-02,0
2134,2016-06-23,2016-06-26,837,36,black,24,79.9,31274,Mr,1959-09-04,Hesse,2016-06-24,1
2135,2016-06-23,2016-06-26,625,l,red,36,119.9,31275,Mrs,1967-07-22,Lower Saxony,2016-06-24,1
2136,2016-06-23,2016-06-26,568,l,denim,25,59.9,781,Mrs,1973-05-13,Hesse,2015-02-17,1
2137,2016-06-23,2016-06-26,362,l,brown,11,69.9,781,Mrs,1973-05-13,Hesse,2015-02-17,1
2138,2016-06-23,2016-06-26,87,l,black,5,79.9,781,Mrs,1973-05-13,Hesse,2015-02-17,1
2139,2016-06-23,2016-06-26,104,41,black,1,99.9,781,Mrs,1973-05-13,Hesse,2015-02-17,1
2140,2016-06-23,2016-06-26,122,41,black,1,79.9,781,Mrs,1973-05-13,Hesse,2015-02-17,1
2141,2016-06-23,2016-06-26,121,40,brown,43,99.9,815,Mrs,1958-10-08,Hesse,2015-02-17,0
2142,2016-06-23,2016-06-26,121,39,grey,43,69.9,815,Mrs,1958-10-08,Hesse,2015-02-17,1
2143,2016-06-23,2016-06-28,246,40,ocher,40,79.9,815,Mrs,1958-10-08,Hesse,2015-02-17,1
2144,2016-06-23,2016-06-26,844,unsized,petrol,59,19.9,31276,Mrs,1969-04-08,North Rhine-Westphalia,2015-02-17,0
2145,2016-06-23,2016-06-28,425,xl,blue,46,24.9,31276,Mrs,1969-04-08,North Rhine-Westphalia,2015-02-17,0
2146,2016-06-23,,200,4+,brown,12,69.9,20502,Mrs,1961-11-08,Hesse,2015-09-23,0
2147,2016-06-23,2016-06-26,247,39,brown,40,99.9,31278,Mrs,1942-08-08,Hamburg,2015-03-02,0
2148,2016-06-23,2016-06-26,1,42,black,1,119.9,31278,Mrs,1942-08-08,Hamburg,2015-03-02,0
2149,2016-06-23,2016-06-26,440,42,black,1,139.9,31278,Mrs,1942-08-08,Hamburg,2015-03-02,0
2150,2016-06-23,2016-06-26,32,l,ash,3,21.9,31278,Mrs,1942-08-08,Hamburg,2015-03-02,0
2151,2016-06-23,2016-06-26,32,l,brown,3,9.9,31278,Mrs,1942-08-08,Hamburg,2015-03-02,0
2152,2016-06-23,2016-06-26,313,l,blue,11,59.9,26559,Mrs,,Schleswig-Holstein,2016-06-17,1
2153,2016-06-23,,84,l,ash,5,69.9,26559,Mrs,,Schleswig-Holstein,2016-06-17,0
2154,2016-06-23,2016-06-26,173,xl,brown,20,19.9,1750,Mrs,1954-08-02,North Rhine-Westphalia,2016-01-19,1
2155,2016-06-23,2016-06-26,32,xl,white,3,21.9,1750,Mrs,1954-08-02,North Rhine-Westphalia,2016-01-19,0
2156,2016-06-23,2016-06-26,32,xl,brown,3,9.9,1750,Mrs,1954-08-02,North Rhine-Westphalia,2016-01-19,0
2157,2016-06-23,2016-06-27,68,s,olive,3,9.9,23775,Mrs,1972-12-18,Lower Saxony,2016-02-25,0
2158,2016-06-23,2016-06-27,234,s,petrol,36,59.9,23775,Mrs,1972-12-18,Lower Saxony,2016-02-25,0
2159,2016-06-23,2016-06-27,100,41,red,43,69.9,23775,Mrs,1972-12-18,Lower Saxony,2016-02-25,0
2160,2016-06-23,2016-06-27,191,m,purple,3,21.9,23775,Mrs,1972-12-18,Lower Saxony,2016-02-25,0
2161,2016-06-23,2016-06-27,191,m,mint,3,9.9,23775,Mrs,1972-12-18,Lower Saxony,2016-02-25,0
2162,2016-06-23,2016-06-26,511,37,red,1,99.9,31280,Mrs,1972-06-06,Saxony,2016-06-24,1
2163,2016-06-23,2016-06-26,122,37,blue,1,79.9,31280,Mrs,1972-06-06,Saxony,2016-06-24,0
2164,2016-06-23,2016-06-26,269,m,brown,42,59.9,12670,Mrs,1971-06-30,Bavaria,2016-03-25,0
2165,2016-06-23,2016-06-26,246,41,purple,40,79.9,12670,Mrs,1971-06-30,Bavaria,2016-03-25,1
2166,2016-06-23,2016-06-26,246,41,blue,40,119.9,12670,Mrs,1971-06-30,Bavaria,2016-03-25,1
2167,2016-06-23,2016-06-26,195,s,blue,46,13.9,12670,Mrs,1971-06-30,Bavaria,2016-03-25,0
2168,2016-06-23,2016-06-26,191,s,purple,3,21.9,12670,Mrs,1971-06-30,Bavaria,2016-03-25,0
2169,2016-06-23,2016-06-26,191,s,white,3,21.9,12670,Mrs,1971-06-30,Bavaria,2016-03-25,0
2170,2016-06-23,2016-06-26,100,38,petrol,43,69.9,31281,Mrs,1957-09-22,Lower Saxony,2015-02-17,1
2171,2016-06-23,2016-06-26,463,36,beige,25,39.9,31281,Mrs,1957-09-22,Lower Saxony,2015-02-17,0
2172,2016-06-23,2016-07-02,231,40,black,24,59.9,31282,Mrs,1980-06-07,Bavaria,2015-02-17,1
2173,2016-06-23,,27,7+,black,19,39.9,31282,Mrs,1980-06-07,Bavaria,2015-02-17,0
2174,2016-06-23,2016-06-26,138,xl,curry,46,19.9,31283,Mrs,1947-06-06,North Rhine-Westphalia,2015-02-17,0
2175,2016-06-23,2016-06-26,683,unsized,curry,46,7.9,31283,Mrs,1947-06-06,North Rhine-Westphalia,2015-02-17,0
2176,2016-06-23,2016-06-26,507,39,brown,53,49.9,31283,Mrs,1947-06-06,North Rhine-Westphalia,2015-02-17,0
2177,2016-06-23,2016-06-26,896,xl,grey,33,9.9,31283,Mrs,1947-06-06,North Rhine-Westphalia,2015-02-17,1
2178,2016-06-23,2016-07-02,63,xl,red,33,9.9,31283,Mrs,1947-06-06,North Rhine-Westphalia,2015-02-17,1
2179,2016-06-23,2016-06-26,272,40,black,53,39.9,4400,Mrs,1973-09-26,Lower Saxony,2015-05-28,1
2180,2016-06-23,2016-06-26,258,l,black,3,29.9,4400,Mrs,1973-09-26,Lower Saxony,2015-05-28,0
2181,2016-06-23,2016-06-26,423,xl,red,33,12.9,4400,Mrs,1973-09-26,Lower Saxony,2015-05-28,1
2182,2016-06-23,2016-06-26,7,44,purple,7,9.9,4400,Mrs,1973-09-26,Lower Saxony,2015-05-28,1
2183,2016-06-23,2016-07-02,279,xxl,grey,3,19.9,4400,Mrs,1973-09-26,Lower Saxony,2015-05-28,1
2184,2016-06-23,,27,6,black,19,39.9,4400,Mrs,1973-09-26,Lower Saxony,2015-05-28,0
2185,2016-06-23,,423,xxl,red,33,12.9,4400,Mrs,1973-09-26,Lower Saxony,2015-05-28,0
2186,2016-06-23,2016-06-27,270,xl,grey,49,79.9,31284,Mrs,1955-01-14,North Rhine-Westphalia,2016-06-24,0
2187,2016-06-23,2016-06-27,32,xxl,ash,3,24.9,31284,Mrs,1955-01-14,North Rhine-Westphalia,2016-06-24,0
2188,2016-06-23,2016-06-27,57,xxl,petrol,3,39.9,31284,Mrs,1955-01-14,North Rhine-Westphalia,2016-06-24,0
2189,2016-06-23,2016-06-26,108,xxl,white,46,29.9,31285,Mrs,1967-12-12,Hesse,2016-06-24,0
2190,2016-06-23,2016-06-26,108,xxl,grey,46,29.9,31285,Mrs,1967-12-12,Hesse,2016-06-24,0
2191,2016-06-23,2016-06-26,51,xl,olive,5,69.9,31285,Mrs,1967-12-12,Hesse,2016-06-24,1
2192,2016-06-23,2016-06-26,51,xxl,olive,5,69.9,31285,Mrs,1967-12-12,Hesse,2016-06-24,0
2193,2016-06-23,2016-07-18,51,xl,mocca,5,69.9,31285,Mrs,1967-12-12,Hesse,2016-06-24,1
2194,2016-06-23,2016-06-26,296,6+,black,19,39.9,31286,Mrs,1984-08-18,Saxony-Anhalt,2015-03-06,0
2195,2016-06-23,2016-06-26,475,43,black,1,139.9,7841,Mrs,1951-03-28,Bavaria,2016-03-27,0
2196,2016-06-23,2016-06-26,245,38,black,1,89.9,7841,Mrs,1951-03-28,Bavaria,2016-03-27,0
2197,2016-06-23,2016-07-20,931,43,black,15,39.95,7841,Mrs,1951-03-28,Bavaria,2016-03-27,0
2198,2016-06-23,2016-06-27,226,l,ash,3,14.9,12273,Mrs,1954-03-27,North Rhine-Westphalia,2015-02-17,0
2199,2016-06-23,2016-06-27,226,l,grey,3,24.9,12273,Mrs,1954-03-27,North Rhine-Westphalia,2015-02-17,0
2200,2016-06-23,2016-06-27,226,l,grey,3,34.9,12273,Mrs,1954-03-27,North Rhine-Westphalia,2015-02-17,0
2201,2016-06-23,2016-06-27,226,l,olive,3,14.9,12273,Mrs,1954-03-27,North Rhine-Westphalia,2015-02-17,0
2202,2016-06-23,2016-06-27,100,39,brown,43,119.9,12273,Mrs,1954-03-27,North Rhine-Westphalia,2015-02-17,0
2203,2016-06-23,2016-06-27,100,39,brown,43,119.9,12273,Mrs,1954-03-27,North Rhine-Westphalia,2015-02-17,0
2204,2016-06-23,2016-07-02,247,39,ocher,40,99.9,12273,Mrs,1954-03-27,North Rhine-Westphalia,2015-02-17,0
2205,2016-06-23,2016-06-26,699,36,ocher,39,44.95,3759,Mrs,1965-10-08,Bavaria,2015-10-28,1
2206,2016-06-23,2016-06-26,660,36,nature,39,39.95,3759,Mrs,1965-10-08,Bavaria,2015-10-28,1
2207,2016-06-23,2016-06-26,895,18,darkblue,39,39.95,3759,Mrs,1965-10-08,Bavaria,2015-10-28,0
2208,2016-06-23,2016-06-26,895,36,darkblue,39,39.95,3759,Mrs,1965-10-08,Bavaria,2015-10-28,1
2209,2016-06-23,2016-06-26,699,18,ocher,39,44.95,3759,Mrs,1965-10-08,Bavaria,2015-10-28,1
2210,2016-06-23,2016-06-29,660,18,nature,39,39.95,3759,Mrs,1965-10-08,Bavaria,2015-10-28,0
2214,2016-06-23,2016-06-26,87,xxl,yellow,5,39.9,20852,Mrs,1968-03-17,North Rhine-Westphalia,2015-02-17,0
2215,2016-06-23,,367,37,blue,18,89.9,31287,Mrs,1957-11-03,North Rhine-Westphalia,2015-02-17,0
2216,2016-06-23,2016-06-26,108,xl,grey,46,29.9,26442,Mrs,1962-10-26,Lower Saxony,2015-09-05,1
2217,2016-06-23,2016-06-26,108,xxl,grey,46,29.9,26442,Mrs,1962-10-26,Lower Saxony,2015-09-05,1
2218,2016-06-23,2016-06-28,194,xl,yellow,5,69.9,26442,Mrs,1962-10-26,Lower Saxony,2015-09-05,0
2219,2016-06-23,,2,xl,black,2,19.9,26442,Mrs,1962-10-26,Lower Saxony,2015-09-05,0
2220,2016-06-23,2016-06-27,293,l,berry,5,49.9,31288,Mrs,1963-09-29,Lower Saxony,2016-06-24,1
2221,2016-06-23,2016-06-27,313,l,blue,11,59.9,31288,Mrs,1963-09-29,Lower Saxony,2016-06-24,1
2222,2016-06-23,2016-06-27,320,44,denim,25,69.9,31288,Mrs,1963-09-29,Lower Saxony,2016-06-24,1
2223,2016-06-23,2016-06-27,443,44,blue,25,69.9,31288,Mrs,1963-09-29,Lower Saxony,2016-06-24,1
2224,2016-06-23,2016-06-27,217,l,red,29,59.9,31288,Mrs,1963-09-29,Lower Saxony,2016-06-24,0
2227,2016-06-23,,370,m,black,31,49.9,29048,Mrs,1946-06-14,North Rhine-Westphalia,2015-10-08,0
2228,2016-06-23,2016-06-28,234,xl,petrol,36,59.9,31289,Mrs,1949-11-21,North Rhine-Westphalia,2015-02-17,0
2229,2016-06-23,2016-06-27,101,42,grey,17,89.9,31290,Mrs,,North Rhine-Westphalia,2016-06-24,0
2230,2016-06-23,2016-06-27,251,42,black,12,69.9,31290,Mrs,,North Rhine-Westphalia,2016-06-24,1
2231,2016-06-23,2016-06-27,39,42,black,26,119.9,31290,Mrs,,North Rhine-Westphalia,2016-06-24,1
2232,2016-06-23,2016-06-27,70,48,blue,34,24.9,31290,Mrs,,North Rhine-Westphalia,2016-06-24,1
2233,2016-06-23,2016-06-27,70,48,grey,34,29.9,31290,Mrs,,North Rhine-Westphalia,2016-06-24,1
2234,2016-06-23,2016-06-27,173,m,brown,20,19.9,31291,Mrs,1968-04-27,Hesse,2016-06-24,1
2235,2016-06-23,2016-06-27,43,41,grey,1,99.9,31291,Mrs,1968-04-27,Hesse,2016-06-24,1
2236,2016-06-23,2016-06-27,113,41,blue,1,79.9,31291,Mrs,1968-04-27,Hesse,2016-06-24,1
2237,2016-06-23,2016-06-27,554,l,red,36,89.9,31291,Mrs,1968-04-27,Hesse,2016-06-24,0
2238,2016-06-23,2016-06-27,6,40,olive,6,79.9,31291,Mrs,1968-04-27,Hesse,2016-06-24,0
2239,2016-06-23,2016-07-02,173,l,brown,20,19.9,31291,Mrs,1968-04-27,Hesse,2016-06-24,1
2240,2016-06-23,2016-07-02,104,41,black,1,99.9,31291,Mrs,1968-04-27,Hesse,2016-06-24,1
2241,2016-06-23,2016-06-26,217,xl,black,29,59.9,26572,Mrs,1960-10-07,North Rhine-Westphalia,2015-09-18,0
2242,2016-06-23,2016-06-26,345,l,berry,37,16.9,26572,Mrs,1960-10-07,North Rhine-Westphalia,2015-09-18,0
2243,2016-06-23,2016-06-26,345,l,grey,37,16.9,26572,Mrs,1960-10-07,North Rhine-Westphalia,2015-09-18,0
2244,2016-06-23,2016-06-26,102,41,ocher,44,60.0,26572,Mrs,1960-10-07,North Rhine-Westphalia,2015-09-18,0
2245,2016-06-23,2016-06-27,246,39,black,40,79.9,31292,Mrs,,Schleswig-Holstein,2016-06-24,1
2246,2016-06-23,2016-06-26,262,37,mocca,12,69.9,9239,Mrs,1945-10-16,Hesse,2016-03-09,0
2247,2016-06-23,2016-06-26,423,xl,beige,33,12.9,9239,Mrs,1945-10-16,Hesse,2016-03-09,0
2248,2016-06-23,2016-07-02,311,42,blue,38,99.9,31293,Mrs,1947-10-24,Berlin,2016-06-24,0
2249,2016-06-23,2016-06-28,200,8,grey,12,69.9,31294,Mrs,1968-10-04,Schleswig-Holstein,2015-04-27,0
2250,2016-06-23,2016-07-02,27,6+,magenta,19,39.9,24361,Mrs,1968-08-21,Thuringia,2015-02-17,1
2251,2016-06-23,,27,6+,black,19,39.9,24361,Mrs,1968-08-21,Thuringia,2015-02-17,0
2252,2016-06-23,,27,7,magenta,19,39.9,24361,Mrs,1968-08-21,Thuringia,2015-02-17,0
2253,2016-06-23,2016-06-26,423,xl,red,33,12.9,31295,Mrs,1966-10-21,North Rhine-Westphalia,2015-02-17,0
2254,2016-06-23,2016-06-26,423,xl,beige,33,12.9,31295,Mrs,1966-10-21,North Rhine-Westphalia,2015-02-17,0
2255,2016-06-23,2016-06-26,214,m,ash,49,89.9,13695,Mrs,1967-11-03,Bavaria,2016-04-27,0
2256,2016-06-23,2016-07-02,295,l,blue,36,59.9,31296,Mrs,1957-03-15,Hesse,2016-01-28,1
2257,2016-06-23,2016-06-26,165,41,black,47,89.9,4466,Mrs,1958-01-26,Bavaria,2015-02-17,0
2258,2016-06-23,2016-06-27,369,xxl,brown,5,69.9,31297,Mrs,1975-04-23,Berlin,2016-06-24,0
2259,2016-06-23,2016-06-27,369,l,brown,5,69.9,31297,Mrs,1975-04-23,Berlin,2016-06-24,0
2260,2016-06-23,2016-06-27,86,m,brown,5,49.9,31297,Mrs,1975-04-23,Berlin,2016-06-24,0
2261,2016-06-23,2016-06-27,86,xl,brown,5,49.9,31297,Mrs,1975-04-23,Berlin,2016-06-24,0
2262,2016-06-23,2016-06-27,19,xl,black,14,69.9,31297,Mrs,1975-04-23,Berlin,2016-06-24,0
2263,2016-06-23,2016-06-27,254,l,black,5,49.9,31297,Mrs,1975-04-23,Berlin,2016-06-24,0
2264,2016-06-23,2016-06-27,171,xl,black,3,24.9,31297,Mrs,1975-04-23,Berlin,2016-06-24,0
2265,2016-06-23,2016-06-26,415,39,red,1,89.9,5167,Mrs,1966-03-05,Lower Saxony,2015-02-17,1
2266,2016-06-23,2016-07-04,322,5,blue,4,49.95,31298,Mr,1950-08-15,Lower Saxony,2016-06-24,0
2267,2016-06-23,,129,37,blue,50,69.95,31298,Mr,1950-08-15,Lower Saxony,2016-06-24,0
2268,2016-06-23,2016-06-26,339,s,denim,25,79.9,9756,Mrs,1963-01-19,North Rhine-Westphalia,2015-02-17,1
2269,2016-06-23,2016-06-26,468,s,denim,25,69.9,9756,Mrs,1963-01-19,North Rhine-Westphalia,2015-02-17,0
2270,2016-06-23,2016-06-26,246,38,black,40,79.9,9756,Mrs,1963-01-19,North Rhine-Westphalia,2015-02-17,1
2271,2016-06-23,2016-06-26,242,s,white,20,119.9,9756,Mrs,1963-01-19,North Rhine-Westphalia,2015-02-17,1
2272,2016-06-23,2016-06-26,339,s,denim,25,79.9,9756,Mrs,1963-01-19,North Rhine-Westphalia,2015-02-17,1
2273,2016-06-23,,110,38,grey,1,89.9,9756,Mrs,1963-01-19,North Rhine-Westphalia,2015-02-17,0
2274,2016-06-23,2016-07-06,319,39,ocher,40,129.9,9756,Mrs,1963-01-19,North Rhine-Westphalia,2015-02-17,1
2275,2016-06-23,2016-06-26,319,39,ocher,40,129.9,9756,Mrs,1963-01-19,North Rhine-Westphalia,2015-02-17,1
2276,2016-06-23,2016-06-27,108,xl,blue,46,29.9,31299,Mr,1968-05-29,Rhineland-Palatinate,2016-06-24,1
2277,2016-06-23,2016-06-27,255,xl,black,37,34.9,31299,Mr,1968-05-29,Rhineland-Palatinate,2016-06-24,1
2278,2016-06-23,2016-06-27,214,xl,ash,49,89.9,31299,Mr,1968-05-29,Rhineland-Palatinate,2016-06-24,1
2279,2016-06-23,2016-06-27,277,l,black,3,39.9,31299,Mr,1968-05-29,Rhineland-Palatinate,2016-06-24,1
2280,2016-06-23,2016-06-27,688,xl,brown,5,49.9,31299,Mr,1968-05-29,Rhineland-Palatinate,2016-06-24,1
2281,2016-06-23,2016-07-04,63,xl,red,33,9.9,31299,Mr,1968-05-29,Rhineland-Palatinate,2016-06-24,1
2282,2016-06-23,2016-07-04,63,xxl,khaki,33,14.9,31299,Mr,1968-05-29,Rhineland-Palatinate,2016-06-24,0
2283,2016-06-23,2016-06-27,1307,39,black,70,259.9,31300,Mrs,1962-02-09,Hamburg,2015-02-17,0
2286,2016-06-23,2016-06-26,22,xl,white,14,39.9,22257,Mrs,1967-04-23,Rhineland-Palatinate,2015-02-17,1
2287,2016-06-23,2016-06-26,22,xxl,white,14,39.9,22257,Mrs,1967-04-23,Rhineland-Palatinate,2015-02-17,1
2288,2016-06-23,2016-06-26,22,xxl,grey,14,39.9,22257,Mrs,1967-04-23,Rhineland-Palatinate,2015-02-17,0
2289,2016-06-23,,22,xl,grey,14,39.9,22257,Mrs,1967-04-23,Rhineland-Palatinate,2015-02-17,0
2290,2016-06-23,,22,xl,black,14,39.9,22257,Mrs,1967-04-23,Rhineland-Palatinate,2015-02-17,0
2291,2016-06-23,,22,xxl,black,14,39.9,22257,Mrs,1967-04-23,Rhineland-Palatinate,2015-02-17,0
2292,2016-06-23,2016-06-27,215,l,green,28,59.9,31302,Mrs,1973-12-20,Lower Saxony,2016-06-24,1
2293,2016-06-23,,370,m,black,31,49.9,31302,Mrs,1973-12-20,Lower Saxony,2016-06-24,0
2294,2016-06-23,2016-06-26,100,38,petrol,43,69.9,23442,Mrs,1960-12-29,Schleswig-Holstein,2015-02-17,0
2295,2016-06-23,2016-06-26,190,m,petrol,3,19.9,23442,Mrs,1960-12-29,Schleswig-Holstein,2015-02-17,1
2296,2016-06-23,2016-06-26,242,m,black,20,59.9,23442,Mrs,1960-12-29,Schleswig-Holstein,2015-02-17,1
2297,2016-06-23,2016-07-18,298,m,petrol,36,69.9,23442,Mrs,1960-12-29,Schleswig-Holstein,2015-02-17,0
2298,2016-06-23,2016-07-18,561,m,grey,3,14.9,23442,Mrs,1960-12-29,Schleswig-Holstein,2015-02-17,1
2299,2016-06-23,2016-06-26,323,39,grey,70,89.9,18800,Mrs,1962-11-02,Hamburg,2015-10-31,1
2300,2016-06-23,2016-06-26,323,39,black,70,139.9,18800,Mrs,1962-11-02,Hamburg,2015-10-31,1
2301,2016-06-23,2016-06-26,100,40,blue,43,69.9,23142,Mrs,1962-09-10,North Rhine-Westphalia,2015-10-02,0
2302,2016-06-23,2016-06-26,100,40,black,43,69.9,23142,Mrs,1962-09-10,North Rhine-Westphalia,2015-10-02,1
2303,2016-06-23,2016-06-26,204,xxl,green,5,59.9,31303,Mrs,1950-04-15,Baden-Wuerttemberg,2016-03-17,1
2304,2016-06-23,2016-06-26,32,xxl,green,3,21.9,31303,Mrs,1950-04-15,Baden-Wuerttemberg,2016-03-17,0
2305,2016-06-23,,32,xxl,white,3,21.9,31303,Mrs,1950-04-15,Baden-Wuerttemberg,2016-03-17,0
2306,2016-06-23,2016-06-26,270,l,red,49,49.9,8389,Mrs,1963-04-25,North Rhine-Westphalia,2016-04-14,0
2307,2016-06-23,2016-07-06,173,l,brown,20,19.9,8389,Mrs,1963-04-25,North Rhine-Westphalia,2016-04-14,0
2308,2016-06-23,2016-06-26,55,42,blue,1,89.9,31304,Mrs,1969-11-24,Bavaria,2015-02-17,0
2309,2016-06-23,2016-06-26,211,42,purple,1,89.9,31304,Mrs,1969-11-24,Bavaria,2015-02-17,1
2310,2016-06-23,2016-06-28,55,42,purple,1,89.9,31304,Mrs,1969-11-24,Bavaria,2015-02-17,1
2311,2016-06-23,2016-06-27,165,38,black,47,89.9,30087,Mr,1963-10-16,Baden-Wuerttemberg,2016-06-20,1
2312,2016-06-23,2016-06-27,165,39,black,47,89.9,30087,Mr,1963-10-16,Baden-Wuerttemberg,2016-06-20,1
2313,2016-06-23,2016-06-27,410,39,white,57,59.9,30087,Mr,1963-10-16,Baden-Wuerttemberg,2016-06-20,1
2314,2016-06-23,2016-06-27,410,39,black,57,59.9,30087,Mr,1963-10-16,Baden-Wuerttemberg,2016-06-20,1
2315,2016-06-23,2016-06-27,410,39,petrol,57,84.9,30087,Mr,1963-10-16,Baden-Wuerttemberg,2016-06-20,1
2316,2016-06-23,2016-06-27,1102,39,red,103,129.9,30087,Mr,1963-10-16,Baden-Wuerttemberg,2016-06-20,1
2317,2016-06-23,2016-06-27,162,38,red,17,89.9,30087,Mr,1963-10-16,Baden-Wuerttemberg,2016-06-20,1
2318,2016-06-23,2016-07-02,296,6,blue,19,39.9,31305,Mrs,1955-08-27,Saxony-Anhalt,2015-02-17,0
2319,2016-06-23,2016-06-27,69,l,ocher,5,54.9,31306,Mrs,1958-12-22,North Rhine-Westphalia,2016-06-24,1
2320,2016-06-23,2016-06-27,282,l,nature,20,29.9,31306,Mrs,1958-12-22,North Rhine-Westphalia,2016-06-24,1
2321,2016-06-23,,69,l,hibiscus,5,34.9,31306,Mrs,1958-12-22,North Rhine-Westphalia,2016-06-24,0
2322,2016-06-23,,25,l,petrol,5,49.9,31306,Mrs,1958-12-22,North Rhine-Westphalia,2016-06-24,0
2323,2016-06-23,2016-06-26,255,xxl,red,37,19.9,31307,Mrs,1964-10-09,North Rhine-Westphalia,2015-09-10,0
2324,2016-06-23,2016-06-26,279,xxl,magenta,3,14.9,31307,Mrs,1964-10-09,North Rhine-Westphalia,2015-09-10,0
2325,2016-06-23,2016-06-26,173,xl,brown,20,19.9,31307,Mrs,1964-10-09,North Rhine-Westphalia,2015-09-10,0
2326,2016-06-23,2016-06-26,463,46,blue,25,39.9,31307,Mrs,1964-10-09,North Rhine-Westphalia,2015-09-10,0
2327,2016-06-23,2016-07-18,3,xxl,azure,3,19.9,31307,Mrs,1964-10-09,North Rhine-Westphalia,2015-09-10,0
2328,2016-06-23,2016-07-18,279,xxl,grey,3,14.9,31307,Mrs,1964-10-09,North Rhine-Westphalia,2015-09-10,0
2329,2016-06-23,2016-06-26,70,36,red,34,29.9,3289,Mrs,1954-03-25,Baden-Wuerttemberg,2015-02-17,1
2330,2016-06-23,2016-06-26,70,36,blue,34,29.9,3289,Mrs,1954-03-25,Baden-Wuerttemberg,2015-02-17,1
2331,2016-06-23,2016-06-26,70,36,blue,34,24.9,3289,Mrs,1954-03-25,Baden-Wuerttemberg,2015-02-17,0
2332,2016-06-23,2016-06-26,70,36,grey,34,29.9,3289,Mrs,1954-03-25,Baden-Wuerttemberg,2015-02-17,0
2333,2016-06-23,2016-06-26,22,s,green,14,24.9,3289,Mrs,1954-03-25,Baden-Wuerttemberg,2015-02-17,0
2334,2016-06-23,2016-06-26,76,s,azure,37,29.9,3289,Mrs,1954-03-25,Baden-Wuerttemberg,2015-02-17,1
2335,2016-06-23,2016-06-26,76,s,orange,37,29.9,3289,Mrs,1954-03-25,Baden-Wuerttemberg,2015-02-17,0
2336,2016-06-23,2016-06-26,22,s,white,14,39.9,3289,Mrs,1954-03-25,Baden-Wuerttemberg,2015-02-17,1
2337,2016-06-23,2016-06-26,22,s,blue,14,39.9,3289,Mrs,1954-03-25,Baden-Wuerttemberg,2015-02-17,1
2338,2016-06-23,,296,4,blue,19,39.9,3289,Mrs,1954-03-25,Baden-Wuerttemberg,2015-02-17,0
2339,2016-06-23,,76,s,red,37,29.9,3289,Mrs,1954-03-25,Baden-Wuerttemberg,2015-02-17,0
2340,2016-06-23,,246,41,purple,40,79.9,18516,Mrs,,Bavaria,2015-09-01,0
2341,2016-06-23,2016-06-26,1237,43,black,1,179.9,31309,Mrs,1964-11-29,Hesse,2015-08-07,1
2342,2016-06-23,2016-06-26,124,s,grey,46,19.9,31309,Mrs,1964-11-29,Hesse,2015-08-07,1
2343,2016-06-23,2016-06-26,413,s,azure,14,59.9,31309,Mrs,1964-11-29,Hesse,2015-08-07,1
2344,2016-06-23,2016-06-26,955,7,black,21,49.95,31309,Mrs,1964-11-29,Hesse,2015-08-07,1
2345,2016-06-23,2016-06-26,549,38,black,1,109.9,31309,Mrs,1964-11-29,Hesse,2015-08-07,0
2346,2016-06-23,2016-06-26,124,m,grey,46,19.9,31309,Mrs,1964-11-29,Hesse,2015-08-07,1
2347,2016-06-23,2016-06-26,687,8+,brown,12,99.9,1542,Mrs,1963-01-05,Baden-Wuerttemberg,2016-06-24,1
2348,2016-06-23,2016-06-26,197,42,blue,1,149.9,1542,Mrs,1963-01-05,Baden-Wuerttemberg,2016-06-24,1
2349,2016-06-23,2016-06-26,690,42,blue,1,139.9,1542,Mrs,1963-01-05,Baden-Wuerttemberg,2016-06-24,1
2350,2016-06-23,2016-06-26,169,42,black,18,139.9,1542,Mrs,1963-01-05,Baden-Wuerttemberg,2016-06-24,1
2351,2016-06-23,2016-06-26,200,6,grey,12,69.9,3051,Mrs,1966-12-15,Lower Saxony,2015-11-14,1
2352,2016-06-23,2016-06-26,118,xxl,berry,6,49.9,1189,Mrs,1972-07-01,Saxony,2015-07-02,0
2353,2016-06-23,2016-06-26,100,40,brown,43,69.9,31310,Mrs,1955-06-10,North Rhine-Westphalia,2015-02-17,1
2354,2016-06-23,2016-07-18,173,l,brown,20,19.9,31310,Mrs,1955-06-10,North Rhine-Westphalia,2015-02-17,1
2355,2016-06-23,2016-06-26,186,xl,black,25,69.9,18709,Mrs,1958-03-12,Lower Saxony,2015-02-17,0
2356,2016-06-23,2016-06-26,371,10+,grey,21,69.95,27984,Mrs,1962-02-05,Lower Saxony,2016-06-24,0
2357,2016-06-23,,27,6,ecru,19,39.9,16329,Mrs,,Lower Saxony,2016-05-05,0
2358,2016-06-23,2016-06-26,660,46,grey,39,39.95,20559,Mrs,1970-11-09,North Rhine-Westphalia,2016-05-18,1
2359,2016-06-23,2016-06-26,516,xl,denim,25,59.9,20559,Mrs,1970-11-09,North Rhine-Westphalia,2016-05-18,0
2360,2016-06-23,2016-06-26,213,xl,ash,3,39.9,20559,Mrs,1970-11-09,North Rhine-Westphalia,2016-05-18,0
2361,2016-06-23,2016-07-04,358,xxl,grey,74,39.9,20559,Mrs,1970-11-09,North Rhine-Westphalia,2016-05-18,0
2362,2016-06-23,2016-06-26,100,38,black,43,69.9,31313,Mrs,1971-12-13,Hesse,2016-06-24,0
2363,2016-06-23,2016-06-26,100,38,brown,43,69.9,31313,Mrs,1971-12-13,Hesse,2016-06-24,1
2364,2016-06-23,2016-06-26,143,l,brown,5,49.9,31314,Mrs,1958-03-31,Lower Saxony,2016-06-24,1
2365,2016-06-23,2016-06-26,8,41,stained,8,12.9,31316,Mrs,1952-01-14,Bavaria,2016-03-21,0
2366,2016-06-23,2016-06-26,242,xl,black,20,59.9,31316,Mrs,1952-01-14,Bavaria,2016-03-21,1
2367,2016-06-23,2016-06-27,27,9,magenta,19,39.9,3625,Mrs,1964-11-09,North Rhine-Westphalia,2015-02-17,0
2368,2016-06-23,2016-06-27,242,xl,black,20,59.9,3625,Mrs,1964-11-09,North Rhine-Westphalia,2015-02-17,1
2369,2016-06-23,2016-06-27,204,xl,white,5,59.9,3625,Mrs,1964-11-09,North Rhine-Westphalia,2015-02-17,1
2370,2016-06-23,2016-07-18,3,xl,azure,3,19.9,3625,Mrs,1964-11-09,North Rhine-Westphalia,2015-02-17,0
2371,2016-06-23,2016-06-26,121,40,blue,43,69.9,22410,Mrs,1968-05-06,Bavaria,2016-06-24,0
2372,2016-06-23,2016-06-26,397,40,red,53,39.9,22410,Mrs,1968-05-06,Bavaria,2016-06-24,0
2373,2016-06-23,2016-06-29,100,39,petrol,43,69.9,31318,Mrs,1980-06-27,North Rhine-Westphalia,2015-08-20,1
2374,2016-06-23,2016-06-29,40,unsized,stained,27,5.5,31318,Mrs,1980-06-27,North Rhine-Westphalia,2015-08-20,1
2375,2016-06-23,2016-06-26,1183,37,purple,26,79.9,31319,Mrs,1970-06-29,Rhineland-Palatinate,2015-08-09,1
2376,2016-06-23,2016-06-26,215,s,denim,28,59.9,31319,Mrs,1970-06-29,Rhineland-Palatinate,2015-08-09,0
2377,2016-06-23,2016-06-26,215,m,denim,28,59.9,31319,Mrs,1970-06-29,Rhineland-Palatinate,2015-08-09,1
2378,2016-06-23,2016-06-26,216,m,blue,29,49.9,31319,Mrs,1970-06-29,Rhineland-Palatinate,2015-08-09,0
2379,2016-06-23,2016-06-26,204,xl,white,5,59.9,13078,Mrs,1957-12-16,Rhineland-Palatinate,2015-04-15,1
2380,2016-06-23,2016-06-26,441,38,blue,53,39.9,31320,Mrs,1964-04-17,Baden-Wuerttemberg,2015-02-17,1
2381,2016-06-23,2016-06-26,246,38,blue,40,119.9,31320,Mrs,1964-04-17,Baden-Wuerttemberg,2015-02-17,1
2382,2016-06-23,2016-06-26,1049,38,green,17,99.9,31320,Mrs,1964-04-17,Baden-Wuerttemberg,2015-02-17,0
2383,2016-06-23,2016-06-28,39,40,blue,26,79.9,31321,Mrs,1955-05-24,North Rhine-Westphalia,2016-06-24,0
2384,2016-06-23,2016-06-28,323,42,black,70,139.9,31321,Mrs,1955-05-24,North Rhine-Westphalia,2016-06-24,1
2385,2016-06-23,,391,6+,silver,48,49.95,31321,Mrs,1955-05-24,North Rhine-Westphalia,2016-06-24,0
2386,2016-06-23,,391,8,grey,48,49.95,31321,Mrs,1955-05-24,North Rhine-Westphalia,2016-06-24,0
2387,2016-06-23,2016-06-26,100,40,red,43,69.9,10686,Mrs,1974-06-08,Thuringia,2015-10-14,1
2388,2016-06-23,2016-06-26,234,m,petrol,36,59.9,10686,Mrs,1974-06-08,Thuringia,2015-10-14,1
2389,2016-06-23,2016-06-26,218,m,turquoise,42,69.9,10686,Mrs,1974-06-08,Thuringia,2015-10-14,1
2390,2016-06-23,2016-06-27,165,38,black,47,89.9,31322,Mrs,1964-02-28,Schleswig-Holstein,2016-06-24,0
2391,2016-06-23,2016-06-27,72,39,grey,1,119.9,31323,Mrs,1964-01-29,North Rhine-Westphalia,2016-06-24,0
2392,2016-06-23,,36,39,turquoise,1,79.9,31323,Mrs,1964-01-29,North Rhine-Westphalia,2016-06-24,0
2393,2016-06-23,2016-06-26,246,39,black,40,79.9,31324,Mrs,1965-03-03,Baden-Wuerttemberg,2015-08-19,0
2394,2016-06-23,2016-06-26,242,s,black,20,59.9,31324,Mrs,1965-03-03,Baden-Wuerttemberg,2015-08-19,0
2395,2016-06-23,2016-06-26,100,40,blue,43,69.9,19230,Mrs,1973-12-18,Bavaria,2015-10-21,1
2396,2016-06-23,2016-06-26,423,xl,blue,33,12.9,19230,Mrs,1973-12-18,Bavaria,2015-10-21,0
2397,2016-06-23,2016-06-26,579,l,petrol,3,19.9,19230,Mrs,1973-12-18,Bavaria,2015-10-21,1
2398,2016-06-23,2016-06-26,579,l,grey,3,19.9,19230,Mrs,1973-12-18,Bavaria,2015-10-21,0
2399,2016-06-23,2016-06-26,63,xl,blue,33,9.9,19230,Mrs,1973-12-18,Bavaria,2015-10-21,1
2400,2016-06-23,,246,40,black,40,79.9,19230,Mrs,1973-12-18,Bavaria,2015-10-21,0
2401,2016-06-23,2016-06-26,57,xl,ash,3,24.9,31325,Mrs,1953-08-11,Saxony,2016-03-12,0
2402,2016-06-23,2016-06-26,57,xl,red,3,24.9,31325,Mrs,1953-08-11,Saxony,2016-03-12,0
2403,2016-06-23,2016-06-26,844,unsized,petrol,59,19.9,31328,Mrs,1949-11-21,Rhineland-Palatinate,2015-02-17,1
2404,2016-06-23,2016-06-26,523,m,magenta,3,7.9,31328,Mrs,1949-11-21,Rhineland-Palatinate,2015-02-17,0
2405,2016-06-23,2016-06-26,523,l,green,3,14.9,31328,Mrs,1949-11-21,Rhineland-Palatinate,2015-02-17,1
2406,2016-06-23,2016-06-26,523,m,green,3,14.9,31328,Mrs,1949-11-21,Rhineland-Palatinate,2015-02-17,0
2407,2016-06-23,2016-06-26,59,unsized,turquoise,32,19.9,31328,Mrs,1949-11-21,Rhineland-Palatinate,2015-02-17,0
2408,2016-06-23,2016-06-26,26,38,petrol,18,89.9,31328,Mrs,1949-11-21,Rhineland-Palatinate,2015-02-17,1
2409,2016-06-23,2016-06-26,22,m,black,14,39.9,31328,Mrs,1949-11-21,Rhineland-Palatinate,2015-02-17,1
2410,2016-06-23,2016-06-26,534,7,stained,21,79.95,31328,Mrs,1949-11-21,Rhineland-Palatinate,2015-02-17,1
2411,2016-06-23,2016-06-26,269,m,brown,42,59.9,31328,Mrs,1949-11-21,Rhineland-Palatinate,2015-02-17,0
2412,2016-06-23,2016-06-28,120,m,baltic blue,48,69.95,31328,Mrs,1949-11-21,Rhineland-Palatinate,2015-02-17,0
2413,2016-06-23,,523,l,magenta,3,7.9,31328,Mrs,1949-11-21,Rhineland-Palatinate,2015-02-17,0
2414,2016-06-23,2016-07-06,22,m,green,14,29.9,31328,Mrs,1949-11-21,Rhineland-Palatinate,2015-02-17,0
2415,2016-06-23,,120,l,baltic blue,48,69.95,31328,Mrs,1949-11-21,Rhineland-Palatinate,2015-02-17,0
2416,2016-06-23,,367,37,blue,18,89.9,31328,Mrs,1949-11-21,Rhineland-Palatinate,2015-02-17,0
2417,2016-06-23,,367,38,blue,18,89.9,31328,Mrs,1949-11-21,Rhineland-Palatinate,2015-02-17,0
2418,2016-06-23,2016-06-26,165,39,purple,47,89.9,31329,Mrs,1957-04-12,Lower Saxony,2015-11-20,0
2419,2016-06-23,2016-06-26,104,38,blue,1,99.9,26813,Mrs,1964-07-11,Lower Saxony,2015-02-17,1
2430,2016-06-23,,36,42,blue,1,79.9,31335,Mrs,1967-01-24,North Rhine-Westphalia,2016-06-24,0
2467,2016-06-23,2016-06-26,121,41,grey,43,69.9,18974,Mrs,1976-10-09,North Rhine-Westphalia,2015-02-17,0
2468,2016-06-23,2016-06-26,704,36,brown,44,100.0,18974,Mrs,1976-10-09,North Rhine-Westphalia,2015-02-17,1
2469,2016-06-23,2016-06-26,105,37,red,45,69.9,18974,Mrs,1976-10-09,North Rhine-Westphalia,2015-02-17,1
2470,2016-06-23,2016-06-26,503,7,brown,21,89.9,18974,Mrs,1976-10-09,North Rhine-Westphalia,2015-02-17,1
2471,2016-06-23,2016-06-26,734,37,red,24,69.9,18974,Mrs,1976-10-09,North Rhine-Westphalia,2015-02-17,0
2472,2016-06-23,2016-06-26,1053,41,brown,45,109.9,18974,Mrs,1976-10-09,North Rhine-Westphalia,2015-02-17,1
2515,2016-06-23,2016-06-26,121,37,brown,43,99.9,21619,Mrs,1958-03-19,Thuringia,2015-02-17,1
2516,2016-06-23,2016-06-26,1053,38,brown,45,109.9,21619,Mrs,1958-03-19,Thuringia,2015-02-17,0
2517,2016-06-23,2016-06-26,700,37,olive,23,99.9,21619,Mrs,1958-03-19,Thuringia,2015-02-17,1
2519,2016-06-23,2016-07-23,1093,40+,black,17,119.9,18580,Mrs,1963-03-14,Hesse,2015-02-17,1
2520,2016-06-23,2016-07-23,103,40,red,17,79.9,18580,Mrs,1963-03-14,Hesse,2015-02-17,0
2521,2016-06-23,2016-07-23,269,xxl,brown,42,59.9,18580,Mrs,1963-03-14,Hesse,2015-02-17,1
2522,2016-06-23,2016-07-05,255,l,olive,37,19.9,31357,Mrs,1967-11-15,North Rhine-Westphalia,2015-10-18,0
2523,2016-06-23,2016-06-27,200,8,grey,12,69.9,31358,Mrs,1974-10-21,Lower Saxony,2015-10-12,1
2524,2016-06-23,2016-06-27,243,8+,mocca,12,99.9,31358,Mrs,1974-10-21,Lower Saxony,2015-10-12,1
2525,2016-06-23,2016-06-27,64,42,brown,18,119.9,31358,Mrs,1974-10-21,Lower Saxony,2015-10-12,1
2526,2016-06-23,2016-06-27,133,42,green,38,99.9,31358,Mrs,1974-10-21,Lower Saxony,2015-10-12,0
2527,2016-06-23,2016-06-26,222,m,ash,3,19.9,31359,Mrs,1900-11-21,Lower Saxony,2015-02-17,0
2528,2016-06-23,2016-06-26,255,m,red,37,19.9,31359,Mrs,1900-11-21,Lower Saxony,2015-02-17,0
2529,2016-06-23,2016-06-26,272,39,black,53,39.9,31359,Mrs,1900-11-21,Lower Saxony,2015-02-17,0
2530,2016-06-23,2016-07-02,814,43,brown,13,59.9,31359,Mrs,1900-11-21,Lower Saxony,2015-02-17,0
2531,2016-06-23,,896,l,blue,33,9.9,31359,Mrs,1900-11-21,Lower Saxony,2015-02-17,0
2532,2016-06-23,,119,39,blue,43,49.9,31359,Mrs,1900-11-21,Lower Saxony,2015-02-17,0
676,2016-06-24,2016-06-27,204,l,white,5,59.9,23102,Mrs,1959-12-29,Brandenburg,2016-06-23,1
677,2016-06-24,2016-06-27,204,l,brown,5,59.9,23102,Mrs,1959-12-29,Brandenburg,2016-06-23,1
680,2016-06-24,,415,40,black,1,79.9,25209,Mrs,1969-01-22,Hesse,2016-06-22,0
682,2016-06-24,2016-06-26,191,l,red,3,9.9,4250,Mrs,1958-03-15,North Rhine-Westphalia,2015-02-17,0
683,2016-06-24,2016-06-26,191,l,blau,3,9.9,4250,Mrs,1958-03-15,North Rhine-Westphalia,2015-02-17,0
684,2016-06-24,,110,38,ocher,1,89.9,4250,Mrs,1958-03-15,North Rhine-Westphalia,2015-02-17,0
685,2016-06-24,2016-06-27,100,41,petrol,43,69.9,30945,Mrs,1967-11-24,North Rhine-Westphalia,2016-06-25,1
686,2016-06-24,2016-06-27,172,41,purple,40,89.9,30945,Mrs,1967-11-24,North Rhine-Westphalia,2016-06-25,1
687,2016-06-24,2016-06-27,557,37,grey,1,129.9,3410,Mrs,1970-07-16,Baden-Wuerttemberg,2016-06-25,1
688,2016-06-24,2016-06-27,39,37,black,26,119.9,3410,Mrs,1970-07-16,Baden-Wuerttemberg,2016-06-25,1
689,2016-06-24,2016-06-27,311,37,brown,38,99.9,3410,Mrs,1970-07-16,Baden-Wuerttemberg,2016-06-25,1
690,2016-06-24,2016-06-26,484,6,brown,19,59.9,18661,Mrs,1966-08-19,Baden-Wuerttemberg,2015-02-17,1
691,2016-06-24,2016-06-26,484,6+,brown,19,59.9,18661,Mrs,1966-08-19,Baden-Wuerttemberg,2015-02-17,1
692,2016-06-24,2016-06-26,150,6+,black,19,59.9,18661,Mrs,1966-08-19,Baden-Wuerttemberg,2015-02-17,1
693,2016-06-24,2016-06-26,61,m,orange,28,79.9,18661,Mrs,1966-08-19,Baden-Wuerttemberg,2015-02-17,1
694,2016-06-24,2016-06-26,61,m,denim,28,59.9,18661,Mrs,1966-08-19,Baden-Wuerttemberg,2015-02-17,1
695,2016-06-24,2016-06-26,82,m,dark denim,5,69.9,18661,Mrs,1966-08-19,Baden-Wuerttemberg,2015-02-17,1
696,2016-06-24,2016-06-26,82,m,berry,5,69.9,18661,Mrs,1966-08-19,Baden-Wuerttemberg,2015-02-17,1
697,2016-06-24,2016-06-26,86,m,olive,5,79.9,18661,Mrs,1966-08-19,Baden-Wuerttemberg,2015-02-17,1
698,2016-06-24,2016-06-26,707,39,black,1,119.9,18661,Mrs,1966-08-19,Baden-Wuerttemberg,2015-02-17,1
699,2016-06-24,2016-07-04,340,39,petrol,40,99.9,18661,Mrs,1966-08-19,Baden-Wuerttemberg,2015-02-17,1
700,2016-06-24,2016-06-26,242,s,black,20,59.9,3153,Mrs,,Berlin,2016-04-06,1
701,2016-06-24,2016-06-27,121,39,grey,43,69.9,30947,Mrs,1966-11-22,Lower Saxony,2016-06-25,1
702,2016-06-24,2016-06-27,121,40,grey,43,69.9,30947,Mrs,1966-11-22,Lower Saxony,2016-06-25,1
703,2016-06-24,2016-06-27,121,38,grey,43,69.9,30947,Mrs,1966-11-22,Lower Saxony,2016-06-25,1
704,2016-06-24,2016-06-27,216,m,blue,29,49.9,30947,Mrs,1966-11-22,Lower Saxony,2016-06-25,0
705,2016-06-24,2016-06-27,216,l,aubergine,29,79.9,30947,Mrs,1966-11-22,Lower Saxony,2016-06-25,1
706,2016-06-24,2016-06-27,439,35,blue,51,69.9,30947,Mrs,1966-11-22,Lower Saxony,2016-06-25,0
707,2016-06-24,2016-06-27,454,39,grey,1,99.9,30947,Mrs,1966-11-22,Lower Saxony,2016-06-25,1
711,2016-06-24,2016-06-26,402,xxl,grey,46,14.9,16312,Mrs,1968-12-05,North Rhine-Westphalia,2015-02-17,0
712,2016-06-24,2016-06-26,49,48,stained,11,69.9,16312,Mrs,1968-12-05,North Rhine-Westphalia,2015-02-17,0
713,2016-06-24,2016-06-26,561,xxl,grey,3,14.9,16312,Mrs,1968-12-05,North Rhine-Westphalia,2015-02-17,0
714,2016-06-24,2016-06-26,100,41,petrol,43,69.9,30950,Mrs,1955-01-23,North Rhine-Westphalia,2015-02-17,1
715,2016-06-24,2016-06-26,32,m,red,3,12.9,30950,Mrs,1955-01-23,North Rhine-Westphalia,2015-02-17,0
716,2016-06-24,2016-06-26,173,m,brown,20,19.9,30950,Mrs,1955-01-23,North Rhine-Westphalia,2015-02-17,1
717,2016-06-24,2016-06-26,258,l,black,3,24.9,30034,Mrs,1958-08-25,Hamburg,2015-02-17,0
718,2016-06-24,2016-06-26,258,l,blue,3,24.9,30034,Mrs,1958-08-25,Hamburg,2015-02-17,0
719,2016-06-24,2016-06-26,258,l,white,3,24.9,30034,Mrs,1958-08-25,Hamburg,2015-02-17,0
720,2016-06-24,2016-06-26,2,l,green,2,19.9,30034,Mrs,1958-08-25,Hamburg,2015-02-17,0
721,2016-06-24,2016-06-26,2,l,black,2,19.9,30034,Mrs,1958-08-25,Hamburg,2015-02-17,0
722,2016-06-24,2016-06-26,346,l,green,5,69.9,24003,Mrs,1969-05-09,Lower Saxony,2016-05-29,1
723,2016-06-24,2016-06-26,346,m,green,5,69.9,24003,Mrs,1969-05-09,Lower Saxony,2016-05-29,1
724,2016-06-24,2016-06-26,96,l,red,3,16.9,24003,Mrs,1969-05-09,Lower Saxony,2016-05-29,0
725,2016-06-24,2016-06-26,96,l,blau,3,16.9,24003,Mrs,1969-05-09,Lower Saxony,2016-05-29,0
726,2016-06-24,2016-06-26,22,l,red,14,29.9,24003,Mrs,1969-05-09,Lower Saxony,2016-05-29,0
727,2016-06-24,2016-06-27,210,xxl,black,2,39.9,30951,Mrs,1976-11-05,Rhineland-Palatinate,2015-12-12,1
728,2016-06-24,2016-06-27,210,xl,black,2,39.9,30951,Mrs,1976-11-05,Rhineland-Palatinate,2015-12-12,1
729,2016-06-24,2016-06-27,67,xl,blue,20,49.9,30951,Mrs,1976-11-05,Rhineland-Palatinate,2015-12-12,1
730,2016-06-24,2016-06-27,612,xl,turquoise,20,49.9,30951,Mrs,1976-11-05,Rhineland-Palatinate,2015-12-12,1
731,2016-06-24,2016-06-27,68,xl,purple,3,19.9,30951,Mrs,1976-11-05,Rhineland-Palatinate,2015-12-12,1
732,2016-06-24,2016-06-27,68,xxl,purple,3,19.9,30951,Mrs,1976-11-05,Rhineland-Palatinate,2015-12-12,1
733,2016-06-24,2016-06-27,68,xl,olive,3,9.9,30951,Mrs,1976-11-05,Rhineland-Palatinate,2015-12-12,0
734,2016-06-24,2016-06-27,68,xxl,olive,3,9.9,30951,Mrs,1976-11-05,Rhineland-Palatinate,2015-12-12,1
735,2016-06-24,2016-06-27,246,41,grey,40,79.9,30951,Mrs,1976-11-05,Rhineland-Palatinate,2015-12-12,1
736,2016-06-24,2016-07-19,246,40,black,40,79.9,30951,Mrs,1976-11-05,Rhineland-Palatinate,2015-12-12,1
737,2016-06-24,,27,7+,black,19,39.9,4758,Mrs,1952-03-25,North Rhine-Westphalia,2015-10-07,0
738,2016-06-24,,27,7+,ecru,19,39.9,4758,Mrs,1952-03-25,North Rhine-Westphalia,2015-10-07,0
739,2016-06-24,2016-06-26,734,39,green,24,69.9,30952,Mrs,1964-07-02,Saxony,2015-02-17,1
740,2016-06-24,2016-06-26,22,l,blue,14,39.9,30952,Mrs,1964-07-02,Saxony,2015-02-17,0
741,2016-06-24,2016-06-26,22,l,orange,14,24.9,30952,Mrs,1964-07-02,Saxony,2015-02-17,1
742,2016-06-24,2016-07-02,479,40,red,17,89.9,30952,Mrs,1964-07-02,Saxony,2015-02-17,0
743,2016-06-24,,660,42,black,39,39.95,30952,Mrs,1964-07-02,Saxony,2015-02-17,0
744,2016-06-24,,660,22,khaki,39,39.95,30952,Mrs,1964-07-02,Saxony,2015-02-17,0
745,2016-06-24,2016-06-26,296,6+,black,19,39.9,14054,Mrs,1971-12-06,North Rhine-Westphalia,2016-06-25,0
746,2016-06-24,2016-06-27,413,m,black,14,59.9,30953,Mrs,1956-03-26,Saarland,2016-06-25,1
747,2016-06-24,2016-06-27,173,m,brown,20,19.9,30953,Mrs,1956-03-26,Saarland,2016-06-25,1
748,2016-06-24,2016-06-26,343,xl,blue,37,49.9,21761,Mrs,1955-08-23,Baden-Wuerttemberg,2016-06-25,0
749,2016-06-24,2016-07-19,36,37,blue,1,79.9,21761,Mrs,1955-08-23,Baden-Wuerttemberg,2016-06-25,1
750,2016-06-24,2016-06-26,14,39,grey,1,129.9,30954,Mrs,1977-02-24,Saxony,2016-06-25,1
751,2016-06-24,2016-06-27,370,s,ocher,31,49.9,30955,Mrs,1966-05-05,North Rhine-Westphalia,2015-07-05,1
752,2016-06-24,2016-06-27,370,m,black,31,49.9,30955,Mrs,1966-05-05,North Rhine-Westphalia,2015-07-05,1
753,2016-06-24,2016-06-27,140,38,black,6,69.9,30955,Mrs,1966-05-05,North Rhine-Westphalia,2015-07-05,0
754,2016-06-24,2016-06-27,32,s,ash,3,21.9,30955,Mrs,1966-05-05,North Rhine-Westphalia,2015-07-05,0
755,2016-06-24,2016-06-27,32,s,black,3,21.9,30955,Mrs,1966-05-05,North Rhine-Westphalia,2015-07-05,0
756,2016-06-24,2016-06-27,972,38,anthracite,90,89.9,30955,Mrs,1966-05-05,North Rhine-Westphalia,2015-07-05,0
757,2016-06-24,2016-06-27,191,s,white,3,21.9,30955,Mrs,1966-05-05,North Rhine-Westphalia,2015-07-05,0
758,2016-06-24,2016-06-27,191,m,blau,3,9.9,30955,Mrs,1966-05-05,North Rhine-Westphalia,2015-07-05,0
759,2016-06-24,2016-06-26,571,xxl,black,14,49.9,19253,Mrs,1956-10-25,Schleswig-Holstein,2016-02-17,0
760,2016-06-24,2016-06-26,6,48,blue,6,79.9,19253,Mrs,1956-10-25,Schleswig-Holstein,2016-02-17,1
761,2016-06-24,,246,37,black,40,79.9,28220,Mrs,1967-07-30,Hesse,2016-06-11,0
762,2016-06-24,,246,37,grey,40,79.9,28220,Mrs,1967-07-30,Hesse,2016-06-11,0
763,2016-06-24,2016-06-26,643,38,navy,30,49.9,29306,Mrs,1973-06-17,Schleswig-Holstein,2016-06-17,0
764,2016-06-24,2016-06-26,261,xxl,turquoise,42,99.9,30956,Mrs,1954-09-27,North Rhine-Westphalia,2016-06-25,1
765,2016-06-24,2016-08-01,895,24,darkblue,39,39.95,30956,Mrs,1954-09-27,North Rhine-Westphalia,2016-06-25,1
766,2016-06-24,2016-06-27,313,l,blue,11,59.9,30957,Mrs,1953-11-14,Lower Saxony,2016-06-25,1
767,2016-06-24,2016-07-02,27,7,ecru,19,39.9,30959,Mrs,,Lower Saxony,2016-06-25,1
768,2016-06-24,,27,6+,black,19,39.9,30959,Mrs,,Lower Saxony,2016-06-25,0
769,2016-06-24,2016-06-27,475,41+,grey,1,139.9,30960,Mr,1968-08-13,Hesse,2016-06-25,0
770,2016-06-24,2016-06-27,316,41+,mocca,1,199.9,30960,Mr,1968-08-13,Hesse,2016-06-25,0
771,2016-06-24,2016-06-27,31,46,khaki,22,39.98,30961,Mr,1972-07-23,Bavaria,2016-06-25,0
772,2016-06-24,2016-06-27,85,39,stained,40,79.9,30963,Mrs,1961-12-05,North Rhine-Westphalia,2016-06-25,1
773,2016-06-24,2016-06-27,164,39,black,47,119.9,30963,Mrs,1961-12-05,North Rhine-Westphalia,2016-06-25,1
774,2016-06-24,2016-06-27,703,l,blue,37,29.9,30964,Mr,1989-11-22,Hesse,2016-06-25,0
775,2016-06-24,2016-06-27,19,l,grey,14,69.9,30964,Mr,1989-11-22,Hesse,2016-06-25,0
776,2016-06-24,2016-06-27,64,38,brown,18,119.9,30965,Mrs,1964-09-19,Bavaria,2016-06-25,0
777,2016-06-24,2016-06-27,100,39,blue,43,69.9,30966,Mrs,1963-11-07,North Rhine-Westphalia,2016-06-25,0
806,2016-06-24,2016-06-26,409,l,black,5,99.9,16411,Mrs,,North Rhine-Westphalia,2016-05-05,0
807,2016-06-24,2016-06-26,255,l,red,37,19.9,16411,Mrs,,North Rhine-Westphalia,2016-05-05,0
857,2016-06-24,2016-06-27,58,xl,magenta,31,89.9,30991,Mrs,1970-07-11,Hesse,2016-06-25,1
858,2016-06-24,2016-06-27,226,xl,grey,3,24.9,30991,Mrs,1970-07-11,Hesse,2016-06-25,0
859,2016-06-24,2016-06-27,226,xl,ash,3,14.9,30991,Mrs,1970-07-11,Hesse,2016-06-25,0
860,2016-06-24,2016-06-27,217,xl,black,29,59.9,30991,Mrs,1970-07-11,Hesse,2016-06-25,0
861,2016-06-24,2016-06-27,1,42,magenta,1,119.9,30991,Mrs,1970-07-11,Hesse,2016-06-25,1
862,2016-06-24,2016-06-27,76,xl,white,37,29.9,30991,Mrs,1970-07-11,Hesse,2016-06-25,1
863,2016-06-24,2016-06-27,76,xl,black,37,29.9,30991,Mrs,1970-07-11,Hesse,2016-06-25,1
864,2016-06-24,2016-06-26,170,42,black,54,119.9,3742,Mrs,1965-05-05,Brandenburg,2015-02-17,1
865,2016-06-24,,1116,38,red,104,39.9,30992,Mrs,,Bavaria,2016-06-25,0
866,2016-06-24,2016-06-27,135,m,red,33,14.9,30994,Mrs,1971-07-05,Baden-Wuerttemberg,2016-06-25,0
867,2016-06-24,2016-06-27,135,l,beige,33,14.9,30994,Mrs,1971-07-05,Baden-Wuerttemberg,2016-06-25,0
868,2016-06-24,2016-06-27,176,40,blue,1,129.9,30994,Mrs,1971-07-05,Baden-Wuerttemberg,2016-06-25,0
869,2016-06-24,2016-06-26,479,37,red,17,89.9,30995,Mr,1974-10-31,North Rhine-Westphalia,2015-02-17,0
870,2016-06-24,2016-08-10,479,38,red,17,89.9,30995,Mr,1974-10-31,North Rhine-Westphalia,2015-02-17,1
871,2016-06-24,2016-06-26,212,xxl,grey,5,39.9,22243,Mrs,1965-11-27,North Rhine-Westphalia,2016-02-05,1
872,2016-06-24,2016-06-26,296,7+,ecru,19,39.9,22243,Mrs,1965-11-27,North Rhine-Westphalia,2016-02-05,0
873,2016-06-24,2016-06-26,246,40,ocher,40,79.9,22243,Mrs,1965-11-27,North Rhine-Westphalia,2016-02-05,1
874,2016-06-24,2016-06-26,85,40,stained,40,79.9,22243,Mrs,1965-11-27,North Rhine-Westphalia,2016-02-05,1
875,2016-06-24,2016-06-26,683,unsized,grey,46,7.9,317,Mrs,1955-02-04,Saarland,2016-03-18,0
876,2016-06-24,2016-06-26,242,m,black,20,59.9,317,Mrs,1955-02-04,Saarland,2016-03-18,0
877,2016-06-24,2016-06-27,142,xl,red,49,99.9,30996,Mrs,1964-02-14,Hamburg,2015-02-17,0
878,2016-06-24,2016-06-27,218,xl,turquoise,42,69.9,30996,Mrs,1964-02-14,Hamburg,2015-02-17,0
879,2016-06-24,2016-06-27,394,38,black,44,90.0,30996,Mrs,1964-02-14,Hamburg,2015-02-17,0
880,2016-06-24,2016-06-27,69,m,green,5,54.9,30997,Mrs,,Baden-Wuerttemberg,2016-06-25,1
881,2016-06-24,2016-06-27,69,l,hibiscus,5,34.9,30997,Mrs,,Baden-Wuerttemberg,2016-06-25,0
882,2016-06-24,2016-06-27,187,l,green,14,39.9,30997,Mrs,,Baden-Wuerttemberg,2016-06-25,1
883,2016-06-24,2016-06-27,217,l,green,29,59.9,30997,Mrs,,Baden-Wuerttemberg,2016-06-25,1
884,2016-06-24,2016-06-27,96,l,blue,3,19.9,30997,Mrs,,Baden-Wuerttemberg,2016-06-25,0
885,2016-06-24,2016-06-27,204,m,red,5,59.9,30997,Mrs,,Baden-Wuerttemberg,2016-06-25,1
886,2016-06-24,2016-06-26,194,xl,yellow,5,69.9,30998,Mrs,1949-10-04,Bavaria,2015-02-26,1
887,2016-06-24,2016-06-26,173,xl,brown,20,19.9,30998,Mrs,1949-10-04,Bavaria,2015-02-26,1
888,2016-06-24,2016-06-26,629,xxl,denim,25,49.9,30998,Mrs,1949-10-04,Bavaria,2015-02-26,1
889,2016-06-24,,33,xl,aubergine,5,69.9,30998,Mrs,1949-10-04,Bavaria,2015-02-26,0
890,2016-06-24,2016-08-30,200,4+,brown,12,69.9,30275,Mrs,1944-10-12,Berlin,2015-02-17,1
891,2016-06-24,2016-06-27,204,m,yellow,5,59.9,30999,Mrs,1954-08-28,Schleswig-Holstein,2016-06-25,0
892,2016-06-24,2016-06-27,61,xl,orange,28,79.9,31000,Mrs,,Lower Saxony,2016-06-25,1
893,2016-06-24,2016-06-27,62,unsized,ash,5,14.9,31000,Mrs,,Lower Saxony,2016-06-25,0
894,2016-06-24,2016-06-27,331,unsized,azure,32,9.9,31000,Mrs,,Lower Saxony,2016-06-25,0
895,2016-06-24,2016-06-27,82,xl,white,5,69.9,31000,Mrs,,Lower Saxony,2016-06-25,1
896,2016-06-24,2016-06-27,59,unsized,grey,32,19.9,31000,Mrs,,Lower Saxony,2016-06-25,0
897,2016-06-24,2016-06-27,32,xl,white,3,24.9,31000,Mrs,,Lower Saxony,2016-06-25,0
898,2016-06-24,,59,unsized,green,32,19.9,31000,Mrs,,Lower Saxony,2016-06-25,0
899,2016-06-24,2016-06-26,150,4,brown,19,59.9,31002,Mrs,1951-08-12,Lower Saxony,2015-02-17,1
900,2016-06-24,2016-07-20,8,39,stained,8,12.9,31003,Mrs,1958-06-11,North Rhine-Westphalia,2015-02-17,0
901,2016-06-24,2016-07-20,642,38,green,15,44.95,31003,Mrs,1958-06-11,North Rhine-Westphalia,2015-02-17,0
902,2016-06-24,2016-07-20,642,38,red,15,44.95,31003,Mrs,1958-06-11,North Rhine-Westphalia,2015-02-17,0
903,2016-06-24,2016-07-06,71,7+,red,21,69.95,31004,Mrs,,Bavaria,2016-06-25,1
904,2016-06-24,,158,38,nature,54,59.9,31004,Mrs,,Bavaria,2016-06-25,0
905,2016-06-24,,199,38,grey,4,69.95,31004,Mrs,,Bavaria,2016-06-25,0
906,2016-06-24,2016-06-27,242,xl,black,20,59.9,31005,Mrs,1965-03-03,Baden-Wuerttemberg,2016-06-25,1
907,2016-06-24,2016-06-27,173,xl,brown,20,19.9,31005,Mrs,1965-03-03,Baden-Wuerttemberg,2016-06-25,1
908,2016-06-24,2016-06-27,238,xl,petrol,20,59.9,31005,Mrs,1965-03-03,Baden-Wuerttemberg,2016-06-25,1
909,2016-06-24,2016-06-27,32,xl,grey,3,24.9,31005,Mrs,1965-03-03,Baden-Wuerttemberg,2016-06-25,1
910,2016-06-24,2016-06-26,8,39,stained,8,12.9,6309,Mrs,1925-02-23,Baden-Wuerttemberg,2016-04-10,0
911,2016-06-24,2016-06-26,629,l,denim,25,49.9,6309,Mrs,1925-02-23,Baden-Wuerttemberg,2016-04-10,0
912,2016-06-24,,485,39,black,70,139.9,6309,Mrs,1925-02-23,Baden-Wuerttemberg,2016-04-10,0
913,2016-06-24,2016-06-27,218,m,turquoise,42,69.9,31006,Mrs,1968-11-12,North Rhine-Westphalia,2015-02-17,0
914,2016-06-24,2016-06-27,575,42,purple,78,59.9,31006,Mrs,1968-11-12,North Rhine-Westphalia,2015-02-17,1
915,2016-06-24,2016-06-27,173,m,brown,20,19.9,31006,Mrs,1968-11-12,North Rhine-Westphalia,2015-02-17,1
916,2016-06-24,2016-06-27,90,41,blue,24,69.9,31006,Mrs,1968-11-12,North Rhine-Westphalia,2015-02-17,0
917,2016-06-24,2016-06-27,343,m,hibiscus,37,49.9,31006,Mrs,1968-11-12,North Rhine-Westphalia,2015-02-17,0
918,2016-06-24,2016-06-27,140,42,blue,6,69.9,31006,Mrs,1968-11-12,North Rhine-Westphalia,2015-02-17,0
919,2016-06-24,2016-06-27,588,m,black,14,49.9,31006,Mrs,1968-11-12,North Rhine-Westphalia,2015-02-17,0
920,2016-06-24,2016-06-27,100,40,brown,43,69.9,31008,Mrs,1979-01-18,North Rhine-Westphalia,2015-02-17,1
921,2016-06-24,2016-06-27,100,41,brown,43,69.9,31008,Mrs,1979-01-18,North Rhine-Westphalia,2015-02-17,1
922,2016-06-24,2016-06-27,100,41,black,43,69.9,31008,Mrs,1979-01-18,North Rhine-Westphalia,2015-02-17,1
923,2016-06-24,2016-06-27,100,40,black,43,69.9,31008,Mrs,1979-01-18,North Rhine-Westphalia,2015-02-17,1
924,2016-06-24,2016-06-27,462,40,ocher,1,59.9,31008,Mrs,1979-01-18,North Rhine-Westphalia,2015-02-17,1
925,2016-06-24,2016-06-27,1051,41,mocca,43,89.9,31008,Mrs,1979-01-18,North Rhine-Westphalia,2015-02-17,1
926,2016-06-24,2016-07-02,462,40,mocca,1,59.9,31008,Mrs,1979-01-18,North Rhine-Westphalia,2015-02-17,1
927,2016-06-24,,219,42,mango,38,69.9,31008,Mrs,1979-01-18,North Rhine-Westphalia,2015-02-17,0
928,2016-06-24,,219,40,purple,38,69.9,31008,Mrs,1979-01-18,North Rhine-Westphalia,2015-02-17,0
929,2016-06-24,2016-06-27,699,40,ocher,39,44.95,3740,Mrs,1963-02-24,North Rhine-Westphalia,2015-04-15,0
930,2016-06-24,2016-07-18,660,40,nature,39,39.95,3740,Mrs,1963-02-24,North Rhine-Westphalia,2015-04-15,0
931,2016-06-24,2016-06-27,8,41,stained,8,12.9,31009,Mrs,1977-08-30,Bavaria,2016-06-25,0
932,2016-06-24,2016-06-26,216,xxl,ocher,29,49.9,19973,Mrs,1949-11-21,Baden-Wuerttemberg,2015-05-19,1
933,2016-06-24,2016-06-26,57,xxl,purple,3,29.9,19973,Mrs,1949-11-21,Baden-Wuerttemberg,2015-05-19,1
934,2016-06-24,2016-06-26,143,xxl,olive,5,59.9,19973,Mrs,1949-11-21,Baden-Wuerttemberg,2015-05-19,1
935,2016-06-24,2016-06-26,143,xxl,brown,5,49.9,19973,Mrs,1949-11-21,Baden-Wuerttemberg,2015-05-19,1
936,2016-06-24,2016-06-27,320,48,denim,25,69.9,31010,Mrs,,Berlin,2016-06-25,1
937,2016-06-24,2016-06-27,443,48,blue,25,69.9,31010,Mrs,,Berlin,2016-06-25,1
938,2016-06-24,2016-06-27,186,xl,denim,25,69.9,31010,Mrs,,Berlin,2016-06-25,1
939,2016-06-24,2016-06-27,57,xl,blue,3,34.9,31010,Mrs,,Berlin,2016-06-25,0
940,2016-06-24,2016-06-27,57,xl,mocca,3,34.9,31010,Mrs,,Berlin,2016-06-25,0
941,2016-06-24,2016-06-27,425,xl,grey,46,24.9,31010,Mrs,,Berlin,2016-06-25,1
942,2016-06-24,2016-06-27,138,xl,grey,46,19.9,31010,Mrs,,Berlin,2016-06-25,1
943,2016-06-24,2016-06-27,133,39,brown,38,139.9,31010,Mrs,,Berlin,2016-06-25,1
944,2016-06-24,2016-06-27,22,m,white,14,39.9,31011,Mrs,,Lower Saxony,2016-06-25,0
945,2016-06-24,2016-07-20,806,37,green,15,35.45,10171,Mrs,1983-04-09,Schleswig-Holstein,2015-02-17,0
946,2016-06-24,2016-07-20,806,37,ancient,15,35.45,10171,Mrs,1983-04-09,Schleswig-Holstein,2015-02-17,0
947,2016-06-24,2016-06-26,343,xxl,black,37,24.9,31012,Mrs,1976-10-29,Mecklenburg-Western Pomerania,2016-03-13,0
948,2016-06-24,2016-06-26,343,xxl,olive,37,24.9,31012,Mrs,1976-10-29,Mecklenburg-Western Pomerania,2016-03-13,0
949,2016-06-24,2016-06-28,146,xxl,olive,3,24.9,31012,Mrs,1976-10-29,Mecklenburg-Western Pomerania,2016-03-13,0
950,2016-06-24,2016-06-26,298,l,petrol,36,69.9,31013,Mrs,1965-01-13,Hesse,2015-02-17,0
951,2016-06-24,2016-06-26,534,8,stained,21,79.95,31013,Mrs,1965-01-13,Hesse,2015-02-17,0
952,2016-06-24,2016-06-26,319,39,blue,40,129.9,31013,Mrs,1965-01-13,Hesse,2015-02-17,0
953,2016-06-24,1994-12-31,702,40,black,55,129.9,31014,Mrs,1961-12-05,Saxony,2015-02-17,1
954,2016-06-24,2016-06-26,242,m,black,20,59.9,31015,Mrs,1968-10-09,Baden-Wuerttemberg,2015-04-17,0
955,2016-06-24,2016-06-26,22,m,green,14,29.9,31015,Mrs,1968-10-09,Baden-Wuerttemberg,2015-04-17,0
956,2016-06-24,2016-06-26,168,38,red,1,89.9,31015,Mrs,1968-10-09,Baden-Wuerttemberg,2015-04-17,0
957,2016-06-24,,736,38+,grey,1,149.9,31015,Mrs,1968-10-09,Baden-Wuerttemberg,2015-04-17,0
958,2016-06-24,2016-06-26,173,m,brown,20,19.9,31016,Mrs,1975-11-03,Baden-Wuerttemberg,2015-10-23,0
959,2016-06-24,2016-06-27,182,40,black,17,109.9,31017,Mrs,,Baden-Wuerttemberg,2016-06-25,1
960,2016-06-24,2016-06-26,70,44,blue,34,24.9,9347,Mrs,1985-01-06,North Rhine-Westphalia,2015-09-04,0
961,2016-06-24,2016-06-26,1372,44,beige,6,49.9,9347,Mrs,1985-01-06,North Rhine-Westphalia,2015-09-04,1
962,2016-06-24,2016-06-26,507,41,blue,53,49.9,9347,Mrs,1985-01-06,North Rhine-Westphalia,2015-09-04,0
963,2016-06-24,2016-06-26,546,l,berry,3,59.9,31019,Mrs,1957-03-21,North Rhine-Westphalia,2015-11-29,0
964,2016-06-24,2016-06-26,190,l,red,3,19.9,31019,Mrs,1957-03-21,North Rhine-Westphalia,2015-11-29,0
965,2016-06-24,,90,39,ocher,24,99.9,30169,Mrs,1965-12-28,Lower Saxony,2016-06-25,0
966,2016-06-24,2016-06-27,8,41,stained,8,12.9,31021,Mrs,,Berlin,2016-06-25,0
967,2016-06-24,2016-06-27,346,xl,white,5,69.9,29621,Mrs,1974-12-03,Brandenburg,2016-06-18,0
968,2016-06-24,2016-06-27,51,xl,olive,5,69.9,29621,Mrs,1974-12-03,Brandenburg,2016-06-18,0
969,2016-06-24,2016-06-27,6,24,black,6,79.9,29621,Mrs,1974-12-03,Brandenburg,2016-06-18,1
970,2016-06-24,2016-06-27,25,xl,ocher,5,79.9,29621,Mrs,1974-12-03,Brandenburg,2016-06-18,1
971,2016-06-24,2016-06-27,212,xl,black,5,69.9,29621,Mrs,1974-12-03,Brandenburg,2016-06-18,0
972,2016-06-24,,212,xl,white,5,69.9,29621,Mrs,1974-12-03,Brandenburg,2016-06-18,0
973,2016-06-24,2016-06-27,87,s,yellow,5,39.9,31024,Mrs,,Berlin,2016-06-25,0
974,2016-06-24,2016-06-27,235,s,azure,14,39.9,31024,Mrs,,Berlin,2016-06-25,1
975,2016-06-24,2016-06-27,51,s,azure,5,39.9,31024,Mrs,,Berlin,2016-06-25,1
976,2016-06-24,2016-06-28,68,xl,black,3,19.9,31025,Mrs,1958-09-21,North Rhine-Westphalia,2015-02-17,1
977,2016-06-24,2016-06-28,116,l,black,5,59.9,31025,Mrs,1958-09-21,North Rhine-Westphalia,2015-02-17,1
978,2016-06-24,2016-06-28,116,m,grey,5,59.9,31025,Mrs,1958-09-21,North Rhine-Westphalia,2015-02-17,1
979,2016-06-24,2016-06-28,219,40,black,38,99.9,31025,Mrs,1958-09-21,North Rhine-Westphalia,2015-02-17,1
980,2016-06-24,2016-06-28,45,m,black,5,79.9,31025,Mrs,1958-09-21,North Rhine-Westphalia,2015-02-17,1
981,2016-06-24,,68,l,black,3,19.9,31025,Mrs,1958-09-21,North Rhine-Westphalia,2015-02-17,0
982,2016-06-24,2016-06-26,54,xl,grey,30,19.9,31026,Mrs,1966-11-01,Hesse,2016-06-25,0
983,2016-06-24,2016-06-26,54,xxl,grey,30,19.9,31026,Mrs,1966-11-01,Hesse,2016-06-25,0
984,2016-06-24,,54,xl,navy,30,32.95,31026,Mrs,1966-11-01,Hesse,2016-06-25,0
985,2016-06-24,,54,xxl,navy,30,32.95,31026,Mrs,1966-11-01,Hesse,2016-06-25,0
986,2016-06-24,2016-06-26,100,38,black,43,69.9,3735,Mrs,1962-08-30,Bavaria,2015-02-17,1
987,2016-06-24,2016-06-26,114,38,black,43,79.9,3735,Mrs,1962-08-30,Bavaria,2015-02-17,0
988,2016-06-24,2016-06-26,175,xl,olive,3,16.9,3735,Mrs,1962-08-30,Bavaria,2015-02-17,0
989,2016-06-24,2016-06-26,175,xl,white,3,16.9,3735,Mrs,1962-08-30,Bavaria,2015-02-17,0
990,2016-06-24,2016-06-26,174,unsized,black,28,39.9,14696,Mrs,1964-07-29,Lower Saxony,2015-11-27,0
991,2016-06-24,2016-06-26,144,xl,black,14,49.9,14696,Mrs,1964-07-29,Lower Saxony,2015-11-27,1
992,2016-06-24,2016-06-26,53,38,denim,30,19.9,14696,Mrs,1964-07-29,Lower Saxony,2015-11-27,0
993,2016-06-24,2016-06-26,555,152,navy,30,19.95,14696,Mrs,1964-07-29,Lower Saxony,2015-11-27,0
994,2016-06-24,2016-06-26,394,38,black,44,90.0,10845,Mrs,1988-01-25,Schleswig-Holstein,2016-04-20,1
995,2016-06-24,2016-06-26,181,42,green,17,119.9,31029,Mrs,1962-06-30,North Rhine-Westphalia,2016-06-25,0
996,2016-06-24,2016-06-26,560,42,brown,1,109.9,31029,Mrs,1962-06-30,North Rhine-Westphalia,2016-06-25,1
997,2016-06-24,2016-06-26,126,8+,green,21,79.95,4058,Mrs,1953-06-10,Bavaria,2016-03-17,1
998,2016-06-24,2016-06-28,895,42,ocher,39,39.95,4058,Mrs,1953-06-10,Bavaria,2016-03-17,0
999,2016-06-24,2016-06-27,170,43,blue,54,119.9,31031,Mrs,1974-01-10,North Rhine-Westphalia,2015-02-17,0
1000,2016-06-24,2016-06-27,212,l,petrol,5,39.9,31032,Mrs,1965-12-11,Berlin,2016-06-25,1
1001,2016-06-24,2016-06-27,213,l,ash,3,39.9,31032,Mrs,1965-12-11,Berlin,2016-06-25,0
1002,2016-06-24,2016-06-27,8,39,stained,8,12.9,31032,Mrs,1965-12-11,Berlin,2016-06-25,0
1003,2016-06-24,2016-06-27,138,l,blue,46,19.9,31032,Mrs,1965-12-11,Berlin,2016-06-25,0
1004,2016-06-24,2016-06-27,255,l,olive,37,19.9,31032,Mrs,1965-12-11,Berlin,2016-06-25,1
1005,2016-06-24,,211,38,black,1,89.9,31033,Mrs,1986-11-02,Rhineland-Palatinate,2016-06-25,0
1006,2016-06-24,,211,39,black,1,89.9,31033,Mrs,1986-11-02,Rhineland-Palatinate,2016-06-25,0
1007,2016-06-24,,211,38,mocca,1,69.9,31033,Mrs,1986-11-02,Rhineland-Palatinate,2016-06-25,0
1008,2016-06-24,,211,39,mocca,1,69.9,31033,Mrs,1986-11-02,Rhineland-Palatinate,2016-06-25,0
1009,2016-06-24,,604,39,black,1,159.9,31033,Mrs,1986-11-02,Rhineland-Palatinate,2016-06-25,0
1010,2016-06-24,,661,s,white,5,59.9,31033,Mrs,1986-11-02,Rhineland-Palatinate,2016-06-25,0
1011,2016-06-24,,271,s,petrol,5,59.9,31033,Mrs,1986-11-02,Rhineland-Palatinate,2016-06-25,0
1012,2016-06-24,2016-06-26,100,39,brown,43,69.9,23438,Mrs,1951-11-24,Brandenburg,2015-02-17,1
1013,2016-06-24,2016-06-26,100,39,blue,43,69.9,23438,Mrs,1951-11-24,Brandenburg,2015-02-17,1
1014,2016-06-24,2016-06-27,579,xl,petrol,3,19.9,31034,Mrs,,Saxony-Anhalt,2016-06-25,1
1015,2016-06-24,2016-06-27,57,xl,mocca,3,39.9,31034,Mrs,,Saxony-Anhalt,2016-06-25,1
1016,2016-06-24,2016-06-27,54,xl,grey,30,19.9,31034,Mrs,,Saxony-Anhalt,2016-06-25,1
1017,2016-06-24,2016-06-27,278,42,brown,50,79.95,31035,Mrs,1962-11-23,Schleswig-Holstein,2016-06-25,0
1018,2016-06-24,2016-06-27,635,41,purple,15,42.95,31035,Mrs,1962-11-23,Schleswig-Holstein,2016-06-25,1
1019,2016-06-24,2016-06-27,484,6,brown,19,59.9,31035,Mrs,1962-11-23,Schleswig-Holstein,2016-06-25,1
1020,2016-06-24,2016-06-27,512,42,purple,1,119.9,31035,Mrs,1962-11-23,Schleswig-Holstein,2016-06-25,1
1021,2016-06-24,,635,42,purple,15,44.95,31035,Mrs,1962-11-23,Schleswig-Holstein,2016-06-25,0
1022,2016-06-24,,635,41,white,15,42.95,31035,Mrs,1962-11-23,Schleswig-Holstein,2016-06-25,0
1023,2016-06-24,2016-06-27,313,xl,orange,11,59.9,22147,Mrs,1971-12-05,North Rhine-Westphalia,2015-06-11,1
1024,2016-06-24,2016-06-27,313,l,red,11,59.9,22147,Mrs,1971-12-05,North Rhine-Westphalia,2015-06-11,1
1025,2016-06-24,2016-06-27,313,xl,red,11,59.9,22147,Mrs,1971-12-05,North Rhine-Westphalia,2015-06-11,1
1026,2016-06-24,2016-06-27,313,l,blue,11,59.9,22147,Mrs,1971-12-05,North Rhine-Westphalia,2015-06-11,1
1027,2016-06-24,2016-06-27,313,xl,blue,11,59.9,22147,Mrs,1971-12-05,North Rhine-Westphalia,2015-06-11,1
1028,2016-06-24,2016-06-27,343,xl,blue,37,49.9,22147,Mrs,1971-12-05,North Rhine-Westphalia,2015-06-11,1
1029,2016-06-24,2016-06-27,146,l,ash,3,24.9,22147,Mrs,1971-12-05,North Rhine-Westphalia,2015-06-11,1
1030,2016-06-24,2016-06-27,146,l,green,3,21.9,22147,Mrs,1971-12-05,North Rhine-Westphalia,2015-06-11,1
1031,2016-06-24,2016-06-27,146,xl,green,3,21.9,22147,Mrs,1971-12-05,North Rhine-Westphalia,2015-06-11,0
1032,2016-06-24,2016-06-27,263,xl,denim,5,69.9,22147,Mrs,1971-12-05,North Rhine-Westphalia,2015-06-11,1
1033,2016-06-24,2016-06-27,263,xxl,denim,5,69.9,22147,Mrs,1971-12-05,North Rhine-Westphalia,2015-06-11,1
1034,2016-06-24,2016-06-27,173,xl,brown,20,19.9,22147,Mrs,1971-12-05,North Rhine-Westphalia,2015-06-11,1
1035,2016-06-24,2016-06-26,216,xl,blue,29,49.9,21430,Mrs,1969-03-20,Hamburg,2016-05-30,1
1036,2016-06-24,2016-06-26,166,44,berry,6,69.9,21430,Mrs,1969-03-20,Hamburg,2016-05-30,1
1037,2016-06-24,2016-06-26,146,l,green,3,24.9,21430,Mrs,1969-03-20,Hamburg,2016-05-30,1
1038,2016-06-24,2016-06-28,287,41,blue,61,29.9,21430,Mrs,1969-03-20,Hamburg,2016-05-30,0
1039,2016-06-24,,83,46,ocher,39,49.95,21430,Mrs,1969-03-20,Hamburg,2016-05-30,0
1040,2016-06-24,2016-06-26,251,37,black,12,69.9,11687,Mrs,1961-06-21,Lower Saxony,2015-02-17,0
1041,2016-06-24,2016-06-26,200,4,brown,12,69.9,11687,Mrs,1961-06-21,Lower Saxony,2015-02-17,1
1042,2016-06-24,2016-06-26,2,s,green,2,19.9,31037,Mrs,,Hesse,2016-06-25,1
1043,2016-06-24,2016-06-26,124,l,curry,46,19.9,31037,Mrs,,Hesse,2016-06-25,1
1044,2016-06-24,2016-06-26,71,7+,ocher,21,69.95,16060,Mrs,1980-01-05,Baden-Wuerttemberg,2015-02-17,1
1045,2016-06-24,2016-06-27,302,42,petrol,11,29.9,31039,Mrs,,Schleswig-Holstein,2016-02-29,1
1046,2016-06-24,2016-06-27,683,unsized,grey,46,7.9,31039,Mrs,,Schleswig-Holstein,2016-02-29,0
1047,2016-06-24,2016-06-27,222,l,denim,3,19.9,31039,Mrs,,Schleswig-Holstein,2016-02-29,0
1048,2016-06-24,2016-06-27,222,m,ash,3,19.9,31039,Mrs,,Schleswig-Holstein,2016-02-29,0
1049,2016-06-24,2016-06-26,612,xl,turquoise,20,49.9,30169,Mrs,1965-12-28,Lower Saxony,2016-06-25,0
1050,2016-06-24,2016-06-26,90,38,red,24,69.9,30169,Mrs,1965-12-28,Lower Saxony,2016-06-25,1
1051,2016-06-24,2016-06-26,90,39,ocher,24,99.9,30169,Mrs,1965-12-28,Lower Saxony,2016-06-25,1
1052,2016-06-24,2016-07-02,90,39,red,24,69.9,30169,Mrs,1965-12-28,Lower Saxony,2016-06-25,0
1053,2016-06-24,2016-06-27,405,41,brown,18,79.9,31040,Mrs,1964-03-19,Rhineland-Palatinate,2016-06-25,1
1054,2016-06-24,,27,7+,blue,19,39.9,31040,Mrs,1964-03-19,Rhineland-Palatinate,2016-06-25,0
1055,2016-06-24,2016-06-27,181,39,ecru,17,119.9,31041,Mrs,,Rhineland-Palatinate,2016-06-25,0
1056,2016-06-24,,181,39,blue,17,119.9,31041,Mrs,,Rhineland-Palatinate,2016-06-25,0
1057,2016-06-24,,84,l,aubergine,5,59.9,31042,Mrs,1948-01-24,Saarland,2016-06-25,0
1058,2016-06-24,,84,l,ivory,5,59.9,31042,Mrs,1948-01-24,Saarland,2016-06-25,0
1059,2016-06-24,2016-06-26,234,xxl,petrol,36,59.9,26815,Mrs,1967-07-14,Saxony-Anhalt,2016-06-06,0
1060,2016-06-24,2016-06-26,108,xxl,blue,46,29.9,26815,Mrs,1967-07-14,Saxony-Anhalt,2016-06-06,0
1061,2016-06-24,2016-06-26,177,39+,brown,1,99.9,31043,Mrs,1970-01-02,Schleswig-Holstein,2015-02-17,0
1062,2016-06-24,2016-06-26,156,46,blue,34,29.9,31043,Mrs,1970-01-02,Schleswig-Holstein,2015-02-17,1
1063,2016-06-24,2016-06-26,156,23,white,34,29.9,31043,Mrs,1970-01-02,Schleswig-Holstein,2015-02-17,0
1064,2016-06-24,2016-06-26,463,46,beige,25,39.9,31043,Mrs,1970-01-02,Schleswig-Holstein,2015-02-17,1
1065,2016-06-24,2016-06-26,67,m,blue,20,49.9,31044,Mrs,1961-04-23,Hesse,2015-02-17,0
1066,2016-06-24,2016-06-26,47,l,blue,11,79.9,31044,Mrs,1961-04-23,Hesse,2015-02-17,0
1067,2016-06-24,2016-06-26,67,s,blue,20,49.9,31044,Mrs,1961-04-23,Hesse,2015-02-17,1
1068,2016-06-24,2016-06-26,331,unsized,azure,32,9.9,31044,Mrs,1961-04-23,Hesse,2015-02-17,0
1069,2016-06-24,2016-06-26,48,l,blue,3,24.9,31044,Mrs,1961-04-23,Hesse,2015-02-17,1
1070,2016-06-24,,68,m,purple,3,19.9,31044,Mrs,1961-04-23,Hesse,2015-02-17,0
1071,2016-06-24,,68,s,purple,3,19.9,31044,Mrs,1961-04-23,Hesse,2015-02-17,0
1072,2016-06-24,2016-06-26,222,xl,blue,3,19.9,21056,Mrs,1965-04-02,Berlin,2015-02-17,0
1073,2016-06-24,2016-06-26,135,xxl,blue,33,14.9,21056,Mrs,1965-04-02,Berlin,2015-02-17,0
1074,2016-06-24,2016-06-26,423,xl,blue,33,12.9,21056,Mrs,1965-04-02,Berlin,2015-02-17,0
1075,2016-06-24,2016-06-26,1123,unsized,stained,60,69.9,24279,Mrs,1952-08-14,North Rhine-Westphalia,2016-05-30,1
1076,2016-06-24,,85,39,blue,40,109.9,24279,Mrs,1952-08-14,North Rhine-Westphalia,2016-05-30,0
1077,2016-06-24,2016-06-27,741,xl,black,28,79.9,31045,Mrs,,North Rhine-Westphalia,2016-06-25,1
1078,2016-06-24,2016-06-27,146,xl,black,3,21.9,31045,Mrs,,North Rhine-Westphalia,2016-06-25,0
1079,2016-06-24,2016-07-18,146,xl,brown,3,21.9,31045,Mrs,,North Rhine-Westphalia,2016-06-25,0
1080,2016-06-24,2016-06-27,660,40,khaki,39,39.95,31047,Mrs,1971-12-05,Lower Saxony,2015-02-17,1
1081,2016-06-24,2016-06-27,226,m,olive,3,14.9,31047,Mrs,1971-12-05,Lower Saxony,2015-02-17,1
1082,2016-06-24,2016-06-27,226,m,ash,3,14.9,31047,Mrs,1971-12-05,Lower Saxony,2015-02-17,1
1083,2016-06-24,2016-06-27,405,38,brown,18,79.9,31047,Mrs,1971-12-05,Lower Saxony,2015-02-17,1
1084,2016-06-24,2016-06-27,367,38,blue,18,89.9,31047,Mrs,1971-12-05,Lower Saxony,2015-02-17,1
1085,2016-06-24,2016-07-18,660,40,nature,39,39.95,31047,Mrs,1971-12-05,Lower Saxony,2015-02-17,0
1086,2016-06-24,2016-07-18,539,40,grey,72,89.9,31047,Mrs,1971-12-05,Lower Saxony,2015-02-17,1
1087,2016-06-24,,660,38,khaki,39,39.95,31047,Mrs,1971-12-05,Lower Saxony,2015-02-17,0
1088,2016-06-24,2016-06-27,507,40,brown,53,49.9,31048,Mrs,1958-03-16,Lower Saxony,2016-06-25,1
1089,2016-06-24,2016-06-26,112,41,white,47,79.9,31049,Mrs,1961-06-08,North Rhine-Westphalia,2015-02-17,1
1090,2016-06-24,2016-06-26,286,41,blue,1,89.9,31049,Mrs,1961-06-08,North Rhine-Westphalia,2015-02-17,1
1091,2016-06-24,2016-06-26,173,xl,brown,20,19.9,31050,Mrs,1966-05-29,North Rhine-Westphalia,2015-02-17,1
1092,2016-06-24,2016-06-26,173,l,brown,20,19.9,31050,Mrs,1966-05-29,North Rhine-Westphalia,2015-02-17,1
1093,2016-06-24,2016-06-26,835,41,purple,1,119.9,31050,Mrs,1966-05-29,North Rhine-Westphalia,2015-02-17,1
1094,2016-06-24,2016-06-26,992,48,denim,25,59.9,31051,Mrs,1976-05-30,Lower Saxony,2015-05-31,1
1095,2016-06-24,2016-07-02,278,41,olive,50,49.95,31051,Mrs,1976-05-30,Lower Saxony,2015-05-31,1
1096,2016-06-24,2016-07-18,555,140,navy,30,19.95,31051,Mrs,1976-05-30,Lower Saxony,2015-05-31,0
1097,2016-06-24,,337,116,pink,30,19.95,31051,Mrs,1976-05-30,Lower Saxony,2015-05-31,0
1098,2016-06-24,2016-06-26,200,8,grey,12,69.9,8322,Mrs,1973-02-15,Hesse,2016-04-14,0
1099,2016-06-24,2016-06-26,57,xl,green,3,34.9,8322,Mrs,1973-02-15,Hesse,2016-04-14,1
1100,2016-06-24,2016-06-26,226,xxl,green,3,14.9,8322,Mrs,1973-02-15,Hesse,2016-04-14,0
1101,2016-06-24,2016-06-26,226,xl,green,3,14.9,8322,Mrs,1973-02-15,Hesse,2016-04-14,0
1102,2016-06-24,2016-06-26,226,xl,olive,3,14.9,8322,Mrs,1973-02-15,Hesse,2016-04-14,0
1103,2016-06-24,2016-06-26,669,unsized,brown,5,49.9,8322,Mrs,1973-02-15,Hesse,2016-04-14,1
1104,2016-06-24,2016-06-26,226,xxl,olive,3,14.9,8322,Mrs,1973-02-15,Hesse,2016-04-14,0
1105,2016-06-24,,146,xl,brown,3,24.9,8322,Mrs,1973-02-15,Hesse,2016-04-14,0
1106,2016-06-24,2016-06-26,146,l,olive,3,24.9,18769,Mrs,1959-12-04,Lower Saxony,2016-05-13,0
1107,2016-06-24,2016-06-26,146,l,black,3,21.9,18769,Mrs,1959-12-04,Lower Saxony,2016-05-13,0
1108,2016-06-24,2016-06-26,217,l,black,29,59.9,18769,Mrs,1959-12-04,Lower Saxony,2016-05-13,0
1109,2016-06-24,,146,l,brown,3,21.9,18769,Mrs,1959-12-04,Lower Saxony,2016-05-13,0
1118,2016-06-24,2016-06-27,4,5,black,4,79.9,31053,Mrs,1957-04-08,Bavaria,2016-06-25,1
1119,2016-06-24,2016-06-27,298,xxl,petrol,36,69.9,31054,Mrs,1961-10-08,Hesse,2016-06-25,1
1120,2016-06-24,2016-07-06,298,xl,petrol,36,69.9,31054,Mrs,1961-10-08,Hesse,2016-06-25,1
1121,2016-06-24,2016-07-02,225,40,black,17,109.9,31055,Mrs,1958-02-21,Lower Saxony,2016-06-25,1
1122,2016-06-24,2016-06-26,242,l,black,20,59.9,13839,Mrs,1947-11-11,Rhineland-Palatinate,2015-02-17,0
1123,2016-06-24,2016-06-26,99,l,black,20,79.9,13839,Mrs,1947-11-11,Rhineland-Palatinate,2015-02-17,0
1124,2016-06-24,2016-06-26,896,l,grey,33,9.9,13839,Mrs,1947-11-11,Rhineland-Palatinate,2015-02-17,0
1125,2016-06-24,2016-06-26,896,l,grey,33,9.9,13839,Mrs,1947-11-11,Rhineland-Palatinate,2015-02-17,0
1126,2016-06-24,2016-06-26,413,l,black,14,59.9,13839,Mrs,1947-11-11,Rhineland-Palatinate,2015-02-17,1
1127,2016-06-24,2016-06-26,430,39,black,38,129.9,13839,Mrs,1947-11-11,Rhineland-Palatinate,2015-02-17,0
1128,2016-06-24,2016-06-26,242,s,white,20,119.9,13839,Mrs,1947-11-11,Rhineland-Palatinate,2015-02-17,0
1129,2016-06-24,2016-06-26,812,39,turquoise,63,119.9,17418,Mrs,1963-06-13,Mecklenburg-Western Pomerania,2015-02-17,1
1130,2016-06-24,2016-06-26,43,39,ocher,1,99.9,17418,Mrs,1963-06-13,Mecklenburg-Western Pomerania,2015-02-17,0
1131,2016-06-24,2016-06-26,173,xl,brown,20,19.9,22350,Mrs,1960-09-24,Lower Saxony,2015-02-17,1
1132,2016-06-24,2016-06-26,339,xl,denim,25,79.9,22350,Mrs,1960-09-24,Lower Saxony,2015-02-17,0
1135,2016-06-24,2016-06-27,204,l,purple,5,59.9,31058,Mrs,,Bavaria,2016-06-25,1
1136,2016-06-24,2016-06-27,58,l,magenta,31,89.9,31058,Mrs,,Bavaria,2016-06-25,1
1137,2016-06-24,2016-06-27,58,l,nature,31,89.9,31058,Mrs,,Bavaria,2016-06-25,0
1138,2016-06-24,2016-07-18,65,43,blue,17,79.9,31058,Mrs,,Bavaria,2016-06-25,0
1139,2016-06-24,2016-07-18,33,m,blue,5,69.9,31058,Mrs,,Bavaria,2016-06-25,0
1140,2016-06-24,2016-06-26,156,19,grey,34,29.9,31059,Mrs,1965-02-26,Mecklenburg-Western Pomerania,2015-04-10,0
1141,2016-06-24,2016-06-26,187,m,red,14,59.9,31059,Mrs,1965-02-26,Mecklenburg-Western Pomerania,2015-04-10,0
1142,2016-06-24,2016-06-26,58,m,nature,31,89.9,31059,Mrs,1965-02-26,Mecklenburg-Western Pomerania,2015-04-10,0
1143,2016-06-24,2016-06-26,140,42,black,6,69.9,31060,Mrs,1942-12-28,Hamburg,2016-06-25,1
1144,2016-06-24,2016-06-26,38,l,black,25,49.9,31060,Mrs,1942-12-28,Hamburg,2016-06-25,1
1145,2016-06-24,2016-06-26,190,l,red,3,19.9,31060,Mrs,1942-12-28,Hamburg,2016-06-25,1
1146,2016-06-24,2016-06-26,27,5+,black,19,39.9,12282,Mrs,1967-10-26,Lower Saxony,2015-03-25,1
1147,2016-06-24,2016-06-26,27,6,black,19,39.9,12282,Mrs,1967-10-26,Lower Saxony,2015-03-25,1
1148,2016-06-24,2016-07-04,255,l,olive,37,19.9,12282,Mrs,1967-10-26,Lower Saxony,2015-03-25,1
1149,2016-06-24,2016-06-26,204,xl,petrol,5,59.9,6801,Mrs,1965-10-15,North Rhine-Westphalia,2016-01-28,1
1150,2016-06-24,2016-06-26,204,xxl,yellow,5,59.9,6801,Mrs,1965-10-15,North Rhine-Westphalia,2016-01-28,1
1151,2016-06-24,2016-06-26,204,xl,yellow,5,59.9,6801,Mrs,1965-10-15,North Rhine-Westphalia,2016-01-28,0
1152,2016-06-24,2016-06-27,441,39,black,53,39.9,31062,Mrs,1957-04-12,North Rhine-Westphalia,2015-09-26,0
1153,2016-06-24,2016-06-26,43,40,grey,1,99.9,9054,Mrs,1966-07-21,Hamburg,2016-06-25,1
1154,2016-06-24,2016-06-26,557,40,blue,1,129.9,9054,Mrs,1966-07-21,Hamburg,2016-06-25,1
1155,2016-06-24,2016-06-27,71,7,ocher,21,69.95,31063,Mrs,1973-01-29,Hesse,2016-06-25,1
1156,2016-06-24,2016-06-27,591,38,brown,81,60.0,31063,Mrs,1973-01-29,Hesse,2016-06-25,1
1157,2016-06-24,2016-06-26,349,39,ecru,17,109.9,31064,Mrs,1959-12-16,Lower Saxony,2016-06-25,1
1158,2016-06-24,,219,39,brown,38,99.9,31064,Mrs,1959-12-16,Lower Saxony,2016-06-25,0
1159,2016-06-24,,219,39,mango,38,69.9,31064,Mrs,1959-12-16,Lower Saxony,2016-06-25,0
1160,2016-06-24,2016-06-26,9,7,blue,4,79.95,13270,Mrs,1956-05-29,North Rhine-Westphalia,2015-02-17,1
1162,2016-06-24,2016-06-26,242,m,white,20,119.9,9380,Mrs,1964-09-19,Bavaria,2015-02-17,0
1163,2016-06-24,2016-06-26,273,m,white,20,119.9,9380,Mrs,1964-09-19,Bavaria,2015-02-17,0
1164,2016-06-24,2016-06-26,242,s,white,20,119.9,9380,Mrs,1964-09-19,Bavaria,2015-02-17,1
1165,2016-06-24,2016-06-26,194,s,yellow,5,69.9,25129,Mrs,1952-07-03,Brandenburg,2015-02-17,1
1166,2016-06-24,2016-06-26,968,36,purple,6,39.9,25129,Mrs,1952-07-03,Brandenburg,2015-02-17,1
1167,2016-06-24,2016-06-26,155,s,grey,5,49.9,25129,Mrs,1952-07-03,Brandenburg,2015-02-17,0
1168,2016-06-24,2016-06-26,157,unsized,purple,32,0.0,25129,Mrs,1952-07-03,Brandenburg,2015-02-17,0
1169,2016-06-24,2016-06-27,116,l,petrol,5,99.9,31066,Mrs,,Rhineland-Palatinate,2016-06-25,0
1170,2016-06-24,,84,l,black,5,59.9,31066,Mrs,,Rhineland-Palatinate,2016-06-25,0
1171,2016-06-24,,84,l,aubergine,5,59.9,31066,Mrs,,Rhineland-Palatinate,2016-06-25,0
1172,2016-06-24,2016-06-27,143,l,orange,5,59.9,31067,Mrs,,Baden-Wuerttemberg,2016-06-25,1
1173,2016-06-24,2016-06-27,22,m,green,14,29.9,31067,Mrs,,Baden-Wuerttemberg,2016-06-25,0
1174,2016-06-24,2016-06-27,61,xxl,denim,28,59.9,31069,Mrs,1963-05-01,Saxony,2016-06-25,0
1175,2016-06-24,2016-06-27,343,xxl,blue,37,49.9,31069,Mrs,1963-05-01,Saxony,2016-06-25,1
1176,2016-06-24,2016-06-26,85,39,stained,40,79.9,31071,Mrs,1961-12-24,Mecklenburg-Western Pomerania,2016-06-25,0
1177,2016-06-24,2016-06-26,247,39,grey,40,99.9,31071,Mrs,1961-12-24,Mecklenburg-Western Pomerania,2016-06-25,0
1178,2016-06-24,2016-06-26,100,39,blue,43,69.9,31075,Mrs,1952-12-29,Bavaria,2015-02-17,0
1179,2016-06-24,2016-06-26,896,l,grey,33,9.9,31075,Mrs,1952-12-29,Bavaria,2015-02-17,0
1180,2016-06-24,2016-06-26,187,l,white,14,59.9,31075,Mrs,1952-12-29,Bavaria,2015-02-17,1
1181,2016-06-24,2016-06-26,173,xl,brown,20,19.9,30376,Mrs,1947-08-08,Lower Saxony,2016-06-22,0
1182,2016-06-24,2016-06-26,110,37,ocher,1,89.9,21837,Mrs,1967-05-12,Baden-Wuerttemberg,2016-02-18,1
1183,2016-06-24,,31,44,black,22,39.98,21837,Mrs,1967-05-12,Baden-Wuerttemberg,2016-02-18,0
1184,2016-06-24,2016-06-26,57,m,ash,3,24.9,31076,Mrs,1972-07-26,Bavaria,2015-02-17,0
1185,2016-06-24,2016-06-26,57,m,blue,3,34.9,31076,Mrs,1972-07-26,Bavaria,2015-02-17,0
1186,2016-06-24,2016-06-26,871,37,khaki,38,69.9,31076,Mrs,1972-07-26,Bavaria,2015-02-17,1
1188,2016-06-24,2016-07-23,242,xl,black,20,59.9,31078,Mrs,,Berlin,2016-06-25,1
1189,2016-06-24,2016-07-23,36,39,white,1,79.9,31078,Mrs,,Berlin,2016-06-25,0
1190,2016-06-24,2016-06-26,193,40,blue,53,49.9,19295,Mrs,1954-07-25,Baden-Wuerttemberg,2015-06-13,1
1191,2016-06-24,2016-06-26,244,40,nature,61,39.9,19295,Mrs,1954-07-25,Baden-Wuerttemberg,2015-06-13,0
1192,2016-06-24,2016-06-26,255,xl,purple,37,19.9,19295,Mrs,1954-07-25,Baden-Wuerttemberg,2015-06-13,0
1193,2016-06-24,2016-06-26,255,xl,red,37,19.9,19295,Mrs,1954-07-25,Baden-Wuerttemberg,2015-06-13,0
1194,2016-06-24,2016-06-27,114,38,black,43,79.9,31079,Mrs,1990-05-03,Rhineland-Palatinate,2016-06-25,0
1195,2016-06-24,2016-06-26,103,41,blue,17,79.9,2077,Mrs,1964-09-19,North Rhine-Westphalia,2015-02-17,1
1196,2016-06-24,2016-06-26,216,l,ocher,29,49.9,31080,Mrs,1965-10-26,Hesse,2016-06-25,0
1197,2016-06-24,2016-06-26,315,39,red,45,79.9,31080,Mrs,1965-10-26,Hesse,2016-06-25,1
1198,2016-06-24,2016-06-26,699,38,ocher,39,44.95,31080,Mrs,1965-10-26,Hesse,2016-06-25,0
1199,2016-06-24,2016-07-04,39,39,blue,26,79.9,31080,Mrs,1965-10-26,Hesse,2016-06-25,0
1200,2016-06-24,,861,unsized,navy,30,5.95,31080,Mrs,1965-10-26,Hesse,2016-06-25,0
1201,2016-06-24,2016-06-26,22,m,blue,14,29.9,488,Mrs,1958-10-19,Hesse,2015-07-06,0
1202,2016-06-24,2016-06-26,22,m,green,14,24.9,488,Mrs,1958-10-19,Hesse,2015-07-06,0
1203,2016-06-24,2016-06-26,654,7,nature,19,89.9,488,Mrs,1958-10-19,Hesse,2015-07-06,1
1204,2016-06-24,2016-06-26,654,7,grey,19,89.9,488,Mrs,1958-10-19,Hesse,2015-07-06,1
1205,2016-06-24,2016-06-26,523,xl,green,3,14.9,146,Mrs,1967-01-06,Saarland,2015-02-17,1
1206,2016-06-24,2016-06-26,523,xl,grey,3,7.9,146,Mrs,1967-01-06,Saarland,2015-02-17,0
1207,2016-06-24,2016-06-26,895,44,white,39,39.95,31081,Mrs,1951-12-29,Thuringia,2016-06-25,1
1208,2016-06-24,2016-06-26,2,l,green,2,19.9,31081,Mrs,1951-12-29,Thuringia,2016-06-25,1
1209,2016-06-24,2016-06-26,2,l,mocca,2,19.9,31081,Mrs,1951-12-29,Thuringia,2016-06-25,1
1210,2016-06-24,2016-06-26,488,42,black,47,119.9,31082,Mrs,1965-08-25,Hesse,2015-02-17,1
1211,2016-06-24,2016-06-26,488,42,grey,47,89.9,31082,Mrs,1965-08-25,Hesse,2015-02-17,1
1212,2016-06-24,2016-06-26,112,42,white,47,79.9,31082,Mrs,1965-08-25,Hesse,2015-02-17,1
1213,2016-06-24,2016-06-26,165,42,black,47,89.9,31082,Mrs,1965-08-25,Hesse,2015-02-17,1
1214,2016-06-24,2016-06-26,383,26,purple,69,59.9,121,Mrs,1974-09-06,Schleswig-Holstein,2015-02-17,0
1215,2016-06-24,2016-06-26,343,xl,olive,37,24.9,121,Mrs,1974-09-06,Schleswig-Holstein,2015-02-17,1
1216,2016-06-24,2016-06-26,215,xl,black,28,59.9,10946,Mrs,1959-12-01,Bavaria,2015-08-13,0
1217,2016-06-24,2016-06-26,215,xxl,denim,28,59.9,10946,Mrs,1959-12-01,Bavaria,2015-08-13,1
1218,2016-06-24,2016-06-26,215,xl,orange,28,59.9,10946,Mrs,1959-12-01,Bavaria,2015-08-13,1
1219,2016-06-24,2016-06-26,215,xxl,orange,28,59.9,10946,Mrs,1959-12-01,Bavaria,2015-08-13,1
1220,2016-06-24,2016-06-26,215,xl,green,28,59.9,10946,Mrs,1959-12-01,Bavaria,2015-08-13,1
1221,2016-06-24,2016-06-26,215,xxl,green,28,59.9,10946,Mrs,1959-12-01,Bavaria,2015-08-13,1
1222,2016-06-24,2016-06-26,173,xl,brown,20,19.9,10946,Mrs,1959-12-01,Bavaria,2015-08-13,0
1223,2016-06-24,2016-06-26,263,xl,olive,5,49.9,10946,Mrs,1959-12-01,Bavaria,2015-08-13,0
1224,2016-06-24,2016-06-26,87,xl,orange,5,39.9,10946,Mrs,1959-12-01,Bavaria,2015-08-13,0
1225,2016-06-24,2016-06-26,143,xl,brown,5,49.9,10946,Mrs,1959-12-01,Bavaria,2015-08-13,0
1226,2016-06-24,2016-06-26,528,37,brown,18,89.9,31083,Mrs,1954-02-04,Lower Saxony,2015-02-18,1
1227,2016-06-24,2016-06-26,394,38,ecru,44,105.0,31084,Mrs,1969-07-24,Lower Saxony,2016-06-25,0
1228,2016-06-24,2016-06-26,394,38,black,44,90.0,31084,Mrs,1969-07-24,Lower Saxony,2016-06-25,1
1229,2016-06-24,2016-06-26,394,37,grey,44,105.0,31084,Mrs,1969-07-24,Lower Saxony,2016-06-25,1
1230,2016-06-24,2016-06-26,22,s,green,14,24.9,31084,Mrs,1969-07-24,Lower Saxony,2016-06-25,1
1231,2016-06-24,2016-06-26,22,m,red,14,29.9,31084,Mrs,1969-07-24,Lower Saxony,2016-06-25,1
1232,2016-06-24,2016-06-26,22,s,pink,14,29.9,31084,Mrs,1969-07-24,Lower Saxony,2016-06-25,0
1233,2016-06-24,,166,46,anthracite,6,69.9,841,Mrs,1959-08-26,North Rhine-Westphalia,2015-02-17,0
1234,2016-06-24,2016-06-26,8,38,stained,8,12.9,31085,Mrs,1969-09-07,Bremen,2016-02-17,0
1235,2016-06-24,2016-06-26,8,39,stained,8,12.9,31085,Mrs,1969-09-07,Bremen,2016-02-17,0
1236,2016-06-24,2016-06-27,80,39,green,26,79.9,29559,Mrs,1955-09-23,North Rhine-Westphalia,2016-06-18,1
1237,2016-06-24,2016-06-27,231,39,blue,24,59.9,29559,Mrs,1955-09-23,North Rhine-Westphalia,2016-06-18,1
1238,2016-06-24,2016-06-27,315,39,blue,45,129.9,29559,Mrs,1955-09-23,North Rhine-Westphalia,2016-06-18,1
1239,2016-06-24,2016-06-27,410,39,white,57,59.9,29076,Mrs,1959-07-03,North Rhine-Westphalia,2015-02-17,1
1240,2016-06-24,2016-06-27,103,39,brown,17,79.9,29076,Mrs,1959-07-03,North Rhine-Westphalia,2015-02-17,1
1241,2016-06-24,2016-07-02,410,40,black,57,59.9,29076,Mrs,1959-07-03,North Rhine-Westphalia,2015-02-17,1
1242,2016-06-24,2016-07-05,410,40,white,57,59.9,29076,Mrs,1959-07-03,North Rhine-Westphalia,2015-02-17,0
1243,2016-06-24,,219,39,purple,38,69.9,29076,Mrs,1959-07-03,North Rhine-Westphalia,2015-02-17,0
1244,2016-06-24,2016-06-26,55,39,purple,1,89.9,13333,Mrs,1967-08-27,North Rhine-Westphalia,2015-02-17,0
1245,2016-06-24,2016-06-26,114,39,grey,43,79.9,31086,Mrs,1955-01-14,Berlin,2016-01-17,0
1246,2016-06-24,2016-06-26,155,m,denim,5,49.9,31086,Mrs,1955-01-14,Berlin,2016-01-17,1
1247,2016-06-24,2016-06-26,623,m,grey,5,49.9,31086,Mrs,1955-01-14,Berlin,2016-01-17,0
1248,2016-06-24,2016-06-26,157,unsized,purple,32,0.0,31086,Mrs,1955-01-14,Berlin,2016-01-17,0
1249,2016-06-24,2016-06-27,116,xxl,denim,5,59.9,31087,Mrs,1954-12-07,Baden-Wuerttemberg,2016-06-25,1
1250,2016-06-24,2016-06-27,463,36,olive,25,39.9,31087,Mrs,1954-12-07,Baden-Wuerttemberg,2016-06-25,1
1251,2016-06-24,2016-06-27,563,36,brown,11,39.9,31087,Mrs,1954-12-07,Baden-Wuerttemberg,2016-06-25,1
1252,2016-06-24,2016-06-27,563,48,khaki,11,39.9,31087,Mrs,1954-12-07,Baden-Wuerttemberg,2016-06-25,1
1253,2016-06-24,2016-06-29,116,xxl,brown,5,69.9,31087,Mrs,1954-12-07,Baden-Wuerttemberg,2016-06-25,1
1254,2016-06-24,2016-06-26,438,41,black,27,13.95,12799,Mrs,,Hesse,2016-04-25,0
1255,2016-06-24,2016-06-26,438,43,black,27,13.95,12799,Mrs,,Hesse,2016-04-25,0
1256,2016-06-24,2016-06-26,465,l,ash,49,59.9,13451,Mr,,Lower Saxony,2016-04-25,1
1257,2016-06-24,2016-06-27,100,39,brown,43,69.9,31088,Mrs,,Schleswig-Holstein,2016-06-25,0
1258,2016-06-24,2016-06-27,165,39,purple,47,89.9,31089,Mrs,1957-06-23,Schleswig-Holstein,2016-06-25,1
1259,2016-06-24,2016-06-26,255,xxl,red,37,19.9,12582,Mrs,1958-01-22,Lower Saxony,2016-06-25,0
1260,2016-06-24,2016-06-26,255,m,olive,37,19.9,31090,Mrs,1958-10-22,Schleswig-Holstein,2015-12-15,1
1261,2016-06-24,2016-06-26,173,m,brown,20,19.9,31090,Mrs,1958-10-22,Schleswig-Holstein,2015-12-15,1
1262,2016-06-24,2016-06-26,226,m,green,3,14.9,31090,Mrs,1958-10-22,Schleswig-Holstein,2015-12-15,0
1263,2016-06-24,2016-06-26,226,m,olive,3,14.9,31090,Mrs,1958-10-22,Schleswig-Holstein,2015-12-15,0
1264,2016-06-24,2016-06-26,208,46,denim,25,59.9,31091,Mrs,1967-05-03,North Rhine-Westphalia,2015-03-06,0
1265,2016-06-24,2016-06-26,242,xl,black,20,59.9,31092,Mrs,1954-03-12,Baden-Wuerttemberg,2016-06-25,1
1266,2016-06-24,2016-06-26,896,xl,red,33,9.9,31092,Mrs,1954-03-12,Baden-Wuerttemberg,2016-06-25,0
1267,2016-06-24,2016-06-26,896,xl,grey,33,9.9,31092,Mrs,1954-03-12,Baden-Wuerttemberg,2016-06-25,0
1268,2016-06-24,2016-06-26,68,xl,black,3,19.9,31092,Mrs,1954-03-12,Baden-Wuerttemberg,2016-06-25,0
1269,2016-06-24,2016-06-26,68,xxl,white,3,19.9,31092,Mrs,1954-03-12,Baden-Wuerttemberg,2016-06-25,0
1270,2016-06-24,2016-06-26,154,xl,grey,33,14.9,31092,Mrs,1954-03-12,Baden-Wuerttemberg,2016-06-25,0
1271,2016-06-24,2016-06-26,397,38,blue,53,39.9,31092,Mrs,1954-03-12,Baden-Wuerttemberg,2016-06-25,0
1272,2016-06-24,2016-06-26,100,39,black,43,69.9,31093,Mrs,1971-09-08,North Rhine-Westphalia,2015-02-17,0
1273,2016-06-24,2016-06-27,141,xl,denim,25,69.9,31094,Mrs,,Saxony,2016-06-25,1
1274,2016-06-24,2016-06-26,27,8,blue,19,39.9,7410,Mrs,1963-12-21,North Rhine-Westphalia,2016-01-01,0
1275,2016-06-24,2016-06-26,213,xxl,petrol,3,69.9,7410,Mrs,1963-12-21,North Rhine-Westphalia,2016-01-01,0
1276,2016-06-24,2016-06-26,157,unsized,purple,32,0.0,7410,Mrs,1963-12-21,North Rhine-Westphalia,2016-01-01,0
1277,2016-06-24,2016-07-18,155,xxl,grey,5,49.9,7410,Mrs,1963-12-21,North Rhine-Westphalia,2016-01-01,0
1278,2016-06-24,2016-06-26,100,41,red,43,69.9,31095,Mrs,1961-10-21,North Rhine-Westphalia,2015-02-17,1
1279,2016-06-24,2016-06-26,223,6,white,19,59.9,31097,Mrs,1975-05-24,North Rhine-Westphalia,2015-05-19,0
1280,2016-06-24,2016-06-26,291,39,stained,45,89.9,31097,Mrs,1975-05-24,North Rhine-Westphalia,2015-05-19,1
1281,2016-06-24,2016-06-26,291,39,blue,45,89.9,31097,Mrs,1975-05-24,North Rhine-Westphalia,2015-05-19,0
1282,2016-06-24,2016-06-27,2,l,green,2,19.9,31098,Mrs,1954-05-11,Hesse,2016-06-25,1
1283,2016-06-24,2016-06-27,70,44,white,34,24.9,31098,Mrs,1954-05-11,Hesse,2016-06-25,1
1284,2016-06-24,2016-06-27,70,44,blue,34,24.9,31098,Mrs,1954-05-11,Hesse,2016-06-25,1
1285,2016-06-24,2016-06-27,120,xl,gold,48,99.95,29705,Mr,1972-01-14,North Rhine-Westphalia,2016-06-19,0
1286,2016-06-24,2016-06-26,32,xxl,grey,3,21.9,23516,Mrs,1949-11-21,Hamburg,2015-08-21,0
1287,2016-06-24,2016-06-26,32,xxl,white,3,21.9,23516,Mrs,1949-11-21,Hamburg,2015-08-21,0
1288,2016-06-24,2016-06-26,108,xxl,grey,46,29.9,23516,Mrs,1949-11-21,Hamburg,2015-08-21,0
1289,2016-06-24,2016-06-26,222,xxl,ash,3,19.9,23516,Mrs,1949-11-21,Hamburg,2015-08-21,0
1290,2016-06-24,2016-06-26,425,m,blue,46,24.9,31099,Mrs,1948-10-18,Lower Saxony,2016-03-21,0
1291,2016-06-24,2016-06-26,138,l,blue,46,19.9,31099,Mrs,1948-10-18,Lower Saxony,2016-03-21,0
1292,2016-06-24,2016-06-26,44,unsized,pallid,1,14.9,25209,Mrs,1969-01-22,Hesse,2016-06-22,0
1293,2016-06-24,2016-06-26,415,40,black,1,79.9,25209,Mrs,1969-01-22,Hesse,2016-06-22,0
1294,2016-06-24,2016-06-26,896,xl,grey,33,9.9,28521,Mrs,1950-11-06,Lower Saxony,2015-02-17,0
1295,2016-06-24,2016-06-26,85,39,stained,40,79.9,28521,Mrs,1950-11-06,Lower Saxony,2015-02-17,1
1296,2016-06-24,2016-06-26,8,41,stained,8,12.9,28521,Mrs,1950-11-06,Lower Saxony,2015-02-17,0
1297,2016-06-24,2016-06-26,246,39,black,40,79.9,28521,Mrs,1950-11-06,Lower Saxony,2015-02-17,0
1298,2016-06-24,2016-06-26,837,39,black,24,79.9,31100,Mrs,1959-12-12,Lower Saxony,2016-06-25,0
1299,2016-06-24,2016-06-26,113,39,red,1,79.9,31100,Mrs,1959-12-12,Lower Saxony,2016-06-25,1
1300,2016-06-24,2016-06-27,1116,38,blue,104,39.9,31101,Mrs,,North Rhine-Westphalia,2016-06-25,0
1301,2016-06-24,2016-06-26,862,s,ocher,28,49.9,4743,Mrs,1958-03-18,Baden-Wuerttemberg,2016-02-12,0
1302,2016-06-24,2016-06-26,269,s,ocher,42,59.9,4743,Mrs,1958-03-18,Baden-Wuerttemberg,2016-02-12,0
1303,2016-06-24,,27,6+,blue,19,39.9,14320,Mrs,1955-09-18,Lower Saxony,2015-02-17,0
1304,2016-06-24,2016-06-27,706,7+,black,19,99.9,29826,Mrs,1968-04-26,Bavaria,2015-08-22,1
1305,2016-06-24,2016-06-27,13,41+,brown,1,139.9,29826,Mrs,1968-04-26,Bavaria,2015-08-22,0
1306,2016-06-24,,569,7+,black,19,99.9,29826,Mrs,1968-04-26,Bavaria,2015-08-22,0
1307,2016-06-24,2016-06-26,111,42,stained,1,159.9,31107,Mrs,1953-04-11,Hesse,2015-02-17,0
1308,2016-06-24,2016-06-26,114,41,grey,43,79.9,16538,Mrs,1969-08-01,North Rhine-Westphalia,2015-10-31,1
1309,2016-06-24,2016-06-26,100,40,blue,43,69.9,16538,Mrs,1969-08-01,North Rhine-Westphalia,2015-10-31,1
1310,2016-06-24,2016-06-26,100,41,blue,43,69.9,16538,Mrs,1969-08-01,North Rhine-Westphalia,2015-10-31,0
1311,2016-06-24,2016-06-26,217,m,red,29,59.9,16538,Mrs,1969-08-01,North Rhine-Westphalia,2015-10-31,1
1312,2016-06-24,2016-06-26,217,s,red,29,59.9,16538,Mrs,1969-08-01,North Rhine-Westphalia,2015-10-31,1
1313,2016-06-24,2016-06-26,896,xl,red,33,9.9,2178,Mrs,1967-08-21,Hesse,2015-10-20,0
1314,2016-06-24,2016-06-26,896,l,grey,33,9.9,2178,Mrs,1967-08-21,Hesse,2015-10-20,0
1315,2016-06-24,2016-06-26,804,46,grey,9,59.9,2178,Mrs,1967-08-21,Hesse,2015-10-20,1
1316,2016-06-24,2016-06-26,242,l,black,20,59.9,23659,Mrs,1963-01-02,North Rhine-Westphalia,2015-02-17,1
1332,2016-06-24,2016-06-26,90,37,blue,24,69.9,31110,Mrs,,Berlin,2016-02-28,1
1333,2016-06-24,2016-06-26,157,unsized,purple,32,9.9,31110,Mrs,,Berlin,2016-02-28,1
1334,2016-06-24,2016-06-26,222,l,black,3,29.9,31110,Mrs,,Berlin,2016-02-28,1
1335,2016-06-24,2016-06-26,242,l,black,20,59.9,31110,Mrs,,Berlin,2016-02-28,0
1336,2016-06-24,2016-06-26,423,l,khaki,33,12.9,8331,Mrs,1962-12-07,Schleswig-Holstein,2016-06-17,1
1337,2016-06-24,2016-06-26,423,l,blue,33,12.9,8331,Mrs,1962-12-07,Schleswig-Holstein,2016-06-17,1
1338,2016-06-24,2016-06-26,124,l,curry,46,19.9,8331,Mrs,1962-12-07,Schleswig-Holstein,2016-06-17,1
1339,2016-06-24,2016-06-26,222,l,denim,3,19.9,8331,Mrs,1962-12-07,Schleswig-Holstein,2016-06-17,0
1340,2016-06-24,2016-06-27,5,l,brown,5,49.9,31111,Mrs,1958-11-08,North Rhine-Westphalia,2016-06-25,1
1341,2016-06-24,2016-06-27,346,l,blue,5,69.9,31111,Mrs,1958-11-08,North Rhine-Westphalia,2016-06-25,1
1342,2016-06-24,2016-06-27,346,xl,blue,5,69.9,31111,Mrs,1958-11-08,North Rhine-Westphalia,2016-06-25,1
1343,2016-06-24,2016-06-27,82,l,berry,5,69.9,31111,Mrs,1958-11-08,North Rhine-Westphalia,2016-06-25,0
1344,2016-06-24,2016-06-27,306,xl,mocca,28,79.9,31111,Mrs,1958-11-08,North Rhine-Westphalia,2016-06-25,0
1345,2016-06-24,2016-07-04,32,l,blau,3,24.9,31111,Mrs,1958-11-08,North Rhine-Westphalia,2016-06-25,0
1346,2016-06-24,,36,39,mint,1,79.9,31112,Mrs,1958-04-23,Baden-Wuerttemberg,2016-06-25,0
1347,2016-06-24,2016-06-26,295,l,blue,36,59.9,30274,Mr,1957-04-07,Lower Saxony,2016-06-21,0
1348,2016-06-24,2016-06-26,56,46,denim,25,59.9,3633,Company,1981-05-07,Berlin,2016-02-06,1
1349,2016-06-24,2016-06-26,56,44,denim,25,59.9,3633,Company,1981-05-07,Berlin,2016-02-06,1
1350,2016-06-24,2016-06-26,409,l,black,5,99.9,3633,Company,1981-05-07,Berlin,2016-02-06,1
1351,2016-06-24,2016-06-26,875,xl,olive,9,89.9,3633,Company,1981-05-07,Berlin,2016-02-06,1
1352,2016-06-24,2016-06-26,213,l,ash,3,39.9,3633,Company,1981-05-07,Berlin,2016-02-06,1
1353,2016-06-24,2016-06-26,213,l,petrol,3,69.9,3633,Company,1981-05-07,Berlin,2016-02-06,1
1354,2016-06-24,2016-06-26,142,l,grey,49,99.9,3633,Company,1981-05-07,Berlin,2016-02-06,1
1355,2016-06-24,2016-06-26,233,xl,black,25,39.9,3633,Company,1981-05-07,Berlin,2016-02-06,1
1356,2016-06-24,2016-06-26,127,46,anthracite,11,84.9,3633,Company,1981-05-07,Berlin,2016-02-06,1
1357,2016-06-24,2016-06-27,129,37,blue,50,69.95,24293,Mrs,1972-03-08,North Rhine-Westphalia,2015-02-17,1
1358,2016-06-24,2016-06-27,129,38,grey,50,69.95,24293,Mrs,1972-03-08,North Rhine-Westphalia,2015-02-17,1
1359,2016-06-24,2016-06-27,441,38,black,53,39.9,24293,Mrs,1972-03-08,North Rhine-Westphalia,2015-02-17,1
1360,2016-06-24,2016-06-27,163,38,blue,53,49.9,24293,Mrs,1972-03-08,North Rhine-Westphalia,2015-02-17,1
1361,2016-06-24,2016-06-27,163,38,black,53,49.9,24293,Mrs,1972-03-08,North Rhine-Westphalia,2015-02-17,1
1362,2016-06-24,2016-06-27,410,38,white,57,59.9,24293,Mrs,1972-03-08,North Rhine-Westphalia,2015-02-17,1
1363,2016-06-24,2016-06-27,410,38,black,57,59.9,24293,Mrs,1972-03-08,North Rhine-Westphalia,2015-02-17,1
1364,2016-06-24,2016-06-26,63,xxl,khaki,33,14.9,31114,Mrs,1975-02-21,North Rhine-Westphalia,2015-03-01,1
1365,2016-06-24,2016-06-26,171,xxl,ash,3,39.9,31114,Mrs,1975-02-21,North Rhine-Westphalia,2015-03-01,0
1366,2016-06-24,2016-06-26,172,41,black,40,119.9,31114,Mrs,1975-02-21,North Rhine-Westphalia,2015-03-01,1
1367,2016-06-24,2016-06-26,100,41,blue,43,69.9,21723,Mrs,1966-01-07,Lower Saxony,2015-02-17,1
1368,2016-06-24,2016-06-26,100,42,blue,43,69.9,21723,Mrs,1966-01-07,Lower Saxony,2015-02-17,1
1369,2016-06-24,2016-06-26,363,41,ecru,40,89.9,21723,Mrs,1966-01-07,Lower Saxony,2015-02-17,1
1370,2016-06-24,2016-06-26,101,42,grey,17,89.9,21723,Mrs,1966-01-07,Lower Saxony,2015-02-17,1
1371,2016-06-24,2016-06-27,245,38,black,1,89.9,30721,Mrs,1950-01-05,Lower Saxony,2015-02-17,1
1372,2016-06-24,2016-06-27,245,39,black,1,89.9,30721,Mrs,1950-01-05,Lower Saxony,2015-02-17,0
1373,2016-06-24,2016-06-27,40,unsized,pallid,27,4.95,30721,Mrs,1950-01-05,Lower Saxony,2015-02-17,1
1374,2016-06-24,2016-06-26,22,l,purple,14,29.9,31116,Mrs,1953-05-02,Lower Saxony,2016-06-25,0
1375,2016-06-24,2016-06-26,407,l,olive,74,39.9,31116,Mrs,1953-05-02,Lower Saxony,2016-06-25,1
1376,2016-06-24,2016-06-27,85,39,stained,40,79.9,2698,Mrs,,North Rhine-Westphalia,2016-01-17,0
1377,2016-06-24,2016-06-27,897,xxl,grey,33,9.9,2698,Mrs,,North Rhine-Westphalia,2016-01-17,0
1378,2016-06-24,2016-06-27,897,xxl,red,33,9.9,2698,Mrs,,North Rhine-Westphalia,2016-01-17,0
1379,2016-06-24,,423,xxl,red,33,12.9,2698,Mrs,,North Rhine-Westphalia,2016-01-17,0
1380,2016-06-24,2016-06-26,940,38,black,38,139.9,6283,Mrs,1962-07-23,Baden-Wuerttemberg,2016-02-15,0
1381,2016-06-24,2016-06-26,522,42,beige,26,39.9,3984,Mrs,1955-09-29,Hamburg,2015-02-17,1
1382,2016-06-24,2016-06-26,116,xxl,denim,5,59.9,3984,Mrs,1955-09-29,Hamburg,2015-02-17,0
1383,2016-06-24,2016-06-26,409,xxl,black,5,99.9,3984,Mrs,1955-09-29,Hamburg,2015-02-17,0
1384,2016-06-24,2016-06-27,441,40,blue,53,39.9,16167,Mrs,,Bavaria,2016-05-04,1
1385,2016-06-24,2016-06-27,441,40,brown,53,39.9,16167,Mrs,,Bavaria,2016-05-04,0
1386,2016-06-24,2016-06-27,248,40,black,8,49.9,16167,Mrs,,Bavaria,2016-05-04,1
1387,2016-06-24,2016-07-02,126,9+,purple,21,79.95,16167,Mrs,,Bavaria,2016-05-04,0
1388,2016-06-24,,126,9+,purple,21,79.95,16167,Mrs,,Bavaria,2016-05-04,0
1389,2016-06-24,2016-06-26,307,3632,blue,39,44.95,5093,Mr,1960-12-10,Hamburg,2016-04-09,0
1390,2016-06-24,2016-06-26,345,xl,curry,37,16.9,5093,Mr,1960-12-10,Hamburg,2016-04-09,0
1391,2016-06-24,2016-06-26,63,xl,red,33,9.9,5093,Mr,1960-12-10,Hamburg,2016-04-09,0
1392,2016-06-24,2016-06-26,896,xl,red,33,9.9,5093,Mr,1960-12-10,Hamburg,2016-04-09,0
1393,2016-06-24,2016-06-26,7,44,purple,7,9.9,5093,Mr,1960-12-10,Hamburg,2016-04-09,0
1394,2016-06-24,2016-07-02,345,xl,berry,37,16.9,5093,Mr,1960-12-10,Hamburg,2016-04-09,0
1395,2016-06-24,2016-06-28,435,37,red,38,139.9,31117,Mrs,1951-08-23,Baden-Wuerttemberg,2016-06-25,0
1396,2016-06-24,2016-06-28,183,l,red,5,79.9,31117,Mrs,1951-08-23,Baden-Wuerttemberg,2016-06-25,1
1397,2016-06-24,2016-06-26,895,42,blue,39,39.95,31118,Mrs,1959-08-16,Hesse,2015-11-16,0
1398,2016-06-24,2016-06-26,190,m,petrol,3,19.9,31118,Mrs,1959-08-16,Hesse,2015-11-16,1
1399,2016-06-24,2016-06-26,307,4032,blue,39,44.95,31118,Mrs,1959-08-16,Hesse,2015-11-16,1
1400,2016-06-24,2016-06-26,190,m,petrol,3,19.9,31118,Mrs,1959-08-16,Hesse,2015-11-16,0
1401,2016-06-24,2016-07-02,895,42,white,39,39.95,31118,Mrs,1959-08-16,Hesse,2015-11-16,1
1402,2016-06-24,2016-06-26,425,xl,blue,46,24.9,2819,Mrs,1956-09-14,Schleswig-Holstein,2015-03-01,0
1403,2016-06-24,2016-06-26,369,l,brown,5,69.9,9798,Mrs,1967-04-26,Bavaria,2015-02-17,0
1404,2016-06-24,2016-06-26,369,l,dark denim,5,69.9,9798,Mrs,1967-04-26,Bavaria,2015-02-17,0
1405,2016-06-24,2016-06-26,3,xxl,grey,3,19.9,9798,Mrs,1967-04-26,Bavaria,2015-02-17,0
1406,2016-06-24,2016-06-26,3,xl,azure,3,19.9,9798,Mrs,1967-04-26,Bavaria,2015-02-17,0
1407,2016-06-24,2016-07-02,369,l,mocca,5,69.9,9798,Mrs,1967-04-26,Bavaria,2015-02-17,0
1408,2016-06-24,2016-06-27,443,44,blue,25,69.9,31119,Mrs,1969-06-05,Lower Saxony,2015-03-11,1
1409,2016-06-24,2016-06-27,194,l,denim,5,69.9,31119,Mrs,1969-06-05,Lower Saxony,2015-03-11,0
1410,2016-06-24,2016-06-27,5,l,ash,5,69.9,31119,Mrs,1969-06-05,Lower Saxony,2015-03-11,1
1411,2016-06-24,2016-06-27,86,l,white,5,79.9,31119,Mrs,1969-06-05,Lower Saxony,2015-03-11,0
1412,2016-06-24,2016-06-27,183,l,denim,5,79.9,31119,Mrs,1969-06-05,Lower Saxony,2015-03-11,1
1413,2016-06-24,2016-06-27,272,38,black,53,39.9,31120,Mrs,,North Rhine-Westphalia,2016-06-25,1
1414,2016-06-24,2016-06-27,163,38,black,53,49.9,31120,Mrs,,North Rhine-Westphalia,2016-06-25,1
1415,2016-06-24,2016-06-26,49,44,stained,11,69.9,6582,Mrs,1956-04-04,North Rhine-Westphalia,2016-04-30,1
1416,2016-06-24,2016-06-26,218,xl,turquoise,42,69.9,6582,Mrs,1956-04-04,North Rhine-Westphalia,2016-04-30,0
1417,2016-06-24,2016-06-26,269,l,brown,42,59.9,6582,Mrs,1956-04-04,North Rhine-Westphalia,2016-04-30,0
1418,2016-06-24,2016-06-28,295,l,blue,36,59.9,6582,Mrs,1956-04-04,North Rhine-Westphalia,2016-04-30,0
1419,2016-06-24,,612,l,turquoise,20,49.9,6582,Mrs,1956-04-04,North Rhine-Westphalia,2016-04-30,0
1420,2016-06-24,2016-06-26,162,37,black,17,89.9,31121,Mrs,1959-02-09,Hesse,2015-02-17,0
1421,2016-06-24,2016-06-26,219,42,purple,38,69.9,31122,Mrs,1978-01-02,Schleswig-Holstein,2016-03-04,1
1422,2016-06-24,,1116,42,brown,104,39.9,31122,Mrs,1978-01-02,Schleswig-Holstein,2016-03-04,0
1423,2016-06-24,2016-06-27,875,xxl,olive,9,89.9,31123,Mrs,1950-03-16,Lower Saxony,2015-04-20,1
1424,2016-06-24,2016-06-26,640,unsized,stained,68,29.9,31124,Mrs,1967-04-15,Rhineland-Palatinate,2016-06-25,0
1425,2016-06-24,2016-06-26,69,xxl,orange,5,54.9,31124,Mrs,1967-04-15,Rhineland-Palatinate,2016-06-25,1
1426,2016-06-24,,33,xxl,red,5,59.9,31124,Mrs,1967-04-15,Rhineland-Palatinate,2016-06-25,0
1427,2016-06-24,,33,xl,aubergine,5,59.9,31124,Mrs,1967-04-15,Rhineland-Palatinate,2016-06-25,0
1428,2016-06-24,,69,xxl,mocca,5,34.9,31124,Mrs,1967-04-15,Rhineland-Palatinate,2016-06-25,0
1429,2016-06-24,2016-06-27,35,40,blue,24,99.9,31126,Mrs,1967-08-07,North Rhine-Westphalia,2016-06-25,1
1430,2016-06-24,2016-06-27,100,40,blue,43,69.9,31126,Mrs,1967-08-07,North Rhine-Westphalia,2016-06-25,1
1431,2016-06-24,2016-06-27,158,40,nature,54,59.9,31126,Mrs,1967-08-07,North Rhine-Westphalia,2016-06-25,0
1432,2016-06-24,2016-06-27,114,40,grey,43,79.9,31126,Mrs,1967-08-07,North Rhine-Westphalia,2016-06-25,1
1433,2016-06-24,2016-06-27,213,s,petrol,3,69.9,31126,Mrs,1967-08-07,North Rhine-Westphalia,2016-06-25,1
1434,2016-06-24,2016-06-27,213,s,black,3,69.9,31126,Mrs,1967-08-07,North Rhine-Westphalia,2016-06-25,1
1435,2016-06-24,2016-06-27,242,s,black,20,59.9,31126,Mrs,1967-08-07,North Rhine-Westphalia,2016-06-25,1
1436,2016-06-24,2016-06-26,403,44,azure,14,39.9,22810,Mrs,1973-06-20,Lower Saxony,2015-02-17,1
1437,2016-06-24,2016-06-26,403,44,white,14,39.9,22810,Mrs,1973-06-20,Lower Saxony,2015-02-17,1
1438,2016-06-24,2016-06-26,156,44,blue,34,29.9,22810,Mrs,1973-06-20,Lower Saxony,2015-02-17,1
1439,2016-06-24,2016-06-26,156,46,blue,34,29.9,22810,Mrs,1973-06-20,Lower Saxony,2015-02-17,1
1440,2016-06-24,2016-06-26,403,46,azure,14,39.9,22810,Mrs,1973-06-20,Lower Saxony,2015-02-17,1
1441,2016-06-24,2016-06-26,175,l,magenta,3,19.9,22810,Mrs,1973-06-20,Lower Saxony,2015-02-17,1
1442,2016-06-24,2016-06-26,175,l,azure,3,19.9,22810,Mrs,1973-06-20,Lower Saxony,2015-02-17,1
1443,2016-06-24,,660,23,grey,39,39.95,22810,Mrs,1973-06-20,Lower Saxony,2015-02-17,0
1444,2016-06-24,2016-06-26,215,xl,denim,28,59.9,31128,Mrs,1950-03-05,Schleswig-Holstein,2015-02-17,0
1445,2016-06-24,2016-07-24,108,m,blue,46,29.9,31130,Mr,1958-09-19,North Rhine-Westphalia,2015-11-28,1
1446,2016-06-24,2016-07-24,856,s,blue,25,49.9,31130,Mr,1958-09-19,North Rhine-Westphalia,2015-11-28,1
1447,2016-06-24,2016-07-24,213,s,petrol,3,69.9,31130,Mr,1958-09-19,North Rhine-Westphalia,2015-11-28,0
1448,2016-06-24,2016-07-24,495,38,grey,30,69.9,31130,Mr,1958-09-19,North Rhine-Westphalia,2015-11-28,0
1449,2016-06-24,2016-07-24,49,36,stained,11,69.9,31130,Mr,1958-09-19,North Rhine-Westphalia,2015-11-28,0
1450,2016-06-24,,49,36,stained,11,69.9,31130,Mr,1958-09-19,North Rhine-Westphalia,2015-11-28,0
1451,2016-06-24,2016-07-30,668,39,bordeaux,53,39.9,31130,Mr,1958-09-19,North Rhine-Westphalia,2015-11-28,0
1452,2016-06-24,2016-06-26,143,l,black,5,49.9,6750,Mrs,1966-02-24,North Rhine-Westphalia,2015-02-17,1
1453,2016-06-24,2016-06-26,57,l,red,3,29.9,6750,Mrs,1966-02-24,North Rhine-Westphalia,2015-02-17,0
1454,2016-06-24,2016-06-26,454,43,purple,1,99.9,5032,Mrs,1964-03-06,Hesse,2016-04-26,0
1455,2016-06-24,2016-06-26,835,43,purple,1,119.9,5032,Mrs,1964-03-06,Hesse,2016-04-26,1
1456,2016-06-24,2016-06-26,628,xxl,petrol,5,49.9,5032,Mrs,1964-03-06,Hesse,2016-04-26,0
1457,2016-06-24,2016-06-26,434,xxl,orange,28,59.9,27206,Family,1961-03-03,Lower Saxony,2015-03-05,1
1458,2016-06-24,2016-06-26,370,xl,ocher,31,49.9,27206,Family,1961-03-03,Lower Saxony,2015-03-05,0
1459,2016-06-24,2016-06-26,32,xl,brown,3,12.9,27206,Family,1961-03-03,Lower Saxony,2015-03-05,1
1460,2016-06-24,2016-06-28,15,40,ocher,1,129.9,27206,Family,1961-03-03,Lower Saxony,2015-03-05,1
1461,2016-06-24,,139,xxl,blue,3,29.9,27206,Family,1961-03-03,Lower Saxony,2015-03-05,0
1462,2016-06-24,2016-06-27,249,37,blue,18,119.9,30093,Mrs,1981-06-12,Berlin,2016-06-20,1
1463,2016-06-24,2016-06-26,413,s,pink,14,59.9,11194,Mrs,1900-11-21,North Rhine-Westphalia,2015-02-17,1
1464,2016-06-24,2016-07-20,642,38,red,15,44.95,11194,Mrs,1900-11-21,North Rhine-Westphalia,2015-02-17,1
1465,2016-06-24,2016-06-26,32,l,white,3,24.9,31132,Mrs,1970-09-12,Schleswig-Holstein,2015-07-18,1
1466,2016-06-24,2016-06-26,830,42,grey,43,99.9,31132,Mrs,1970-09-12,Schleswig-Holstein,2015-07-18,1
1467,2016-06-24,2016-07-02,896,l,grey,33,9.9,31132,Mrs,1970-09-12,Schleswig-Holstein,2015-07-18,1
1468,2016-06-24,2016-06-26,191,m,blau,3,9.9,15846,Mrs,1948-02-02,Bavaria,2016-05-03,0
1469,2016-06-24,2016-06-26,96,m,ash,3,16.9,15846,Mrs,1948-02-02,Bavaria,2016-05-03,0
1470,2016-06-24,2016-06-26,96,m,grey,3,16.9,15846,Mrs,1948-02-02,Bavaria,2016-05-03,0
1471,2016-06-24,2016-06-26,96,m,olive,3,16.9,15846,Mrs,1948-02-02,Bavaria,2016-05-03,0
1472,2016-06-24,2016-06-26,96,m,white,3,16.9,15846,Mrs,1948-02-02,Bavaria,2016-05-03,0
1473,2016-06-24,2016-06-26,191,m,purple,3,21.9,15846,Mrs,1948-02-02,Bavaria,2016-05-03,0
1474,2016-06-24,2016-06-26,216,xxl,blue,29,49.9,31133,Mrs,1960-09-30,North Rhine-Westphalia,2016-06-25,0
1475,2016-06-24,2016-06-26,235,xl,denim,14,39.9,31133,Mrs,1960-09-30,North Rhine-Westphalia,2016-06-25,0
1476,2016-06-24,2016-06-26,402,xl,blue,46,14.9,31133,Mrs,1960-09-30,North Rhine-Westphalia,2016-06-25,0
1477,2016-06-24,2016-06-26,423,xxl,blue,33,12.9,31133,Mrs,1960-09-30,North Rhine-Westphalia,2016-06-25,0
1478,2016-06-24,2016-06-26,683,unsized,grey,46,7.9,31133,Mrs,1960-09-30,North Rhine-Westphalia,2016-06-25,0
1479,2016-06-24,,298,xxl,petrol,36,69.9,22571,Mrs,1957-09-24,Rhineland-Palatinate,2016-03-30,0
1480,2016-06-24,2016-06-27,413,m,black,14,59.9,31134,Mrs,1973-06-09,North Rhine-Westphalia,2016-06-25,1
1481,2016-06-24,2016-06-26,173,s,brown,20,19.9,31136,Mrs,1968-03-23,North Rhine-Westphalia,2015-11-22,1
1482,2016-06-24,2016-06-26,70,38,white,34,24.9,31136,Mrs,1968-03-23,North Rhine-Westphalia,2015-11-22,1
1483,2016-06-24,2016-06-26,7,36,purple,7,9.9,31136,Mrs,1968-03-23,North Rhine-Westphalia,2015-11-22,1
1484,2016-06-24,2016-06-26,1329,42,brown,26,129.9,31137,Mrs,1961-07-04,Bavaria,2016-06-25,0
1485,2016-06-24,,139,xxl,blue,3,29.9,31137,Mrs,1961-07-04,Bavaria,2016-06-25,0
1486,2016-06-24,,103,43,brown,17,79.9,31138,Mrs,1953-04-27,Baden-Wuerttemberg,2016-06-25,0
1487,2016-06-24,2016-06-26,351,18,ocher,6,39.9,13522,Mrs,1959-08-11,Lower Saxony,2015-02-17,0
1488,2016-06-24,2016-06-26,3,s,red,3,19.9,13522,Mrs,1959-08-11,Lower Saxony,2015-02-17,1
1489,2016-06-24,2016-06-26,173,s,brown,20,19.9,31139,Mrs,1970-01-02,Lower Saxony,2015-02-17,1
1490,2016-06-24,2016-06-26,425,s,blue,46,24.9,31139,Mrs,1970-01-02,Lower Saxony,2015-02-17,0
1491,2016-06-24,2016-06-26,138,s,blue,46,19.9,31139,Mrs,1970-01-02,Lower Saxony,2015-02-17,0
1492,2016-06-24,2016-06-26,296,4+,blue,19,39.9,31139,Mrs,1970-01-02,Lower Saxony,2015-02-17,1
1493,2016-06-24,2016-06-26,579,xl,brown,3,19.9,5837,Mrs,1966-08-05,Bavaria,2016-05-23,0
1494,2016-06-24,,87,xl,mocca,5,79.9,5837,Mrs,1966-08-05,Bavaria,2016-05-23,0
1495,2016-06-24,2016-06-26,100,39,brown,43,69.9,18747,Mrs,1965-07-13,North Rhine-Westphalia,2016-06-25,1
1496,2016-06-24,2016-06-26,100,39,black,43,69.9,18747,Mrs,1965-07-13,North Rhine-Westphalia,2016-06-25,1
1497,2016-06-24,2016-06-26,100,39,black,43,69.9,18747,Mrs,1965-07-13,North Rhine-Westphalia,2016-06-25,0
1498,2016-06-24,2016-06-27,492,19,black,6,49.9,26982,Mrs,1961-09-29,Hesse,2015-08-17,0
1499,2016-06-24,2016-06-27,861,unsized,navy,30,5.95,26982,Mrs,1961-09-29,Hesse,2015-08-17,0
1500,2016-06-24,2016-06-27,455,36,grey,17,119.9,26982,Mrs,1961-09-29,Hesse,2015-08-17,1
1501,2016-06-24,2016-06-27,455,37,grey,17,119.9,26982,Mrs,1961-09-29,Hesse,2015-08-17,0
1502,2016-06-24,2016-06-27,1226,36,anthracite,47,39.9,26982,Mrs,1961-09-29,Hesse,2015-08-17,0
1503,2016-06-24,2016-07-05,895,19,blue,39,39.95,26982,Mrs,1961-09-29,Hesse,2015-08-17,0
1504,2016-06-24,2016-06-26,85,39,stained,40,79.9,20425,Mrs,1956-04-30,Lower Saxony,2016-05-18,1
1505,2016-06-24,2016-06-26,2,l,mocca,2,19.9,20425,Mrs,1956-04-30,Lower Saxony,2016-05-18,0
1506,2016-06-24,2016-06-27,378,s,brown,5,59.9,31140,Mrs,,Brandenburg,2016-06-25,1
1507,2016-06-24,2016-06-26,231,41,black,24,59.9,31141,Mrs,1900-11-21,Bavaria,2015-10-18,1
1508,2016-06-24,2016-06-26,295,s,blue,36,59.9,16921,Mrs,1964-06-18,Hesse,2016-02-28,0
1509,2016-06-24,2016-06-26,173,xl,brown,20,19.9,31142,Mrs,,North Rhine-Westphalia,2016-06-25,0
1510,2016-06-24,2016-06-26,894,40,red,1,89.9,16434,Mrs,1963-08-03,Mecklenburg-Western Pomerania,2015-02-17,1
1511,2016-06-24,2016-06-26,107,40,black,12,89.9,16434,Mrs,1963-08-03,Mecklenburg-Western Pomerania,2015-02-17,0
1512,2016-06-24,2016-06-26,826,l,bordeaux,2,39.9,16434,Mrs,1963-08-03,Mecklenburg-Western Pomerania,2015-02-17,1
1513,2016-06-24,2016-06-26,826,xl,bordeaux,2,39.9,16434,Mrs,1963-08-03,Mecklenburg-Western Pomerania,2015-02-17,0
1514,2016-06-24,2016-07-02,641,xxl,ocher,48,149.95,16434,Mrs,1963-08-03,Mecklenburg-Western Pomerania,2015-02-17,0
1515,2016-06-24,,156,42,white,34,29.9,31141,Mrs,1900-11-21,Bavaria,2015-10-18,0
1516,2016-06-24,2016-06-26,231,37,ocher,24,59.9,31143,Mrs,1960-02-15,Lower Saxony,2015-02-17,1
1517,2016-06-24,2016-07-18,4,4,grey,4,79.9,31143,Mrs,1960-02-15,Lower Saxony,2015-02-17,0
1518,2016-06-24,,22,xxl,black,14,39.9,31145,Mrs,1955-10-28,Lower Saxony,2016-06-25,0
1519,2016-06-24,2016-06-27,760,38,red,90,69.9,31147,Mrs,1983-11-15,Berlin,2016-06-25,0
1520,2016-06-24,2016-06-27,85,40,stained,40,79.9,4376,Mrs,1967-01-30,Bavaria,2015-02-27,0
1521,2016-06-24,2016-06-27,246,41,ocher,40,79.9,4376,Mrs,1967-01-30,Bavaria,2015-02-27,1
1522,2016-06-24,2016-06-26,22,l,orange,14,24.9,30144,Mrs,1959-06-16,Baden-Wuerttemberg,2015-02-17,0
1523,2016-06-24,2016-06-26,68,m,white,3,19.9,30144,Mrs,1959-06-16,Baden-Wuerttemberg,2015-02-17,0
1524,2016-06-24,2016-07-27,22,l,white,14,39.9,30144,Mrs,1959-06-16,Baden-Wuerttemberg,2015-02-17,0
1525,2016-06-24,2016-06-26,441,40,black,53,39.9,31148,Mrs,1957-12-03,North Rhine-Westphalia,2016-06-25,1
1526,2016-06-24,2016-06-26,808,42,denim,25,39.9,2118,Mrs,1900-11-22,Baden-Wuerttemberg,2015-02-17,1
1527,2016-06-24,2016-06-26,274,40,dark denim,25,24.9,2118,Mrs,1900-11-22,Baden-Wuerttemberg,2015-02-17,0
1528,2016-06-24,2016-06-26,774,40,black,70,129.9,31149,Mrs,1959-06-01,Lower Saxony,2016-06-25,0
1529,2016-06-24,2016-06-26,280,unsized,black,27,4.95,31149,Mrs,1959-06-01,Lower Saxony,2016-06-25,0
1530,2016-06-24,2016-06-27,100,39,black,43,69.9,31150,Mrs,,North Rhine-Westphalia,2016-06-25,1
1531,2016-06-24,2016-06-27,100,40,black,43,69.9,31150,Mrs,,North Rhine-Westphalia,2016-06-25,1
1532,2016-06-24,2016-06-26,423,xl,blue,33,12.9,14469,Mrs,1967-07-09,Saxony-Anhalt,2016-04-30,1
1533,2016-06-24,2016-06-26,242,m,white,20,119.9,14469,Mrs,1967-07-09,Saxony-Anhalt,2016-04-30,1
1534,2016-06-24,2016-06-26,895,21,ocher,39,39.95,30392,Mrs,1968-05-05,Hesse,2016-06-22,0
1535,2016-06-24,2016-06-26,70,42,blue,34,24.9,30392,Mrs,1968-05-05,Hesse,2016-06-22,1
1536,2016-06-24,2016-06-26,650,6+,blue,4,99.9,30392,Mrs,1968-05-05,Hesse,2016-06-22,1
1537,2016-06-24,2016-06-26,623,m,grey,5,49.9,31151,Mrs,1965-10-25,Bavaria,2015-02-17,1
1538,2016-06-24,2016-06-26,623,m,brown,5,49.9,31151,Mrs,1965-10-25,Bavaria,2015-02-17,1
1539,2016-06-24,2016-06-26,139,m,black,3,29.9,31151,Mrs,1965-10-25,Bavaria,2015-02-17,0
1540,2016-06-24,2016-06-26,528,39,brown,18,89.9,31151,Mrs,1965-10-25,Bavaria,2015-02-17,1
1541,2016-06-24,2016-06-26,425,l,grey,46,24.9,31151,Mrs,1965-10-25,Bavaria,2015-02-17,0
1542,2016-06-24,2016-06-26,222,l,denim,3,19.9,31151,Mrs,1965-10-25,Bavaria,2015-02-17,1
1543,2016-06-24,2016-06-26,9,6,grey,4,79.95,31151,Mrs,1965-10-25,Bavaria,2015-02-17,1
1544,2016-06-24,2016-06-26,138,l,grey,46,19.9,31151,Mrs,1965-10-25,Bavaria,2015-02-17,0
1545,2016-06-24,2016-06-26,108,xl,white,46,29.9,23408,Mrs,1957-02-21,North Rhine-Westphalia,2015-02-17,1
1546,2016-06-24,2016-06-26,897,xl,blue,33,9.9,23408,Mrs,1957-02-21,North Rhine-Westphalia,2015-02-17,0
1547,2016-06-24,2016-06-26,139,xl,black,3,29.9,23408,Mrs,1957-02-21,North Rhine-Westphalia,2015-02-17,0
1548,2016-06-24,2016-06-26,139,l,black,3,29.9,23408,Mrs,1957-02-21,North Rhine-Westphalia,2015-02-17,1
1549,2016-06-24,2016-06-26,462,39,blue,1,69.9,14342,Mrs,1965-04-09,Mecklenburg-Western Pomerania,2016-02-06,1
1550,2016-06-24,2016-06-26,173,m,brown,20,19.9,2748,Mrs,1966-02-12,Schleswig-Holstein,2015-04-12,0
1551,2016-06-24,2016-06-27,210,l,black,2,39.9,31153,Mrs,1978-03-03,Schleswig-Holstein,2016-06-25,1
1552,2016-06-24,2016-06-27,7,42,purple,7,9.9,31153,Mrs,1978-03-03,Schleswig-Holstein,2016-06-25,1
1553,2016-06-24,2016-06-28,295,l,blue,36,59.9,27836,Mrs,1962-11-20,North Rhine-Westphalia,2016-06-03,0
1554,2016-06-24,2016-06-26,895,44,blue,39,39.95,16808,Mrs,1961-07-26,Lower Saxony,2016-01-30,0
1555,2016-06-24,2016-06-26,63,xl,red,33,9.9,16808,Mrs,1961-07-26,Lower Saxony,2016-01-30,0
1556,2016-06-24,2016-06-26,138,l,blue,46,19.9,16808,Mrs,1961-07-26,Lower Saxony,2016-01-30,1
1557,2016-06-24,2016-06-26,191,l,red,3,12.9,16808,Mrs,1961-07-26,Lower Saxony,2016-01-30,0
1558,2016-06-24,2016-07-02,895,44,blue,39,39.95,16808,Mrs,1961-07-26,Lower Saxony,2016-01-30,0
1561,2016-06-24,2016-06-26,699,42,ocher,39,44.95,4353,Mrs,1965-08-18,Bavaria,2016-06-25,1
1562,2016-06-24,2016-06-27,81,40,red,38,89.9,31155,Mrs,,Baden-Wuerttemberg,2016-06-25,1
1563,2016-06-24,2016-06-27,159,37,black,54,79.9,31155,Mrs,,Baden-Wuerttemberg,2016-06-25,1
1564,2016-06-24,2016-06-27,486,39,black,38,129.9,31156,Mr,1971-05-31,North Rhine-Westphalia,2016-06-25,0
1565,2016-06-24,2016-06-27,430,39,brown,38,129.9,31156,Mr,1971-05-31,North Rhine-Westphalia,2016-06-25,0
1566,2016-06-24,2016-06-26,262,39,mocca,12,69.9,31157,Mrs,1966-06-01,Bavaria,2015-02-17,1
1567,2016-06-24,2016-06-26,213,xl,ash,3,39.9,31157,Mrs,1966-06-01,Bavaria,2015-02-17,0
1568,2016-06-24,2016-06-26,628,xl,black,5,49.9,31157,Mrs,1966-06-01,Bavaria,2015-02-17,1
1569,2016-06-24,2016-06-26,22,xl,green,14,29.9,31157,Mrs,1966-06-01,Bavaria,2015-02-17,1
1570,2016-06-24,2016-06-26,22,l,green,14,29.9,31157,Mrs,1966-06-01,Bavaria,2015-02-17,1
1571,2016-06-24,2016-06-26,57,xl,black,3,34.9,31157,Mrs,1966-06-01,Bavaria,2015-02-17,0
1572,2016-06-24,2016-06-26,57,l,black,3,34.9,31157,Mrs,1966-06-01,Bavaria,2015-02-17,1
1573,2016-06-24,2016-06-26,57,xl,mocca,3,34.9,31157,Mrs,1966-06-01,Bavaria,2015-02-17,0
1574,2016-06-24,2016-06-26,32,l,grey,3,21.9,6159,Mrs,1942-08-28,Baden-Wuerttemberg,2015-02-17,1
1575,2016-06-24,2016-06-26,156,23,black,34,29.9,6159,Mrs,1942-08-28,Baden-Wuerttemberg,2015-02-17,0
1576,2016-06-24,2016-06-26,32,l,white,3,21.9,6159,Mrs,1942-08-28,Baden-Wuerttemberg,2015-02-17,1
1577,2016-06-24,,8,40,stained,8,12.9,31160,Mrs,1955-07-23,North Rhine-Westphalia,2015-02-17,0
1578,2016-06-24,,8,41,stained,8,12.9,31160,Mrs,1955-07-23,North Rhine-Westphalia,2015-02-17,0
1579,2016-06-24,,93,xl,brown,20,49.9,31160,Mrs,1955-07-23,North Rhine-Westphalia,2015-02-17,0
1580,2016-06-24,,108,xxl,blue,46,29.9,31160,Mrs,1955-07-23,North Rhine-Westphalia,2015-02-17,0
1581,2016-06-24,,108,xxl,grey,46,29.9,31160,Mrs,1955-07-23,North Rhine-Westphalia,2015-02-17,0
1582,2016-06-24,,218,xxl,turquoise,42,69.9,31160,Mrs,1955-07-23,North Rhine-Westphalia,2015-02-17,0
1583,2016-06-24,,413,xxl,azure,14,59.9,31160,Mrs,1955-07-23,North Rhine-Westphalia,2015-02-17,0
1584,2016-06-24,,413,xxl,black,14,59.9,31160,Mrs,1955-07-23,North Rhine-Westphalia,2015-02-17,0
1585,2016-06-24,,255,xxl,purple,37,19.9,31160,Mrs,1955-07-23,North Rhine-Westphalia,2015-02-17,0
1586,2016-06-24,,255,xxl,red,37,19.9,31160,Mrs,1955-07-23,North Rhine-Westphalia,2015-02-17,0
1587,2016-06-24,2016-06-26,896,xl,grey,33,9.9,31161,Mrs,1971-05-13,Schleswig-Holstein,2016-03-14,0
1588,2016-06-24,2016-06-26,896,xl,grey,33,9.9,31161,Mrs,1971-05-13,Schleswig-Holstein,2016-03-14,0
1589,2016-06-24,2016-06-26,322,9,blue,4,49.95,31162,Mr,1976-11-26,Hesse,2015-02-17,1
1590,2016-06-24,2016-06-26,1088,43,black,18,120.0,31162,Mr,1976-11-26,Hesse,2015-02-17,1
1591,2016-06-24,2016-06-26,53,44,grey,30,19.9,31162,Mr,1976-11-26,Hesse,2015-02-17,0
1592,2016-06-24,2016-06-28,301,m,anthracite,20,54.9,31163,Mrs,1974-03-06,North Rhine-Westphalia,2015-06-05,0
1593,2016-06-24,2016-06-28,443,42,blue,25,69.9,31163,Mrs,1974-03-06,North Rhine-Westphalia,2015-06-05,1
1594,2016-06-24,2016-06-28,208,42,black,25,59.9,31163,Mrs,1974-03-06,North Rhine-Westphalia,2015-06-05,1
1595,2016-06-24,2016-06-28,287,41,black,61,39.9,31163,Mrs,1974-03-06,North Rhine-Westphalia,2015-06-05,1
1596,2016-06-24,2016-06-28,343,m,blue,37,49.9,31163,Mrs,1974-03-06,North Rhine-Westphalia,2015-06-05,1
1597,2016-06-24,2016-06-28,57,m,ash,3,29.9,31163,Mrs,1974-03-06,North Rhine-Westphalia,2015-06-05,1
1598,2016-06-24,2016-06-28,255,m,blue,37,34.9,31163,Mrs,1974-03-06,North Rhine-Westphalia,2015-06-05,1
1599,2016-06-24,,171,m,denim,3,29.9,31163,Mrs,1974-03-06,North Rhine-Westphalia,2015-06-05,0
1600,2016-06-24,2016-06-26,449,l,grey,3,11.9,19353,Mrs,1963-09-18,Bavaria,2016-03-13,0
1601,2016-06-24,2016-06-26,450,50,olive,39,44.95,19353,Mrs,1963-09-18,Bavaria,2016-03-13,0
1602,2016-06-24,2016-08-22,449,l,grey,3,11.9,19353,Mrs,1963-09-18,Bavaria,2016-03-13,0
1603,2016-06-24,2016-06-26,484,4+,brown,19,59.9,17861,Mrs,1968-08-27,Baden-Wuerttemberg,2015-02-17,1
1604,2016-06-24,2016-06-26,484,5,brown,19,59.9,17861,Mrs,1968-08-27,Baden-Wuerttemberg,2015-02-17,1
1605,2016-06-24,2016-06-26,1372,23,grey,6,49.9,17861,Mrs,1968-08-27,Baden-Wuerttemberg,2015-02-17,1
1606,2016-06-24,2016-06-26,9,6+,black,4,79.95,10401,Mrs,1956-03-29,North Rhine-Westphalia,2016-04-19,0
1607,2016-06-24,2016-06-26,313,l,red,11,59.9,10401,Mrs,1956-03-29,North Rhine-Westphalia,2016-04-19,0
1608,2016-06-24,2016-06-26,896,xl,red,33,9.9,13764,Mrs,1971-10-29,Rhineland-Palatinate,2016-04-27,0
1609,2016-06-24,2016-06-26,896,xl,grey,33,9.9,13764,Mrs,1971-10-29,Rhineland-Palatinate,2016-04-27,0
1610,2016-06-24,2016-06-26,454,42,grey,1,99.9,735,Mrs,1961-03-04,Bavaria,2015-02-17,1
1611,2016-06-24,2016-06-26,114,42,brown,43,79.9,735,Mrs,1961-03-04,Bavaria,2015-02-17,1
1612,2016-06-24,2016-06-26,114,42,black,43,79.9,735,Mrs,1961-03-04,Bavaria,2015-02-17,1
1613,2016-06-24,2016-06-26,126,10+,black,21,79.95,735,Mrs,1961-03-04,Bavaria,2015-02-17,1
1614,2016-06-24,2016-06-26,278,42,brown,50,79.95,735,Mrs,1961-03-04,Bavaria,2015-02-17,1
1615,2016-06-24,2016-06-26,262,38,black,12,69.9,20085,Mrs,1974-04-09,Lower Saxony,2015-02-17,0
1616,2016-06-24,2016-06-26,296,7+,ecru,19,39.9,31164,Mrs,1967-06-01,Bavaria,2015-11-20,1
1617,2016-06-24,2016-06-26,296,6+,ecru,19,39.9,31164,Mrs,1967-06-01,Bavaria,2015-11-20,1
1618,2016-06-24,,895,38,darkblue,39,39.95,31164,Mrs,1967-06-01,Bavaria,2015-11-20,0
1619,2016-06-24,2016-06-26,410,42,black,57,59.9,28761,Mrs,1965-11-11,Lower Saxony,2016-06-25,1
1620,2016-06-24,,86,xl,brown,5,49.9,3397,Mrs,1957-03-26,Lower Saxony,2015-02-17,0
1621,2016-06-24,,897,xl,white,33,9.9,3397,Mrs,1957-03-26,Lower Saxony,2015-02-17,0
1622,2016-06-24,2016-06-27,116,m,denim,5,59.9,31165,Mrs,1958-07-29,North Rhine-Westphalia,2016-06-25,1
1623,2016-06-24,2016-06-27,313,m,blue,11,59.9,31165,Mrs,1958-07-29,North Rhine-Westphalia,2016-06-25,1
1624,2016-06-24,2016-06-27,102,38,ocher,44,60.0,31166,Mrs,1972-05-01,Bavaria,2016-06-25,0
1625,2016-06-24,2016-06-27,27,5+,black,19,39.9,31166,Mrs,1972-05-01,Bavaria,2016-06-25,0
1626,2016-06-24,2016-06-26,242,l,black,20,59.9,12512,Mrs,1962-04-07,Hesse,2015-02-17,1
1627,2016-06-24,2016-06-27,730,38,black,44,125.0,31167,Mrs,1961-04-17,Baden-Wuerttemberg,2016-06-25,1
1628,2016-06-24,2016-06-27,926,38,black,44,100.0,31167,Mrs,1961-04-17,Baden-Wuerttemberg,2016-06-25,1
1629,2016-06-24,2016-06-27,859,s,black,6,49.9,31167,Mrs,1961-04-17,Baden-Wuerttemberg,2016-06-25,1
1630,2016-06-24,2016-06-27,218,s,turquoise,42,69.9,31167,Mrs,1961-04-17,Baden-Wuerttemberg,2016-06-25,1
1631,2016-06-24,2016-06-27,328,s,blue,37,29.9,31167,Mrs,1961-04-17,Baden-Wuerttemberg,2016-06-25,1
1632,2016-06-24,2016-06-27,826,s,black,2,39.9,31167,Mrs,1961-04-17,Baden-Wuerttemberg,2016-06-25,1
1633,2016-06-24,2016-06-27,234,s,petrol,36,59.9,31167,Mrs,1961-04-17,Baden-Wuerttemberg,2016-06-25,1
1634,2016-06-24,2016-06-27,268,s,pink,2,29.9,31167,Mrs,1961-04-17,Baden-Wuerttemberg,2016-06-25,1
1635,2016-06-24,2016-06-27,563,36,petrol,11,39.9,31167,Mrs,1961-04-17,Baden-Wuerttemberg,2016-06-25,1
1636,2016-06-24,2016-07-18,579,xl,grey,3,19.9,20609,Mr,1969-09-23,Hesse,2016-02-10,0
1637,2016-06-24,2016-07-18,579,xl,brown,3,19.9,20609,Mr,1969-09-23,Hesse,2016-02-10,0
1638,2016-06-24,2016-07-18,508,39,copper coin,15,39.95,20609,Mr,1969-09-23,Hesse,2016-02-10,1
1639,2016-06-24,2016-07-18,508,39,copper coin,15,39.95,20609,Mr,1969-09-23,Hesse,2016-02-10,1
1643,2016-06-24,2016-06-26,255,m,olive,37,19.9,17158,Mrs,1959-11-18,Brandenburg,2016-06-25,0
1644,2016-06-24,2016-06-26,173,m,brown,20,19.9,17158,Mrs,1959-11-18,Brandenburg,2016-06-25,0
1645,2016-06-24,2016-06-26,222,xl,denim,3,19.9,31172,Mrs,1953-12-22,Lower Saxony,2015-02-17,0
1646,2016-06-24,2016-06-26,296,8,ecru,19,39.9,31172,Mrs,1953-12-22,Lower Saxony,2015-02-17,0
1647,2016-06-24,2016-06-28,895,44,black,39,39.95,31172,Mrs,1953-12-22,Lower Saxony,2015-02-17,1
1648,2016-06-24,2016-06-26,2,l,green,2,19.9,29381,Mrs,1960-04-24,Baden-Wuerttemberg,2015-02-17,1
1649,2016-06-24,2016-06-26,33,m,red,5,59.9,29381,Mrs,1960-04-24,Baden-Wuerttemberg,2015-02-17,1
1650,2016-06-24,2016-06-26,33,m,black,5,59.9,29381,Mrs,1960-04-24,Baden-Wuerttemberg,2015-02-17,1
1651,2016-06-24,2016-06-26,84,m,blue,5,59.9,29381,Mrs,1960-04-24,Baden-Wuerttemberg,2015-02-17,0
1652,2016-06-24,,281,39,blue,63,99.9,7733,Mrs,1974-02-23,Schleswig-Holstein,2015-02-17,0
1653,2016-06-24,2016-06-27,1053,39,black,45,109.9,31174,Mrs,,North Rhine-Westphalia,2016-06-25,0
1654,2016-06-24,2016-06-26,143,l,mocca,5,59.9,16628,Mrs,1953-11-23,Schleswig-Holstein,2015-02-19,0
1655,2016-06-24,2016-06-26,2,l,mocca,2,19.9,16628,Mrs,1953-11-23,Schleswig-Holstein,2015-02-19,0
1656,2016-06-24,2016-06-27,195,m,curry,46,19.9,31176,Mrs,1955-10-06,Hamburg,2016-06-25,0
1657,2016-06-24,2016-06-27,343,m,olive,37,24.9,31176,Mrs,1955-10-06,Hamburg,2016-06-25,0
1658,2016-06-24,2016-07-04,51,s,green,5,69.9,31176,Mrs,1955-10-06,Hamburg,2016-06-25,0
1659,2016-06-24,,222,m,blue,3,19.9,10865,Mrs,1900-11-21,Hesse,2015-12-21,0
1660,2016-06-24,,215,m,denim,28,59.9,10865,Mrs,1900-11-21,Hesse,2015-12-21,0
1661,2016-06-24,,237,unsized,olive,59,39.9,10865,Mrs,1900-11-21,Hesse,2015-12-21,0
1662,2016-06-24,2016-06-28,346,xl,white,5,69.9,31178,Mrs,1960-01-30,Rhineland-Palatinate,2016-06-25,1
1663,2016-06-24,2016-06-28,273,m,white,20,119.9,31178,Mrs,1960-01-30,Rhineland-Palatinate,2016-06-25,1
1664,2016-06-24,2016-06-28,252,xl,black,41,119.9,31178,Mrs,1960-01-30,Rhineland-Palatinate,2016-06-25,0
1665,2016-06-24,2016-06-28,465,xl,ash,49,59.9,31178,Mrs,1960-01-30,Rhineland-Palatinate,2016-06-25,0
1666,2016-06-24,2016-06-28,37,40,grey,1,79.9,31178,Mrs,1960-01-30,Rhineland-Palatinate,2016-06-25,1
1667,2016-06-24,2016-06-28,949,xxl,red,30,69.9,31178,Mrs,1960-01-30,Rhineland-Palatinate,2016-06-25,1
1668,2016-06-24,2016-06-28,41,41,brown,1,99.9,31178,Mrs,1960-01-30,Rhineland-Palatinate,2016-06-25,1
1669,2016-06-24,2016-06-28,41,40,black,1,99.9,31178,Mrs,1960-01-30,Rhineland-Palatinate,2016-06-25,1
1670,2016-06-24,2016-06-28,707,40,black,1,119.9,31178,Mrs,1960-01-30,Rhineland-Palatinate,2016-06-25,1
1671,2016-06-24,2016-06-26,22,xl,green,14,29.9,8407,Mrs,1960-07-01,Rhineland-Palatinate,2015-02-17,1
1672,2016-06-24,2016-07-06,22,xxl,green,14,29.9,8407,Mrs,1960-07-01,Rhineland-Palatinate,2015-02-17,0
1673,2016-06-24,2016-06-26,830,39,grey,43,99.9,7733,Mrs,1974-02-23,Schleswig-Holstein,2015-02-17,1
1674,2016-06-24,2016-06-26,613,39,blue,45,59.9,7733,Mrs,1974-02-23,Schleswig-Holstein,2015-02-17,1
1675,2016-06-24,2016-06-26,265,39,black,44,90.0,7733,Mrs,1974-02-23,Schleswig-Holstein,2015-02-17,1
1676,2016-06-24,2016-06-26,640,unsized,stained,68,29.9,7733,Mrs,1974-02-23,Schleswig-Holstein,2015-02-17,0
1677,2016-06-24,2016-06-26,105,39,grey,45,69.9,7733,Mrs,1974-02-23,Schleswig-Holstein,2015-02-17,1
1678,2016-06-24,2016-06-26,105,39,purple,45,69.9,7733,Mrs,1974-02-23,Schleswig-Holstein,2015-02-17,1
1679,2016-06-24,2016-06-26,85,39,stained,40,79.9,7733,Mrs,1974-02-23,Schleswig-Holstein,2015-02-17,1
1680,2016-06-24,2016-06-26,272,39,black,53,39.9,7733,Mrs,1974-02-23,Schleswig-Holstein,2015-02-17,1
1681,2016-06-24,2016-06-26,101,39,anthracite,17,89.9,7733,Mrs,1974-02-23,Schleswig-Holstein,2015-02-17,0
1682,2016-06-24,2016-06-26,397,39,blue,53,39.9,7733,Mrs,1974-02-23,Schleswig-Holstein,2015-02-17,1
1683,2016-06-24,2016-06-26,281,39,blue,63,99.9,7733,Mrs,1974-02-23,Schleswig-Holstein,2015-02-17,1
1684,2016-06-24,,110,38,grey,1,89.9,7733,Mrs,1974-02-23,Schleswig-Holstein,2015-02-17,0
1685,2016-06-24,,110,38,blue,1,89.9,7733,Mrs,1974-02-23,Schleswig-Holstein,2015-02-17,0
1686,2016-06-24,2016-06-26,255,xl,red,37,19.9,20347,Mrs,1960-01-08,Baden-Wuerttemberg,2015-02-17,1
1687,2016-06-24,2016-06-26,138,l,blue,46,19.9,20347,Mrs,1960-01-08,Baden-Wuerttemberg,2015-02-17,1
1688,2016-06-24,2016-06-26,874,1,brown,21,49.9,31181,Mrs,1967-04-19,Bavaria,2015-03-23,0
1689,2016-06-24,2016-06-26,600,38,red,69,69.95,31181,Mrs,1967-04-19,Bavaria,2015-03-23,1
1690,2016-06-24,2016-06-26,1283,42,black,91,79.9,31181,Mrs,1967-04-19,Bavaria,2015-03-23,0
1691,2016-06-24,2016-06-26,454,41,red,1,99.9,31181,Mrs,1967-04-19,Bavaria,2015-03-23,1
1793,2016-06-24,2016-06-26,2,l,green,2,19.9,24046,Mrs,1951-12-15,Schleswig-Holstein,2015-07-04,0
1794,2016-06-24,2016-06-26,57,l,ash,3,24.9,24046,Mrs,1951-12-15,Schleswig-Holstein,2015-07-04,0
1795,2016-06-24,2016-06-26,57,l,red,3,24.9,24046,Mrs,1951-12-15,Schleswig-Holstein,2015-07-04,0
1796,2016-06-24,2016-06-26,82,l,red,5,69.9,24046,Mrs,1951-12-15,Schleswig-Holstein,2015-07-04,1
1797,2016-06-24,2016-06-26,65,41,blue,17,79.9,24046,Mrs,1951-12-15,Schleswig-Holstein,2015-07-04,0
1798,2016-06-24,,660,46,nature,39,39.95,24046,Mrs,1951-12-15,Schleswig-Holstein,2015-07-04,0
2497,2016-06-24,2016-06-26,246,38,grey,40,79.9,5727,Mrs,1965-02-06,North Rhine-Westphalia,2015-02-17,1
2498,2016-06-24,2016-06-26,246,38,black,40,79.9,5727,Mrs,1965-02-06,North Rhine-Westphalia,2015-02-17,1
2499,2016-06-24,2016-06-26,15,39,ocher,1,129.9,5727,Mrs,1965-02-06,North Rhine-Westphalia,2015-02-17,1
2500,2016-06-24,2016-06-26,77,39,grey,1,129.9,5727,Mrs,1965-02-06,North Rhine-Westphalia,2015-02-17,1
2514,2016-06-24,2016-06-27,377,39,grey,57,59.9,31355,Mrs,1960-12-21,Brandenburg,2015-02-17,1
2518,2016-06-24,,394,41,black,44,90.0,31356,Mrs,1993-01-11,Saxony,2016-06-25,0
2546,2016-06-24,2016-06-27,37,39,pink,1,79.9,31363,Mrs,1962-02-06,North Rhine-Westphalia,2016-06-25,1
2547,2016-06-24,2016-06-27,59,unsized,turquoise,32,19.9,31364,Mrs,,Bavaria,2016-06-25,1
2548,2016-06-24,2016-06-27,100,38,petrol,43,69.9,31364,Mrs,,Bavaria,2016-06-25,1
2549,2016-06-24,2016-06-27,246,39,blue,40,119.9,31364,Mrs,,Bavaria,2016-06-25,1
2550,2016-06-24,2016-06-27,98,m,denim,28,89.9,31364,Mrs,,Bavaria,2016-06-25,1
2551,2016-06-24,2016-07-23,573,m,ocher,41,129.9,31364,Mrs,,Bavaria,2016-06-25,0
2552,2016-06-24,,74,42,brown,24,69.9,31365,Mrs,1967-08-18,Lower Saxony,2016-06-25,0
659,2016-06-25,,680,37,ocher,54,89.9,30936,Mrs,1954-02-28,Baden-Wuerttemberg,2016-02-03,0
660,2016-06-25,2016-06-26,246,41,purple,40,79.9,30937,Mrs,1956-01-12,Lower Saxony,2015-07-01,0
661,2016-06-25,,32,xl,blue,3,24.9,29891,Mrs,1951-09-29,Lower Saxony,2016-06-20,0
662,2016-06-25,2016-07-20,508,41,blue,15,39.95,17958,Mrs,1962-04-01,Thuringia,2015-03-11,0
663,2016-06-25,2016-07-20,508,41,green,15,39.95,17958,Mrs,1962-04-01,Thuringia,2015-03-11,0
664,2016-06-25,2016-07-19,90,39,black,24,99.9,27969,Mrs,1969-12-06,Baden-Wuerttemberg,2016-06-12,1
665,2016-06-25,2016-06-26,32,xxl,ash,3,24.9,21544,Mrs,1965-12-23,North Rhine-Westphalia,2015-06-22,1
666,2016-06-25,2016-06-26,82,xl,black,5,69.9,21544,Mrs,1965-12-23,North Rhine-Westphalia,2015-06-22,1
667,2016-06-25,2016-06-26,61,l,black,28,59.9,21544,Mrs,1965-12-23,North Rhine-Westphalia,2015-06-22,1
668,2016-06-25,2016-06-26,217,xxl,nature,29,59.9,7265,Mrs,1962-12-01,Bremen,2015-12-06,0
669,2016-06-25,2016-06-26,173,xl,brown,20,19.9,30938,Mrs,1967-10-18,Lower Saxony,2015-02-17,1
670,2016-06-25,2016-06-26,86,l,olive,5,79.9,30938,Mrs,1967-10-18,Lower Saxony,2015-02-17,1
671,2016-06-25,2016-06-26,122,40,green,1,79.9,30938,Mrs,1967-10-18,Lower Saxony,2015-02-17,1
672,2016-06-25,2016-06-26,427,40,black,55,169.9,30938,Mrs,1967-10-18,Lower Saxony,2015-02-17,0
673,2016-06-25,2016-06-26,9,8,black,4,79.95,30938,Mrs,1967-10-18,Lower Saxony,2015-02-17,1
674,2016-06-25,,36,40,red,1,79.9,30938,Mrs,1967-10-18,Lower Saxony,2015-02-17,0
675,2016-06-25,,427,42,black,55,169.9,30938,Mrs,1967-10-18,Lower Saxony,2015-02-17,0
678,2016-06-25,,367,40,blue,18,89.9,30941,Mrs,1962-06-25,North Rhine-Westphalia,2016-06-26,0
679,2016-06-25,2016-06-26,346,l,black,5,69.9,29049,Mr,,North Rhine-Westphalia,2016-06-16,0
681,2016-06-25,2016-07-20,617,45,brwon,15,54.95,13584,Mr,1956-03-10,North Rhine-Westphalia,2016-04-27,0
708,2016-06-25,2016-06-26,415,39,grey,1,89.9,30948,Mrs,1948-06-03,North Rhine-Westphalia,2015-02-17,1
709,2016-06-25,2016-06-26,147,39,grey,1,99.9,30948,Mrs,1948-06-03,North Rhine-Westphalia,2015-02-17,1
710,2016-06-25,,122,39,grey,1,79.9,30948,Mrs,1948-06-03,North Rhine-Westphalia,2015-02-17,0
778,2016-06-25,2016-06-27,215,m,denim,28,59.9,30968,Mrs,1953-12-18,North Rhine-Westphalia,2016-06-26,1
779,2016-06-25,2016-06-27,85,42,stained,40,79.9,30969,Mr,1975-05-17,Bavaria,2016-06-26,0
780,2016-06-25,,90,38,red,24,69.9,30169,Mrs,1965-12-28,Lower Saxony,2016-06-25,0
781,2016-06-25,,90,39,red,24,69.9,30169,Mrs,1965-12-28,Lower Saxony,2016-06-25,0
782,2016-06-25,2016-06-27,208,48,white,25,59.9,30970,Mrs,1966-06-22,Hesse,2016-06-26,0
783,2016-06-25,2016-06-27,281,40,blue,63,99.9,30970,Mrs,1966-06-22,Hesse,2016-06-26,1
784,2016-06-25,2016-06-26,510,40,ecru,55,159.9,6436,Mrs,1963-02-18,Bavaria,2016-04-11,0
785,2016-06-25,2016-06-26,64,40,brown,18,119.9,6436,Mrs,1963-02-18,Bavaria,2016-04-11,0
786,2016-06-25,2016-06-26,133,40,blue,38,139.9,6436,Mrs,1963-02-18,Bavaria,2016-04-11,1
787,2016-06-25,2016-07-02,495,38,grey,30,69.9,5065,Mrs,1967-12-17,North Rhine-Westphalia,2015-02-17,0
788,2016-06-25,,495,40,grey,30,69.9,5065,Mrs,1967-12-17,North Rhine-Westphalia,2015-02-17,0
789,2016-06-25,1994-12-31,415,41,grey,1,89.9,29174,Mrs,1963-12-01,Berlin,2016-06-17,1
790,2016-06-25,1994-12-31,415,42,blue,1,89.9,29174,Mrs,1963-12-01,Berlin,2016-06-17,1
791,2016-06-25,1994-12-31,311,41,blue,38,99.9,29174,Mrs,1963-12-01,Berlin,2016-06-17,1
792,2016-06-25,2016-06-27,247,40,black,40,99.9,30971,Mrs,1967-05-04,Hamburg,2016-06-26,0
793,2016-06-25,2016-06-28,7,44,purple,7,9.9,30972,Mrs,,North Rhine-Westphalia,2016-06-26,0
794,2016-06-25,2016-06-26,166,42,olive,6,69.9,7164,Mrs,1946-08-27,Berlin,2015-02-17,0
795,2016-06-25,2016-06-26,175,l,purple,3,19.9,7164,Mrs,1946-08-27,Berlin,2015-02-17,0
796,2016-06-25,2016-06-26,441,41,black,53,39.9,2219,Mrs,1977-04-29,Baden-Wuerttemberg,2016-06-26,1
797,2016-06-25,2016-06-26,163,41,black,53,49.9,2219,Mrs,1977-04-29,Baden-Wuerttemberg,2016-06-26,1
798,2016-06-25,2016-06-26,2,l,mocca,2,19.9,9302,Mrs,1960-10-10,Lower Saxony,2015-06-06,1
799,2016-06-25,2016-06-26,2,l,green,2,19.9,9302,Mrs,1960-10-10,Lower Saxony,2015-06-06,0
800,2016-06-25,2016-06-26,245,37,grey,1,79.9,30976,Mrs,1957-04-12,Hesse,2016-06-26,0
801,2016-06-25,2016-06-27,43,38,grey,1,99.9,28400,Mrs,1969-03-18,Bavaria,2015-02-17,1
802,2016-06-25,,219,41,mango,38,69.9,30977,Mrs,1952-10-15,Bavaria,2016-06-26,0
803,2016-06-25,2016-06-26,100,42,brown,43,69.9,30979,Mrs,1963-03-13,Lower Saxony,2015-02-17,1
804,2016-06-25,2016-06-26,292,7+,grey,4,89.9,30980,Mrs,1963-12-25,Mecklenburg-Western Pomerania,2016-06-26,0
805,2016-06-25,,199,41,grey,4,69.95,30980,Mrs,1963-12-25,Mecklenburg-Western Pomerania,2016-06-26,0
808,2016-06-25,,170,37,blue,54,119.9,30936,Mrs,1954-02-28,Baden-Wuerttemberg,2016-02-03,0
809,2016-06-25,2016-07-19,246,40,black,40,79.9,30981,Mrs,1964-11-08,Rhineland-Palatinate,2016-03-21,0
810,2016-06-25,2016-06-26,155,xxl,grey,5,49.9,30982,Mrs,1961-03-18,Bavaria,2015-11-08,1
811,2016-06-25,2016-06-26,155,l,denim,5,49.9,30982,Mrs,1961-03-18,Bavaria,2015-11-08,1
812,2016-06-25,2016-06-26,194,l,denim,5,69.9,30982,Mrs,1961-03-18,Bavaria,2015-11-08,0
813,2016-06-25,2016-06-26,157,unsized,purple,32,0.0,30982,Mrs,1961-03-18,Bavaria,2015-11-08,1
814,2016-06-25,2016-06-26,157,unsized,purple,32,0.0,30982,Mrs,1961-03-18,Bavaria,2015-11-08,1
815,2016-06-25,2016-06-26,157,unsized,purple,32,0.0,30982,Mrs,1961-03-18,Bavaria,2015-11-08,0
816,2016-06-25,2016-06-29,155,xl,berry,5,49.9,30982,Mrs,1961-03-18,Bavaria,2015-11-08,1
817,2016-06-25,2016-07-02,660,20,grey,39,39.95,12886,Mrs,1966-11-25,Berlin,2016-04-25,1
818,2016-06-25,2016-07-05,660,19,grey,39,39.95,12886,Mrs,1966-11-25,Berlin,2016-04-25,1
819,2016-06-25,,660,20,black,39,39.95,12886,Mrs,1966-11-25,Berlin,2016-04-25,0
820,2016-06-25,,194,m,yellow,5,69.9,12886,Mrs,1966-11-25,Berlin,2016-04-25,0
821,2016-06-25,2016-07-30,660,19,black,39,39.95,12886,Mrs,1966-11-25,Berlin,2016-04-25,1
822,2016-06-25,2016-06-27,495,36,purple,30,69.9,30983,Mrs,1977-07-28,Schleswig-Holstein,2016-06-26,1
823,2016-06-25,2016-06-27,74,38,beige,24,69.9,30983,Mrs,1977-07-28,Schleswig-Holstein,2016-06-26,1
824,2016-06-25,2016-06-27,415,40,black,1,79.9,30984,Mrs,1982-02-04,Baden-Wuerttemberg,2015-05-26,0
825,2016-06-25,2016-06-27,147,40,grey,1,99.9,30984,Mrs,1982-02-04,Baden-Wuerttemberg,2015-05-26,1
826,2016-06-25,2016-06-27,410,40,black,57,59.9,30984,Mrs,1982-02-04,Baden-Wuerttemberg,2015-05-26,1
827,2016-06-25,,55,40,black,1,89.9,30984,Mrs,1982-02-04,Baden-Wuerttemberg,2015-05-26,0
828,2016-06-25,2016-06-27,641,xxl,ocher,48,149.95,10852,Mrs,1961-02-17,North Rhine-Westphalia,2016-02-26,0
829,2016-06-25,2016-06-27,641,xxl,black,48,149.95,10852,Mrs,1961-02-17,North Rhine-Westphalia,2016-02-26,0
830,2016-06-25,2016-06-27,166,48,olive,6,69.9,10852,Mrs,1961-02-17,North Rhine-Westphalia,2016-02-26,1
831,2016-06-25,2016-06-27,17,46,blue,11,69.9,10852,Mrs,1961-02-17,North Rhine-Westphalia,2016-02-26,1
832,2016-06-25,2016-06-27,51,xl,olive,5,69.9,10852,Mrs,1961-02-17,North Rhine-Westphalia,2016-02-26,1
833,2016-06-25,2016-06-27,51,xxl,olive,5,69.9,10852,Mrs,1961-02-17,North Rhine-Westphalia,2016-02-26,1
834,2016-06-25,,166,46,anthracite,6,69.9,10852,Mrs,1961-02-17,North Rhine-Westphalia,2016-02-26,0
835,2016-06-25,,660,46,black,39,39.95,10852,Mrs,1961-02-17,North Rhine-Westphalia,2016-02-26,0
836,2016-06-25,,1,39+,mocca,1,119.9,7443,Mrs,1972-08-07,Bavaria,2016-04-12,0
837,2016-06-25,2016-06-27,707,43,champagner,1,79.9,30987,Mrs,,North Rhine-Westphalia,2016-06-26,0
838,2016-06-25,2016-06-27,188,43,mocca,55,149.9,30987,Mrs,,North Rhine-Westphalia,2016-06-26,1
839,2016-06-25,2016-06-27,156,40,blue,34,29.9,30988,Mrs,,Lower Saxony,2016-06-26,1
840,2016-06-25,2016-06-26,32,m,ash,3,21.9,13394,Mrs,1957-02-01,Baden-Wuerttemberg,2015-02-17,0
841,2016-06-25,2016-06-26,32,m,grey,3,21.9,13394,Mrs,1957-02-01,Baden-Wuerttemberg,2015-02-17,1
842,2016-06-25,2016-06-26,28,m,grey,20,24.9,13394,Mrs,1957-02-01,Baden-Wuerttemberg,2015-02-17,0
843,2016-06-25,2016-06-26,183,l,red,5,79.9,7233,Mrs,1960-06-12,North Rhine-Westphalia,2015-02-17,1
844,2016-06-25,2016-06-27,343,xl,black,37,24.9,30989,Mrs,1965-02-16,North Rhine-Westphalia,2016-06-26,0
845,2016-06-25,2016-06-27,173,xl,brown,20,19.9,30989,Mrs,1965-02-16,North Rhine-Westphalia,2016-06-26,1
846,2016-06-25,2016-06-27,561,xl,grey,3,14.9,30989,Mrs,1965-02-16,North Rhine-Westphalia,2016-06-26,1
847,2016-06-25,2016-06-27,158,40,black,54,59.9,30989,Mrs,1965-02-16,North Rhine-Westphalia,2016-06-26,0
848,2016-06-25,2016-06-26,397,39,blue,53,39.9,30990,Mrs,1959-08-01,North Rhine-Westphalia,2015-09-07,1
849,2016-06-25,2016-06-26,896,xl,grey,33,9.9,30990,Mrs,1959-08-01,North Rhine-Westphalia,2015-09-07,0
850,2016-06-25,2016-06-26,896,xl,grey,33,9.9,30990,Mrs,1959-08-01,North Rhine-Westphalia,2015-09-07,0
851,2016-06-25,2016-06-26,313,xl,red,11,59.9,14689,Mrs,,Lower Saxony,2016-04-29,1
852,2016-06-25,2016-06-26,255,xl,purple,37,19.9,14689,Mrs,,Lower Saxony,2016-04-29,1
853,2016-06-25,2016-06-26,897,l,blue,33,9.9,14689,Mrs,,Lower Saxony,2016-04-29,0
854,2016-06-25,2016-06-26,897,l,grey,33,9.9,14689,Mrs,,Lower Saxony,2016-04-29,0
855,2016-06-25,2016-06-26,423,l,blue,33,12.9,14689,Mrs,,Lower Saxony,2016-04-29,0
856,2016-06-25,2016-06-26,147,39,blue,1,99.9,2574,Mrs,1960-10-12,Bavaria,2016-02-25,0
1110,2016-06-25,2016-06-26,58,l,black,31,89.9,31052,Mrs,1976-06-25,Lower Saxony,2016-03-28,0
1111,2016-06-25,,660,42,nature,39,39.95,31052,Mrs,1976-06-25,Lower Saxony,2016-03-28,0
1112,2016-06-25,2016-06-26,2,l,green,2,19.9,5836,Mrs,1953-06-29,Schleswig-Holstein,2015-02-17,0
1113,2016-06-25,2016-06-26,269,xxl,ocher,42,59.9,7194,Mrs,1968-07-30,Hamburg,2015-07-29,0
1114,2016-06-25,2016-06-26,896,xxl,grey,33,9.9,7194,Mrs,1968-07-30,Hamburg,2015-07-29,0
1115,2016-06-25,2016-06-26,281,39,blue,63,99.9,7194,Mrs,1968-07-30,Hamburg,2015-07-29,0
1116,2016-06-25,2016-06-26,57,xxl,red,3,29.9,7194,Mrs,1968-07-30,Hamburg,2015-07-29,0
1117,2016-06-25,2016-06-26,346,m,mocca,5,69.9,7194,Mrs,1968-07-30,Hamburg,2015-07-29,0
1133,2016-06-25,2016-06-26,655,37,red,26,49.9,31057,Mrs,1967-07-26,Saxony,2015-02-17,1
1134,2016-06-25,,655,38,black,26,59.9,31057,Mrs,1967-07-26,Saxony,2015-02-17,0
1161,2016-06-25,2016-06-26,663,37,bordeaux,55,169.9,10432,Mrs,1944-07-23,Bavaria,2015-02-17,0
1187,2016-06-25,2016-06-26,410,40,white,57,42.4,3642,Mrs,1956-10-20,Berlin,2015-02-17,0
1559,2016-06-25,2016-07-06,22,xl,grey,14,39.9,19839,Mr,1953-01-04,Bavaria,2015-05-04,0
1560,2016-06-25,,22,xl,blue,14,39.9,19839,Mr,1953-01-04,Bavaria,2015-05-04,0
1896,2016-06-25,2016-06-26,313,s,blue,11,59.9,25190,Mrs,1954-02-07,Lower Saxony,2015-11-10,0
2046,2016-06-25,2016-06-26,255,xxl,red,37,19.9,31160,Mrs,1955-07-23,North Rhine-Westphalia,2015-02-17,0
2047,2016-06-25,2016-06-26,255,xxl,purple,37,19.9,31160,Mrs,1955-07-23,North Rhine-Westphalia,2015-02-17,0
2048,2016-06-25,2016-06-26,413,xxl,black,14,59.9,31160,Mrs,1955-07-23,North Rhine-Westphalia,2015-02-17,0
2049,2016-06-25,2016-06-26,218,xxl,turquoise,42,69.9,31160,Mrs,1955-07-23,North Rhine-Westphalia,2015-02-17,1
2050,2016-06-25,2016-06-26,108,xxl,grey,46,29.9,31160,Mrs,1955-07-23,North Rhine-Westphalia,2015-02-17,1
2051,2016-06-25,2016-06-26,108,xxl,blue,46,29.9,31160,Mrs,1955-07-23,North Rhine-Westphalia,2015-02-17,1
2052,2016-06-25,2016-06-26,93,xl,brown,20,49.9,31160,Mrs,1955-07-23,North Rhine-Westphalia,2015-02-17,0
2053,2016-06-25,2016-06-26,8,41,stained,8,12.9,31160,Mrs,1955-07-23,North Rhine-Westphalia,2015-02-17,0
2054,2016-06-25,,413,xxl,azure,14,59.9,31160,Mrs,1955-07-23,North Rhine-Westphalia,2015-02-17,0
2055,2016-06-25,,8,40,stained,8,12.9,31160,Mrs,1955-07-23,North Rhine-Westphalia,2015-02-17,0
2211,2016-06-25,2016-06-26,237,unsized,olive,59,39.9,10865,Mrs,1900-11-21,Hesse,2015-12-21,0
2212,2016-06-25,2016-06-26,215,m,denim,28,59.9,10865,Mrs,1900-11-21,Hesse,2015-12-21,0
2213,2016-06-25,2016-06-26,222,m,blue,3,24.9,10865,Mrs,1900-11-21,Hesse,2015-12-21,0
2225,2016-06-25,2016-06-26,251,40,black,12,69.9,3511,Mrs,1947-11-26,Bremen,2016-04-07,0
2226,2016-06-25,2016-06-26,263,xxl,mocca,5,69.9,3511,Mrs,1947-11-26,Bremen,2016-04-07,1
2284,2016-06-25,2016-06-26,72,37,pink,1,119.9,31301,Mrs,1965-11-04,Bavaria,2016-05-23,1
2285,2016-06-25,2016-07-04,72,37,brown,1,119.9,31301,Mrs,1965-11-04,Bavaria,2016-05-23,0
2420,2016-06-25,2016-06-26,896,xl,grey,33,9.9,5041,Mrs,1976-09-11,North Rhine-Westphalia,2016-04-09,0
2421,2016-06-25,2016-06-26,108,xl,white,46,29.9,5041,Mrs,1976-09-11,North Rhine-Westphalia,2016-04-09,1
2422,2016-06-25,,8,42,stained,8,12.9,5041,Mrs,1976-09-11,North Rhine-Westphalia,2016-04-09,0
2423,2016-06-25,2016-06-26,6,38,anthracite,6,79.9,31332,Mrs,1965-04-20,Hesse,2016-06-26,1
2424,2016-06-25,2016-06-26,6,40,anthracite,6,79.9,31332,Mrs,1965-04-20,Hesse,2016-06-26,1
2425,2016-06-25,2016-06-26,25,m,mocca,5,79.9,31332,Mrs,1965-04-20,Hesse,2016-06-26,1
2426,2016-06-25,2016-06-26,25,l,grey,5,79.9,31332,Mrs,1965-04-20,Hesse,2016-06-26,1
2427,2016-06-25,2016-06-27,55,40,ocher,1,89.9,31333,Mrs,,Thuringia,2016-06-26,0
2428,2016-06-25,2016-06-27,102,40,turquoise,44,60.0,31333,Mrs,,Thuringia,2016-06-26,1
2429,2016-06-25,2016-06-26,251,40,black,12,69.9,31334,Mrs,1971-01-04,Mecklenburg-Western Pomerania,2015-03-15,0
2431,2016-06-25,2016-07-20,201,39,brwon,15,65.95,17511,Mrs,1970-08-27,Schleswig-Holstein,2016-06-26,0
2432,2016-06-25,2016-08-03,201,39,red,15,65.95,17511,Mrs,1970-08-27,Schleswig-Holstein,2016-06-26,1
2433,2016-06-25,2016-06-26,85,39,stained,40,79.9,31336,Mrs,1963-09-29,Lower Saxony,2016-06-26,0
2434,2016-06-25,2016-06-26,218,m,turquoise,42,69.9,31336,Mrs,1963-09-29,Lower Saxony,2016-06-26,0
2435,2016-06-25,2016-06-26,269,m,brown,42,59.9,31336,Mrs,1963-09-29,Lower Saxony,2016-06-26,0
2436,2016-06-25,2016-06-26,660,23,black,39,39.95,31337,Mrs,1954-01-25,Lower Saxony,2015-06-22,1
2437,2016-06-25,2016-06-26,699,23,ocher,39,44.95,31337,Mrs,1954-01-25,Lower Saxony,2015-06-22,0
2438,2016-06-25,,103,39,green,17,79.9,1742,Mrs,1966-10-01,Hesse,2015-02-17,0
2439,2016-06-25,2016-06-26,140,46,black,6,69.9,31338,Mrs,1979-03-09,Lower Saxony,2016-06-26,0
2440,2016-06-25,2016-06-27,197,43,ocher,1,149.9,25294,Mrs,1978-09-09,North Rhine-Westphalia,2015-09-07,1
2441,2016-06-25,2016-06-27,654,9,blue,19,89.9,25294,Mrs,1978-09-09,North Rhine-Westphalia,2015-09-07,1
2442,2016-06-25,2016-06-27,371,9+,grey,21,69.95,25294,Mrs,1978-09-09,North Rhine-Westphalia,2015-09-07,0
2443,2016-06-25,2016-06-27,765,6,pink,21,39.9,25294,Mrs,1978-09-09,North Rhine-Westphalia,2015-09-07,1
2444,2016-06-25,2016-06-27,121,42,black,43,99.9,31339,Mr,,Bavaria,2016-06-26,1
2445,2016-06-25,2016-06-27,187,m,pink,14,49.9,31340,Mrs,1968-07-30,Bavaria,2016-06-26,1
2446,2016-06-25,2016-06-27,187,m,grey,14,29.9,31340,Mrs,1968-07-30,Bavaria,2016-06-26,0
2447,2016-06-25,,187,m,white,14,49.9,31340,Mrs,1968-07-30,Bavaria,2016-06-26,0
2448,2016-06-25,2016-06-26,413,s,white,14,59.9,31342,Mrs,1958-11-13,Mecklenburg-Western Pomerania,2016-06-26,1
2449,2016-06-25,2016-06-26,413,m,white,14,59.9,31342,Mrs,1958-11-13,Mecklenburg-Western Pomerania,2016-06-26,1
2450,2016-06-25,,183,m,white,5,79.9,31342,Mrs,1958-11-13,Mecklenburg-Western Pomerania,2016-06-26,0
2451,2016-06-25,2016-06-26,258,xxl,red,3,24.9,16508,Mrs,1979-08-12,North Rhine-Westphalia,2016-05-05,1
2452,2016-06-25,2016-06-26,258,xxl,blue,3,24.9,16508,Mrs,1979-08-12,North Rhine-Westphalia,2016-05-05,1
2453,2016-06-25,2016-06-26,519,41,red,38,69.9,16828,Mrs,1980-07-17,Saxony,2015-03-03,1
2454,2016-06-25,2016-06-26,463,48,blue,25,39.9,16828,Mrs,1980-07-17,Saxony,2015-03-03,0
2455,2016-06-25,2016-06-26,213,xl,ash,3,39.9,16828,Mrs,1980-07-17,Saxony,2015-03-03,0
2456,2016-06-25,2016-06-26,255,xxl,red,37,19.9,16828,Mrs,1980-07-17,Saxony,2015-03-03,0
2457,2016-06-25,2016-06-26,118,xxl,berry,6,49.9,16828,Mrs,1980-07-17,Saxony,2015-03-03,1
2458,2016-06-25,2016-06-26,138,xxl,curry,46,19.9,16828,Mrs,1980-07-17,Saxony,2015-03-03,1
2459,2016-06-25,2016-06-26,425,xl,grey,46,24.9,16828,Mrs,1980-07-17,Saxony,2015-03-03,0
2460,2016-06-25,2016-06-26,157,unsized,purple,32,0.0,16828,Mrs,1980-07-17,Saxony,2015-03-03,0
2461,2016-06-25,2016-06-28,425,xl,blue,46,24.9,16828,Mrs,1980-07-17,Saxony,2015-03-03,1
2462,2016-06-25,2016-07-18,155,xl,berry,5,49.9,16828,Mrs,1980-07-17,Saxony,2015-03-03,0
2463,2016-06-25,2016-06-27,100,37,brown,43,69.9,31343,Mrs,1959-12-20,North Rhine-Westphalia,2016-06-26,1
2464,2016-06-25,2016-06-27,218,l,turquoise,42,69.9,31343,Mrs,1959-12-20,North Rhine-Westphalia,2016-06-26,0
2465,2016-06-25,2016-06-27,170,39,black,54,119.9,31344,Mrs,1977-02-18,North Rhine-Westphalia,2016-06-26,1
2466,2016-06-25,2016-06-27,120,m,red,48,69.95,31345,Mrs,1971-07-01,Berlin,2016-06-26,0
2473,2016-06-25,2016-06-26,101,43,anthracite,17,89.9,27463,Mrs,1968-11-13,Bavaria,2016-06-09,0
2474,2016-06-25,2016-06-26,774,42,red,70,129.9,27463,Mrs,1968-11-13,Bavaria,2016-06-09,1
2475,2016-06-25,2016-06-26,9,8,blue,4,79.95,27463,Mrs,1968-11-13,Bavaria,2016-06-09,1
2476,2016-06-25,2016-06-26,9,7+,grey,4,79.95,27463,Mrs,1968-11-13,Bavaria,2016-06-09,1
2477,2016-06-25,,593,39,blue,70,119.9,26762,Mrs,1969-03-17,North Rhine-Westphalia,2015-02-17,0
2478,2016-06-25,,593,38+,blue,70,119.9,26762,Mrs,1969-03-17,North Rhine-Westphalia,2015-02-17,0
2479,2016-06-25,2016-06-26,2,l,black,2,19.9,28915,Mrs,1950-01-18,Lower Saxony,2015-02-17,0
2480,2016-06-25,2016-06-26,57,l,red,3,24.9,28915,Mrs,1950-01-18,Lower Saxony,2015-02-17,0
2481,2016-06-25,2016-06-26,57,l,mocca,3,34.9,28915,Mrs,1950-01-18,Lower Saxony,2015-02-17,0
2482,2016-06-25,,219,38,purple,38,69.9,31348,Mrs,1978-06-11,Baden-Wuerttemberg,2016-06-26,0
2483,2016-06-25,2016-06-26,173,xl,brown,20,19.9,27212,Mrs,1953-12-08,Rhineland-Palatinate,2016-06-08,1
2484,2016-06-25,2016-06-26,100,41,blue,43,69.9,31349,Mrs,1968-10-31,North Rhine-Westphalia,2015-04-02,1
2485,2016-06-25,2016-06-26,100,41,brown,43,69.9,31349,Mrs,1968-10-31,North Rhine-Westphalia,2015-04-02,1
2486,2016-06-25,2016-06-26,22,s,green,14,24.9,31350,Mrs,,Bavaria,2015-02-17,0
2487,2016-06-25,2016-06-26,22,s,pink,14,29.9,31350,Mrs,,Bavaria,2015-02-17,1
2488,2016-06-25,2016-06-26,22,s,blue,14,39.9,31350,Mrs,,Bavaria,2015-02-17,1
2489,2016-06-25,2016-06-26,69,s,blue,5,54.9,31350,Mrs,,Bavaria,2015-02-17,1
2490,2016-06-25,2016-06-26,69,s,hibiscus,5,34.9,31350,Mrs,,Bavaria,2015-02-17,1
2491,2016-06-25,2016-06-26,69,s,berry,5,54.9,31350,Mrs,,Bavaria,2015-02-17,1
2492,2016-06-25,2016-06-26,403,38,pink,14,39.9,31350,Mrs,,Bavaria,2015-02-17,1
2493,2016-06-25,2016-06-26,403,40,azure,14,39.9,31350,Mrs,,Bavaria,2015-02-17,1
2494,2016-06-25,2016-06-26,187,s,green,14,39.9,31350,Mrs,,Bavaria,2015-02-17,1
2495,2016-06-25,2016-06-26,283,37,ecru,1,59.9,1971,Mrs,1966-09-19,Bavaria,2015-02-17,1
2496,2016-06-25,2016-06-26,1227,35,grey,51,39.9,17830,Mrs,1971-01-06,North Rhine-Westphalia,2015-02-17,0
2501,2016-06-25,2016-06-27,32,l,white,3,24.9,31351,Mrs,1966-03-26,North Rhine-Westphalia,2016-06-26,0
2502,2016-06-25,,8,42,stained,8,12.9,31351,Mrs,1966-03-26,North Rhine-Westphalia,2016-06-26,0
2503,2016-06-25,2016-06-26,187,l,green,14,59.9,31352,Mrs,1963-10-21,Baden-Wuerttemberg,2015-02-17,0
2504,2016-06-25,2016-06-26,6,21,black,6,79.9,31352,Mrs,1963-10-21,Baden-Wuerttemberg,2015-02-17,0
2505,2016-06-25,2016-06-26,396,9,brown,21,79.95,31353,Mrs,1962-11-10,Mecklenburg-Western Pomerania,2016-06-26,1
2506,2016-06-25,2016-06-26,396,10,brown,21,79.95,31353,Mrs,1962-11-10,Mecklenburg-Western Pomerania,2016-06-26,0
2507,2016-06-25,2016-06-26,962,42,brown,13,69.9,31353,Mrs,1962-11-10,Mecklenburg-Western Pomerania,2016-06-26,0
2508,2016-06-25,2016-06-26,814,43,brown,13,59.9,31353,Mrs,1962-11-10,Mecklenburg-Western Pomerania,2016-06-26,0
2509,2016-06-25,2016-06-26,375,44,navy,13,69.9,31353,Mrs,1962-11-10,Mecklenburg-Western Pomerania,2016-06-26,0
2510,2016-06-25,2016-06-26,16,43,black,12,99.9,31353,Mrs,1962-11-10,Mecklenburg-Western Pomerania,2016-06-26,0
2511,2016-06-25,2016-06-26,39,41,brown,26,119.9,31353,Mrs,1962-11-10,Mecklenburg-Western Pomerania,2016-06-26,1
2512,2016-06-25,2016-06-26,212,xxl,petrol,5,39.9,31353,Mrs,1962-11-10,Mecklenburg-Western Pomerania,2016-06-26,1
2513,2016-06-25,2016-06-26,245,41,grey,1,79.9,26162,Mrs,1970-02-04,Lower Saxony,2016-06-04,0
2533,2016-06-25,2016-06-27,22,l,orange,14,24.9,31361,Mr,1961-12-17,Berlin,2016-06-26,0
2534,2016-06-25,2016-06-27,22,m,green,14,24.9,31361,Mr,1961-12-17,Berlin,2016-06-26,0
2535,2016-06-25,2016-06-27,972,42,red,90,84.9,31361,Mr,1961-12-17,Berlin,2016-06-26,1
2536,2016-06-25,2016-06-27,546,l,berry,3,59.9,31361,Mr,1961-12-17,Berlin,2016-06-26,1
2537,2016-06-25,2016-06-27,57,l,brown,3,19.9,31361,Mr,1961-12-17,Berlin,2016-06-26,1
2538,2016-06-25,2016-06-27,57,l,green,3,34.9,31361,Mr,1961-12-17,Berlin,2016-06-26,1
2539,2016-06-25,2016-06-27,625,l,red,36,119.9,31361,Mr,1961-12-17,Berlin,2016-06-26,1
2540,2016-06-25,2016-06-27,194,l,orange,5,69.9,31361,Mr,1961-12-17,Berlin,2016-06-26,1
2541,2016-06-25,2016-06-27,194,l,azure,5,69.9,31361,Mr,1961-12-17,Berlin,2016-06-26,1
2542,2016-06-25,2016-06-27,103,41,orange,17,79.9,31361,Mr,1961-12-17,Berlin,2016-06-26,1
2543,2016-06-25,2016-06-27,103,41,blue,17,79.9,31361,Mr,1961-12-17,Berlin,2016-06-26,0
2544,2016-06-25,2016-06-27,488,41,blue,47,119.9,31361,Mr,1961-12-17,Berlin,2016-06-26,0
2545,2016-06-25,2016-08-03,608,39,silver,15,25.45,31362,Mrs,,Hamburg,2016-02-15,0
2553,2016-06-25,2016-06-26,222,l,purple,3,24.9,31366,Mrs,1950-02-05,Lower Saxony,2015-02-17,0
2554,2016-06-25,2016-06-26,881,41,beige,38,12.9,31366,Mrs,1950-02-05,Lower Saxony,2015-02-17,0
2555,2016-06-25,2016-06-26,61,l,black,28,79.9,1603,Mrs,1973-08-23,Bremen,2015-03-03,0
2556,2016-06-25,2016-06-26,242,l,black,20,59.9,13757,Mrs,1965-12-26,Schleswig-Holstein,2016-04-27,1
2557,2016-06-25,2016-06-26,242,m,black,20,59.9,13757,Mrs,1965-12-26,Schleswig-Holstein,2016-04-27,1
2558,2016-06-25,2016-06-26,273,m,white,20,119.9,13757,Mrs,1965-12-26,Schleswig-Holstein,2016-04-27,1
2559,2016-06-25,2016-06-26,200,5,grey,12,69.9,1426,Mrs,1967-11-14,Bavaria,2015-10-31,0
2560,2016-06-25,2016-06-26,146,s,green,3,24.9,31368,Mrs,1959-11-12,Bavaria,2015-02-17,0
2561,2016-06-25,2016-06-26,434,s,green,28,99.9,31368,Mrs,1959-11-12,Bavaria,2015-02-17,1
2562,2016-06-25,2016-06-26,234,xxl,petrol,36,59.9,31369,Mrs,1967-10-12,Bavaria,2015-02-17,0
2563,2016-06-25,2016-06-26,68,xxl,white,3,19.9,31369,Mrs,1967-10-12,Bavaria,2015-02-17,0
2564,2016-06-25,2016-06-26,514,42,grey,9,69.9,18417,Mrs,1968-11-01,North Rhine-Westphalia,2015-02-17,1
2565,2016-06-25,2016-06-26,22,xl,white,14,39.9,18417,Mrs,1968-11-01,North Rhine-Westphalia,2015-02-17,1
2566,2016-06-25,2016-06-26,115,42,blue,25,69.9,18417,Mrs,1968-11-01,North Rhine-Westphalia,2015-02-17,1
2567,2016-06-25,,22,xl,black,14,39.9,18417,Mrs,1968-11-01,North Rhine-Westphalia,2015-02-17,0
2568,2016-06-25,2016-06-26,612,xl,turquoise,20,49.9,31373,Company,1959-07-01,Lower Saxony,2016-02-16,1
2569,2016-06-25,2016-06-26,5,s,white,5,69.9,8743,Mrs,1900-11-21,Berlin,2015-08-01,1
2570,2016-06-25,2016-06-26,413,l,azure,14,59.9,10523,Mrs,1966-03-27,Berlin,2015-02-17,1
2571,2016-06-25,2016-06-26,354,43,brown,1,159.9,10523,Mrs,1966-03-27,Berlin,2015-02-17,0
2572,2016-06-25,2016-06-26,210,m,black,2,39.9,31374,Mrs,1977-11-14,Thuringia,2016-06-26,0
2573,2016-06-25,2016-06-26,156,19,grey,34,29.9,31374,Mrs,1977-11-14,Thuringia,2016-06-26,1
2574,2016-06-25,2016-06-26,187,l,white,14,49.9,31374,Mrs,1977-11-14,Thuringia,2016-06-26,1
2575,2016-06-25,2016-06-26,62,unsized,ash,5,14.9,31374,Mrs,1977-11-14,Thuringia,2016-06-26,1
2576,2016-06-25,2016-06-26,100,38,brown,43,69.9,31374,Mrs,1977-11-14,Thuringia,2016-06-26,1
2577,2016-06-25,,187,l,red,14,49.9,31374,Mrs,1977-11-14,Thuringia,2016-06-26,0
2578,2016-06-25,2016-06-26,107,42,orange,12,89.9,20467,Mrs,1949-08-23,North Rhine-Westphalia,2015-02-17,0
2579,2016-06-25,2016-06-26,248,40,black,8,49.9,1319,Mrs,1966-07-02,North Rhine-Westphalia,2015-02-17,0
2580,2016-06-25,2016-06-26,557,40,black,1,129.9,31376,Mrs,1968-04-06,Lower Saxony,2015-04-17,0
2581,2016-06-25,2016-06-26,182,40,black,17,109.9,31376,Mrs,1968-04-06,Lower Saxony,2015-04-17,1
2582,2016-06-25,2016-06-26,557,40,grey,1,129.9,31376,Mrs,1968-04-06,Lower Saxony,2015-04-17,0
2583,2016-06-25,2016-06-26,341,42,denim,25,49.9,31376,Mrs,1968-04-06,Lower Saxony,2015-04-17,1
2584,2016-06-25,2016-06-26,341,42,denim,25,49.9,31376,Mrs,1968-04-06,Lower Saxony,2015-04-17,1
2585,2016-06-25,2016-06-28,557,40,blue,1,129.9,31376,Mrs,1968-04-06,Lower Saxony,2015-04-17,0
2586,2016-06-25,2016-06-26,354,37,brown,1,159.9,31377,Mrs,1968-01-18,Rhineland-Palatinate,2015-02-17,1
2587,2016-06-25,2016-06-26,924,37,brown,1,119.9,31377,Mrs,1968-01-18,Rhineland-Palatinate,2015-02-17,1
2588,2016-06-25,2016-06-26,894,37,grey,1,89.9,31377,Mrs,1968-01-18,Rhineland-Palatinate,2015-02-17,1
2589,2016-06-25,2016-06-26,102,37,ocher,44,60.0,31377,Mrs,1968-01-18,Rhineland-Palatinate,2015-02-17,1
2590,2016-06-25,2016-06-26,507,37,brown,53,49.9,31377,Mrs,1968-01-18,Rhineland-Palatinate,2015-02-17,1
2591,2016-06-25,2016-06-27,218,s,turquoise,42,69.9,20260,Mrs,1968-08-02,North Rhine-Westphalia,2015-02-17,1
2592,2016-06-25,2016-06-27,218,m,turquoise,42,69.9,20260,Mrs,1968-08-02,North Rhine-Westphalia,2015-02-17,0
2593,2016-06-25,2016-06-27,269,s,brown,42,59.9,20260,Mrs,1968-08-02,North Rhine-Westphalia,2015-02-17,0
2594,2016-06-25,2016-06-27,269,m,brown,42,59.9,20260,Mrs,1968-08-02,North Rhine-Westphalia,2015-02-17,1
2595,2016-06-25,2016-06-27,59,unsized,ash,32,19.9,20260,Mrs,1968-08-02,North Rhine-Westphalia,2015-02-17,0
2596,2016-06-25,2016-06-27,507,38,blue,53,49.9,20260,Mrs,1968-08-02,North Rhine-Westphalia,2015-02-17,1
2597,2016-06-25,2016-06-27,158,38,blue,54,59.9,20260,Mrs,1968-08-02,North Rhine-Westphalia,2015-02-17,0
2598,2016-06-25,,68,s,purple,3,19.9,20260,Mrs,1968-08-02,North Rhine-Westphalia,2015-02-17,0
2599,2016-06-25,,68,m,purple,3,19.9,20260,Mrs,1968-08-02,North Rhine-Westphalia,2015-02-17,0
2600,2016-06-25,2016-06-27,212,l,petrol,5,39.9,31378,Mrs,1959-11-07,Schleswig-Holstein,2016-06-26,1
2601,2016-06-25,2016-06-27,212,l,dark denim,5,69.9,31378,Mrs,1959-11-07,Schleswig-Holstein,2016-06-26,1
2602,2016-06-25,2016-06-27,212,xl,black,5,69.9,31378,Mrs,1959-11-07,Schleswig-Holstein,2016-06-26,1
2603,2016-06-25,2016-06-27,270,l,red,49,49.9,31378,Mrs,1959-11-07,Schleswig-Holstein,2016-06-26,1
2604,2016-06-25,2016-06-27,270,l,grey,49,79.9,31378,Mrs,1959-11-07,Schleswig-Holstein,2016-06-26,1
2605,2016-06-25,2016-06-27,77,37,grey,1,129.9,31378,Mrs,1959-11-07,Schleswig-Holstein,2016-06-26,1
2606,2016-06-25,2016-06-27,623,l,petrol,5,79.9,31378,Mrs,1959-11-07,Schleswig-Holstein,2016-06-26,1
2607,2016-06-25,2016-06-27,623,m,grey,5,49.9,31378,Mrs,1959-11-07,Schleswig-Holstein,2016-06-26,1
2608,2016-06-25,2016-06-26,472,l,ocher,14,39.9,3397,Mrs,1957-03-26,Lower Saxony,2015-02-17,0
2609,2016-06-25,2016-06-26,86,xl,brown,5,49.9,3397,Mrs,1957-03-26,Lower Saxony,2015-02-17,1
2610,2016-06-25,2016-06-26,897,xl,white,33,9.9,3397,Mrs,1957-03-26,Lower Saxony,2015-02-17,0
2611,2016-06-25,2016-06-26,246,39,black,40,79.9,3397,Mrs,1957-03-26,Lower Saxony,2015-02-17,1
2612,2016-06-25,2016-06-26,246,39,grey,40,79.9,3397,Mrs,1957-03-26,Lower Saxony,2015-02-17,1
2613,2016-06-25,2016-07-30,660,20,nature,39,39.95,31379,Mrs,1967-11-24,Berlin,2016-06-26,1
2614,2016-06-25,,1116,41,blue,104,39.9,31380,Mrs,1969-10-29,North Rhine-Westphalia,2016-06-26,0
2615,2016-06-25,2016-06-27,322,6+,black,4,49.95,31381,Mrs,1969-01-20,Baden-Wuerttemberg,2016-06-26,1
2616,2016-06-25,2016-06-27,606,40,green,1,49.9,31381,Mrs,1969-01-20,Baden-Wuerttemberg,2016-06-26,1
2617,2016-06-25,2016-06-27,393,40,black,1,69.9,31381,Mrs,1969-01-20,Baden-Wuerttemberg,2016-06-26,1
2618,2016-06-25,2016-06-26,238,xl,white,20,59.9,6726,Mrs,1965-06-12,Bavaria,2015-02-17,1
2619,2016-06-25,2016-06-26,242,l,black,20,59.9,6726,Mrs,1965-06-12,Bavaria,2015-02-17,0
2620,2016-06-25,2016-06-26,1025,38,black,96,99.9,31383,Mrs,1962-12-08,Berlin,2016-06-26,1
2621,2016-06-25,2016-06-27,204,xxl,black,5,59.9,31384,Mrs,1970-10-22,Berlin,2016-06-26,0
2622,2016-06-25,2016-06-27,204,xxl,white,5,59.9,31384,Mrs,1970-10-22,Berlin,2016-06-26,0
2623,2016-06-25,2016-06-27,214,xxl,grey,49,89.9,31384,Mrs,1970-10-22,Berlin,2016-06-26,0
2624,2016-06-25,2016-06-27,182,43,black,17,109.9,31384,Mrs,1970-10-22,Berlin,2016-06-26,1
2625,2016-06-25,2016-06-27,346,xxl,white,5,69.9,31384,Mrs,1970-10-22,Berlin,2016-06-26,1
2626,2016-06-25,2016-06-27,32,xxl,white,3,24.9,31384,Mrs,1970-10-22,Berlin,2016-06-26,0
2627,2016-06-25,2016-06-26,222,l,denim,3,19.9,16376,Mrs,1964-03-20,Bavaria,2015-02-17,0
2628,2016-06-25,2016-06-26,1216,44,beige,11,54.9,16376,Mrs,1964-03-20,Bavaria,2015-02-17,1
2629,2016-06-25,2016-06-26,549,41,red,1,109.9,16376,Mrs,1964-03-20,Bavaria,2015-02-17,1
2630,2016-06-25,2016-06-26,714,l,petrol,41,69.9,16376,Mrs,1964-03-20,Bavaria,2015-02-17,1
2631,2016-06-25,2016-06-26,714,l,black,41,69.9,16376,Mrs,1964-03-20,Bavaria,2015-02-17,1
2632,2016-06-25,2016-06-26,540,41,purple,70,109.9,31385,Mrs,1955-05-11,Baden-Wuerttemberg,2015-11-05,0
2633,2016-06-25,2016-06-26,34,41,red,23,89.9,31385,Mrs,1955-05-11,Baden-Wuerttemberg,2015-11-05,1
2634,2016-06-25,2016-06-26,378,s,blue,5,59.9,20575,Mrs,1959-01-28,Schleswig-Holstein,2016-05-18,0
2635,2016-06-25,2016-06-26,61,l,denim,28,59.9,11590,Mrs,1969-09-15,Baden-Wuerttemberg,2015-02-25,1
2636,2016-06-25,2016-06-26,61,xl,denim,28,59.9,11590,Mrs,1969-09-15,Baden-Wuerttemberg,2015-02-25,0
2637,2016-06-25,2016-06-26,61,l,black,28,59.9,11590,Mrs,1969-09-15,Baden-Wuerttemberg,2015-02-25,0
2638,2016-06-25,2016-06-26,328,xl,black,37,29.9,11590,Mrs,1969-09-15,Baden-Wuerttemberg,2015-02-25,1
2639,2016-06-25,2016-06-26,328,xl,red,37,29.9,11590,Mrs,1969-09-15,Baden-Wuerttemberg,2015-02-25,1
2640,2016-06-25,2016-06-26,245,39,grey,1,79.9,11590,Mrs,1969-09-15,Baden-Wuerttemberg,2015-02-25,1
2641,2016-06-25,,85,41,stained,40,79.9,31385,Mrs,1955-05-11,Baden-Wuerttemberg,2015-11-05,0
2642,2016-06-25,2016-06-27,262,40,mocca,12,69.9,31386,Mrs,,Lower Saxony,2016-06-26,0
2643,2016-06-25,,1116,39,black,104,54.95,29886,Mrs,,Schleswig-Holstein,2016-06-20,0
2644,2016-06-25,2016-06-26,61,xl,orange,28,79.9,31388,Mrs,1973-08-23,Bavaria,2015-05-28,1
2645,2016-06-25,2016-06-26,98,xl,ocher,28,49.9,31388,Mrs,1973-08-23,Bavaria,2015-05-28,1
2646,2016-06-25,2016-06-28,25,xl,ocher,5,79.9,31388,Mrs,1973-08-23,Bavaria,2015-05-28,1
2647,2016-06-25,2016-06-26,571,m,brown,14,49.9,31389,Mrs,1971-09-01,Baden-Wuerttemberg,2015-02-17,0
2648,2016-06-25,2016-06-26,571,l,grey,14,49.9,31389,Mrs,1971-09-01,Baden-Wuerttemberg,2015-02-17,1
2649,2016-06-25,2016-06-26,128,s,ash,49,49.9,31389,Mrs,1971-09-01,Baden-Wuerttemberg,2015-02-17,1
2650,2016-06-25,2016-06-26,128,m,grey,49,49.9,31389,Mrs,1971-09-01,Baden-Wuerttemberg,2015-02-17,1
2651,2016-06-25,2016-06-26,263,s,petrol,5,49.9,31389,Mrs,1971-09-01,Baden-Wuerttemberg,2015-02-17,1
2652,2016-06-25,2016-06-26,25,s,petrol,5,49.9,31389,Mrs,1971-09-01,Baden-Wuerttemberg,2015-02-17,0
2653,2016-06-25,2016-06-27,896,xxl,grey,33,9.9,31391,Mrs,1969-05-12,North Rhine-Westphalia,2016-06-26,1
2654,2016-06-25,2016-06-26,26,40,petrol,18,89.9,12464,Mrs,1962-06-29,North Rhine-Westphalia,2016-06-26,0
2655,2016-06-25,2016-06-26,185,46,brown,11,89.9,31392,Mrs,1975-08-06,North Rhine-Westphalia,2016-06-26,1
2656,2016-06-25,2016-06-26,82,xxl,mocca,5,69.9,31392,Mrs,1975-08-06,North Rhine-Westphalia,2016-06-26,1
2657,2016-06-25,2016-07-20,1382,37,beige,15,49.95,31393,Mrs,1960-11-23,Lower Saxony,2016-06-26,0
2658,2016-06-25,2016-07-20,1334,37,grey,15,49.95,31393,Mrs,1960-11-23,Lower Saxony,2016-06-26,0
2659,2016-06-25,2016-06-26,8,38,stained,8,12.9,31394,Mrs,1954-07-26,Rhineland-Palatinate,2016-06-26,0
2660,2016-06-25,,27,5,black,19,39.9,31394,Mrs,1954-07-26,Rhineland-Palatinate,2016-06-26,0
2661,2016-06-25,2016-06-26,24,39,black,17,119.9,31395,Mrs,1964-10-16,Saxony,2016-06-26,0
2662,2016-06-25,2016-06-27,182,41,black,17,109.9,31396,Mrs,1980-02-16,Bavaria,2016-06-26,1
2663,2016-06-25,2016-06-27,26,41,petrol,18,89.9,31396,Mrs,1980-02-16,Bavaria,2016-06-26,0
2664,2016-06-25,2016-06-27,387,44,ocher,6,59.9,31396,Mrs,1980-02-16,Bavaria,2016-06-26,1
2665,2016-06-25,2016-06-27,387,46,ocher,6,59.9,31396,Mrs,1980-02-16,Bavaria,2016-06-26,1
2666,2016-06-25,2016-06-27,688,xl,black,5,49.9,31396,Mrs,1980-02-16,Bavaria,2016-06-26,1
2667,2016-06-25,2016-06-27,895,46,blue,39,39.95,31396,Mrs,1980-02-16,Bavaria,2016-06-26,1
2668,2016-06-25,,895,46,black,39,39.95,31396,Mrs,1980-02-16,Bavaria,2016-06-26,0
2669,2016-06-25,2016-06-27,39,40,blue,26,79.9,31397,Mrs,1968-12-02,North Rhine-Westphalia,2016-06-26,0
2670,2016-06-25,2016-06-27,394,40,black,44,90.0,31397,Mrs,1968-12-02,North Rhine-Westphalia,2016-06-26,0
2671,2016-06-25,2016-06-27,105,40,brown,45,69.9,31397,Mrs,1968-12-02,North Rhine-Westphalia,2016-06-26,0
2672,2016-06-25,,110,40,grey,1,89.9,31397,Mrs,1968-12-02,North Rhine-Westphalia,2016-06-26,0
2673,2016-06-25,2016-06-26,100,38,black,43,59.9,14774,Mrs,1961-02-17,North Rhine-Westphalia,2015-10-14,0
2674,2016-06-25,2016-06-26,214,xxl,denim,49,59.9,6960,Mrs,1968-03-05,Schleswig-Holstein,2015-02-17,0
2675,2016-06-25,2016-06-26,155,xxl,denim,5,49.9,6960,Mrs,1968-03-05,Schleswig-Holstein,2015-02-17,0
2676,2016-06-25,2016-06-26,157,unsized,purple,32,0.0,6960,Mrs,1968-03-05,Schleswig-Holstein,2015-02-17,0
2677,2016-06-25,2016-06-26,157,unsized,purple,32,0.0,6960,Mrs,1968-03-05,Schleswig-Holstein,2015-02-17,0
2678,2016-06-25,2016-07-18,155,xxl,grey,5,49.9,6960,Mrs,1968-03-05,Schleswig-Holstein,2015-02-17,0
2679,2016-06-25,2016-06-26,58,xxl,anthracite,31,89.9,31398,Mrs,1957-01-01,Lower Saxony,2016-06-26,1
2680,2016-06-25,2016-06-26,146,l,red,3,21.9,31399,Mrs,1950-01-28,Bavaria,2015-10-07,1
2681,2016-06-25,2016-06-26,328,l,blue,37,29.9,31399,Mrs,1950-01-28,Bavaria,2015-10-07,0
2682,2016-06-25,2016-06-26,158,39,nature,54,59.9,31399,Mrs,1950-01-28,Bavaria,2015-10-07,0
2683,2016-06-25,2016-07-02,86,l,azure,5,79.9,31399,Mrs,1950-01-28,Bavaria,2015-10-07,1
2684,2016-06-25,,32,xl,blue,3,21.9,31399,Mrs,1950-01-28,Bavaria,2015-10-07,0
2685,2016-06-25,2016-06-26,407,l,olive,74,34.9,25428,Mrs,1950-07-07,Hesse,2015-04-05,1
2686,2016-06-25,2016-07-02,295,l,blue,36,59.9,25428,Mrs,1950-07-07,Hesse,2015-04-05,1
2687,2016-06-25,2016-07-05,295,m,blue,36,59.9,25428,Mrs,1950-07-07,Hesse,2015-04-05,1
2688,2016-06-25,,465,xxl,ash,49,59.9,18784,Mrs,1970-11-16,Baden-Wuerttemberg,2016-06-26,0
2689,2016-06-25,,271,xxl,blue,5,39.9,18784,Mrs,1970-11-16,Baden-Wuerttemberg,2016-06-26,0
2690,2016-06-25,,271,xxl,grey,5,39.9,18784,Mrs,1970-11-16,Baden-Wuerttemberg,2016-06-26,0
2691,2016-06-25,,661,xxl,orange,5,29.9,18784,Mrs,1970-11-16,Baden-Wuerttemberg,2016-06-26,0
2692,2016-06-25,,116,xxl,denim,5,59.9,18784,Mrs,1970-11-16,Baden-Wuerttemberg,2016-06-26,0
2693,2016-06-25,,183,l,denim,5,79.9,18784,Mrs,1970-11-16,Baden-Wuerttemberg,2016-06-26,0
2694,2016-06-25,,516,xxl,denim,25,59.9,18784,Mrs,1970-11-16,Baden-Wuerttemberg,2016-06-26,0
2695,2016-06-25,,361,48,bordeaux,6,49.9,18784,Mrs,1970-11-16,Baden-Wuerttemberg,2016-06-26,0
2696,2016-06-25,2016-06-27,114,39,brown,43,79.9,31400,Mrs,1979-09-19,North Rhine-Westphalia,2016-06-26,1
2697,2016-06-25,2016-07-02,413,xl,azure,14,59.9,31402,Mrs,1955-11-17,Bavaria,2016-06-26,1
2698,2016-06-25,1994-12-31,219,39,purple,38,69.9,31403,Mr,1973-01-12,North Rhine-Westphalia,2016-06-26,1
2699,2016-06-25,2016-06-27,1,36+,ocher,1,119.9,31404,Mrs,1962-03-04,Schleswig-Holstein,2016-06-26,1
2700,2016-06-25,2016-06-27,79,37,olive,1,139.9,31404,Mrs,1962-03-04,Schleswig-Holstein,2016-06-26,1
2701,2016-06-25,2016-06-27,79,37,black,1,139.9,31404,Mrs,1962-03-04,Schleswig-Holstein,2016-06-26,1
2702,2016-06-25,2016-06-27,211,37,ocher,1,89.9,31404,Mrs,1962-03-04,Schleswig-Holstein,2016-06-26,1
2703,2016-06-25,2016-06-27,462,41,ocher,1,59.9,15644,Mrs,1972-10-28,Lower Saxony,2016-05-03,0
2704,2016-06-25,2016-06-27,157,unsized,purple,32,9.9,15644,Mrs,1972-10-28,Lower Saxony,2016-05-03,0
2705,2016-06-25,2016-06-26,228,6,white,57,99.9,31405,Mrs,1948-09-30,Bavaria,2016-06-26,0
2706,2016-06-25,,11,unsized,red,10,34.9,31405,Mrs,1948-09-30,Bavaria,2016-06-26,0
2707,2016-06-25,2016-06-26,95,21,white,25,59.9,19374,Mrs,1955-08-03,Lower Saxony,2015-08-19,0
2708,2016-06-25,2016-06-26,6,21,black,6,79.9,19374,Mrs,1955-08-03,Lower Saxony,2015-08-19,1
2709,2016-06-25,2016-06-27,105,40,red,45,69.9,31406,Mrs,,Bavaria,2016-06-26,0
2710,2016-06-25,2016-06-26,133,42,grey,38,89.9,22208,Mrs,1977-02-24,Rhineland-Palatinate,2015-02-17,0
2711,2016-06-25,2016-06-26,640,unsized,stained,68,19.9,31408,Mrs,1965-03-23,Hamburg,2015-02-17,0
2712,2016-06-25,2016-06-26,296,5,black,19,39.9,31408,Mrs,1965-03-23,Hamburg,2015-02-17,0
2713,2016-06-25,,298,xl,petrol,36,99.9,1396,Mrs,1973-05-09,North Rhine-Westphalia,2016-04-02,0
2714,2016-06-25,2016-06-26,216,l,black,29,39.9,26333,Mrs,1958-07-25,Hesse,2016-06-05,0
2715,2016-06-25,2016-06-26,297,41,mocca,12,49.9,26333,Mrs,1958-07-25,Hesse,2016-06-05,0
2716,2016-06-25,2016-06-26,71,10,ocher,21,69.95,26333,Mrs,1958-07-25,Hesse,2016-06-05,0
2717,2016-06-25,2016-06-26,138,xxl,grey,46,19.9,30497,Mrs,1963-04-30,Bavaria,2015-02-17,0
2718,2016-06-25,2016-06-26,425,xl,grey,46,24.9,30497,Mrs,1963-04-30,Bavaria,2015-02-17,0
2719,2016-06-25,2016-06-26,460,41,red,81,69.9,3677,Mrs,1982-12-12,Hamburg,2015-02-17,1
2720,2016-06-25,,27,7+,blue,19,39.9,3677,Mrs,1982-12-12,Hamburg,2015-02-17,0
2721,2016-06-25,2016-06-26,407,l,olive,74,39.9,31409,Mrs,1967-12-18,Schleswig-Holstein,2016-02-23,0
2722,2016-06-25,2016-06-26,434,l,black,28,59.9,31409,Mrs,1967-12-18,Schleswig-Holstein,2016-02-23,0
2723,2016-06-25,,370,l,black,31,49.9,31409,Mrs,1967-12-18,Schleswig-Holstein,2016-02-23,0
2724,2016-06-25,2016-06-26,927,40,grey,15,19.95,21947,Mrs,1959-12-08,Lower Saxony,2015-02-17,0
2725,2016-06-25,2016-06-27,893,unsized,nature,10,99.9,28867,Mrs,1975-03-13,North Rhine-Westphalia,2016-06-16,1
2726,2016-06-25,2016-06-27,1,38,grey,1,119.9,31411,Mrs,1955-05-08,Hamburg,2016-06-26,1
2727,2016-06-25,2016-06-27,279,xl,olive,3,14.9,31411,Mrs,1955-05-08,Hamburg,2016-06-26,1
2728,2016-06-25,2016-06-27,226,xl,ash,3,14.9,31411,Mrs,1955-05-08,Hamburg,2016-06-26,1
2729,2016-06-25,,110,38,ocher,1,89.9,31411,Mrs,1955-05-08,Hamburg,2016-06-26,0
2730,2016-06-25,2016-06-27,1,40,blue,1,119.9,31412,Mrs,,North Rhine-Westphalia,2016-06-26,1
2731,2016-06-25,2016-06-27,1,40,grey,1,119.9,31412,Mrs,,North Rhine-Westphalia,2016-06-26,1
2732,2016-06-25,2016-06-27,736,40,grey,1,149.9,31412,Mrs,,North Rhine-Westphalia,2016-06-26,1
2733,2016-06-25,2016-06-27,740,38,hibiscus,72,39.9,31412,Mrs,,North Rhine-Westphalia,2016-06-26,1
2734,2016-06-25,2016-07-06,214,m,grey,49,59.9,31412,Mrs,,North Rhine-Westphalia,2016-06-26,1
2735,2016-06-25,2016-06-27,114,39,grey,43,79.9,31414,Mrs,1973-06-04,North Rhine-Westphalia,2016-06-26,1
2736,2016-06-25,2016-06-27,114,39,black,43,79.9,31414,Mrs,1973-06-04,North Rhine-Westphalia,2016-06-26,1
2737,2016-06-25,2016-07-02,100,39,petrol,43,69.9,31414,Mrs,1973-06-04,North Rhine-Westphalia,2016-06-26,1
2738,2016-06-25,2016-06-27,176,41+,black,1,129.9,31415,Mrs,1981-05-05,Hesse,2016-03-18,1
2739,2016-06-25,2016-06-27,795,42,black,26,99.9,31415,Mrs,1981-05-05,Hesse,2016-03-18,1
2740,2016-06-25,2016-06-27,311,40,brown,38,99.9,31416,Mrs,1962-02-06,Rhineland-Palatinate,2016-06-26,1
2741,2016-06-25,2016-06-26,576,38,purple,78,129.9,31420,Mrs,1981-05-17,Bavaria,2015-02-17,1
2742,2016-06-25,,211,39,magenta,1,89.9,31420,Mrs,1981-05-17,Bavaria,2015-02-17,0
2743,2016-06-25,2016-06-26,46,xl,blue,29,69.9,27688,Mrs,1941-12-12,Brandenburg,2015-02-17,0
2744,2016-06-25,2016-06-26,173,xl,brown,20,19.9,23811,Mrs,1965-08-29,Berlin,2015-08-30,1
2745,2016-06-25,2016-06-26,5,xl,grey,5,39.9,23811,Mrs,1965-08-29,Berlin,2015-08-30,1
2746,2016-06-25,2016-06-26,93,xl,brown,20,49.9,23811,Mrs,1965-08-29,Berlin,2015-08-30,1
2747,2016-06-25,2016-07-02,32,xl,brown,3,12.9,23811,Mrs,1965-08-29,Berlin,2015-08-30,0
2748,2016-06-25,2016-07-02,255,xxl,red,37,19.9,23811,Mrs,1965-08-29,Berlin,2015-08-30,0
2749,2016-06-25,2016-06-26,100,41,petrol,43,69.9,31423,Mrs,1970-05-26,Brandenburg,2015-02-17,1
2750,2016-06-25,2016-06-26,100,40,red,43,69.9,31423,Mrs,1970-05-26,Brandenburg,2015-02-17,0
2751,2016-06-25,2016-06-26,218,s,turquoise,42,69.9,31423,Mrs,1970-05-26,Brandenburg,2015-02-17,1
2752,2016-06-25,2016-06-26,234,s,petrol,36,59.9,31423,Mrs,1970-05-26,Brandenburg,2015-02-17,1
2753,2016-06-25,2016-06-26,941,37,green,38,99.9,18556,Mrs,1971-02-20,Hesse,2015-02-17,0
2754,2016-06-25,2016-06-26,293,l,berry,5,49.9,18556,Mrs,1971-02-20,Hesse,2015-02-17,1
2755,2016-06-25,2016-06-26,434,l,magenta,28,59.9,18556,Mrs,1971-02-20,Hesse,2015-02-17,0
2756,2016-06-25,2016-06-26,58,xl,anthracite,31,89.9,18556,Mrs,1971-02-20,Hesse,2015-02-17,1
2757,2016-06-25,2016-06-26,69,l,mocca,5,39.9,5045,Mrs,1965-07-25,Bavaria,2016-04-24,0
2758,2016-06-25,2016-06-26,212,l,white,5,69.9,5045,Mrs,1965-07-25,Bavaria,2016-04-24,1
2759,2016-06-25,2016-06-26,212,l,magenta,5,69.9,5045,Mrs,1965-07-25,Bavaria,2016-04-24,1
2760,2016-06-25,2016-06-26,254,l,brown,5,49.9,5045,Mrs,1965-07-25,Bavaria,2016-04-24,0
2761,2016-06-25,2016-06-27,55,41,black,1,89.9,31425,Mrs,1982-04-14,Baden-Wuerttemberg,2016-06-26,0
2762,2016-06-25,2016-06-27,55,41,mocca,1,89.9,31425,Mrs,1982-04-14,Baden-Wuerttemberg,2016-06-26,1
2763,2016-06-25,2016-06-27,346,xl,mocca,5,69.9,31425,Mrs,1982-04-14,Baden-Wuerttemberg,2016-06-26,1
2764,2016-06-25,2016-06-27,165,41,black,47,89.9,31425,Mrs,1982-04-14,Baden-Wuerttemberg,2016-06-26,0
2765,2016-06-25,2016-06-27,165,41,purple,47,89.9,31425,Mrs,1982-04-14,Baden-Wuerttemberg,2016-06-26,1
2766,2016-06-25,2016-06-27,246,41,green,40,119.9,31425,Mrs,1982-04-14,Baden-Wuerttemberg,2016-06-26,1
2767,2016-06-25,2016-06-27,410,41,black,57,59.9,31425,Mrs,1982-04-14,Baden-Wuerttemberg,2016-06-26,1
2768,2016-06-25,2016-06-27,606,41,green,1,49.9,31425,Mrs,1982-04-14,Baden-Wuerttemberg,2016-06-26,1
2769,2016-06-25,,311,41,black,38,99.9,31425,Mrs,1982-04-14,Baden-Wuerttemberg,2016-06-26,0
2770,2016-06-25,2016-06-27,139,s,black,3,29.9,29334,Mrs,1979-03-13,Baden-Wuerttemberg,2016-06-17,0
2771,2016-06-25,2016-06-27,425,m,blue,46,24.9,29334,Mrs,1979-03-13,Baden-Wuerttemberg,2016-06-17,0
2772,2016-06-25,2016-06-27,138,m,blue,46,19.9,29334,Mrs,1979-03-13,Baden-Wuerttemberg,2016-06-17,0
2773,2016-06-25,2016-06-27,1116,41,brown,104,39.9,31427,Mrs,1964-09-21,Hesse,2016-06-26,1
2774,2016-06-25,,68,m,black,3,19.9,31427,Mrs,1964-09-21,Hesse,2016-06-26,0
2775,2016-06-25,2016-06-27,9,8,blue,4,79.95,31428,Mrs,1956-07-13,North Rhine-Westphalia,2016-06-26,1
2776,2016-06-25,2016-06-27,321,42,red,23,129.9,31428,Mrs,1956-07-13,North Rhine-Westphalia,2016-06-26,1
2777,2016-06-25,2016-06-28,116,m,denim,5,59.9,19343,Mrs,1962-02-14,Hamburg,2015-02-17,1
2778,2016-06-25,2016-07-02,116,m,grey,5,59.9,19343,Mrs,1962-02-14,Hamburg,2015-02-17,1
2779,2016-06-25,2016-06-27,55,41,green,1,89.9,31429,Mrs,,Rhineland-Palatinate,2016-06-26,0
2780,2016-06-25,2016-06-27,55,40,green,1,89.9,31429,Mrs,,Rhineland-Palatinate,2016-06-26,1
2781,2016-06-25,2016-06-26,108,xxl,grey,46,29.9,10563,Mrs,1966-01-20,Lower Saxony,2015-02-17,1
2782,2016-06-25,2016-06-26,108,xxl,blue,46,29.9,10563,Mrs,1966-01-20,Lower Saxony,2015-02-17,1
2783,2016-06-25,2016-06-26,258,xxl,white,3,29.9,10563,Mrs,1966-01-20,Lower Saxony,2015-02-17,1
2784,2016-06-25,2016-06-26,523,xxl,magenta,3,12.9,10563,Mrs,1966-01-20,Lower Saxony,2015-02-17,1
2785,2016-06-25,2016-06-26,158,42,purple,54,59.9,10563,Mrs,1966-01-20,Lower Saxony,2015-02-17,0
2786,2016-06-25,2016-06-26,71,11,grey,21,69.95,31430,Mrs,1962-03-21,North Rhine-Westphalia,2015-02-17,0
2787,2016-06-25,,65,43,blue,17,79.9,10422,Mrs,1965-07-14,Saxony,2015-06-06,0
2788,2016-06-25,2016-06-26,321,41,red,23,129.9,31431,Mrs,1963-08-01,Bavaria,2015-02-17,0
2789,2016-06-25,2016-06-26,100,37,brown,43,69.9,10560,Mrs,,Hamburg,2016-04-20,1
2790,2016-06-25,2016-06-26,100,37,blue,43,69.9,10560,Mrs,,Hamburg,2016-04-20,1
2791,2016-06-25,2016-06-26,1051,37,mocca,43,89.9,10560,Mrs,,Hamburg,2016-04-20,1
2792,2016-06-25,2016-06-26,183,l,denim,5,79.9,11270,Mrs,1900-11-21,North Rhine-Westphalia,2015-02-17,0
2793,2016-06-25,2016-06-26,70,44,red,34,29.9,6492,Mrs,1962-01-29,Saarland,2016-06-26,0
2794,2016-06-25,2016-06-26,70,46,red,34,29.9,6492,Mrs,1962-01-29,Saarland,2016-06-26,1
2795,2016-06-25,2016-06-26,70,44,white,34,24.9,6492,Mrs,1962-01-29,Saarland,2016-06-26,0
2796,2016-06-25,2016-06-26,523,xxl,magenta,3,7.9,6492,Mrs,1962-01-29,Saarland,2016-06-26,0
2797,2016-06-25,2016-06-26,279,xxl,magenta,3,14.9,6492,Mrs,1962-01-29,Saarland,2016-06-26,0
2798,2016-06-25,2016-06-26,531,42,blue,1,99.9,6492,Mrs,1962-01-29,Saarland,2016-06-26,1
2799,2016-06-25,2016-07-05,523,xl,grey,3,7.9,6492,Mrs,1962-01-29,Saarland,2016-06-26,1
2800,2016-06-25,2016-06-26,262,39,black,12,49.9,31435,Mrs,1955-02-03,North Rhine-Westphalia,2015-04-15,0
2801,2016-06-25,2016-06-26,320,46,denim,25,69.9,31435,Mrs,1955-02-03,North Rhine-Westphalia,2015-04-15,1
2802,2016-06-25,2016-06-26,320,44,denim,25,69.9,31435,Mrs,1955-02-03,North Rhine-Westphalia,2015-04-15,1
2803,2016-06-25,2016-06-26,219,41,black,38,49.9,9414,Mrs,1971-12-28,Lower Saxony,2015-02-17,0
2804,2016-06-25,,219,41,brown,38,49.9,9414,Mrs,1971-12-28,Lower Saxony,2015-02-17,0
2805,2016-06-25,2016-06-26,217,m,red,29,59.9,29258,Mrs,1980-09-06,North Rhine-Westphalia,2015-11-01,0
2806,2016-06-25,2016-06-26,155,l,denim,5,44.9,22100,Mrs,1968-09-20,Saxony-Anhalt,2015-08-18,1
2807,2016-06-25,2016-06-26,157,unsized,purple,32,0.0,22100,Mrs,1968-09-20,Saxony-Anhalt,2015-08-18,0
2808,2016-06-25,2016-06-26,8,39,stained,8,12.4,29674,Mrs,1962-06-16,Bavaria,2015-02-17,0
2809,2016-06-25,2016-06-26,926,41,brown,44,100.0,31442,Mrs,1964-09-26,Saxony,2015-02-17,1
2810,2016-06-25,2016-06-26,146,xxl,ash,3,24.9,31442,Mrs,1964-09-26,Saxony,2015-02-17,0
2811,2016-06-25,2016-06-26,82,xxl,brown,5,69.9,31442,Mrs,1964-09-26,Saxony,2015-02-17,0
2812,2016-06-25,2016-06-26,82,xxl,green,5,69.9,31442,Mrs,1964-09-26,Saxony,2015-02-17,1
2813,2016-06-25,2016-06-27,76,l,green,37,29.9,31443,Mrs,1967-06-26,North Rhine-Westphalia,2016-06-26,1
2814,2016-06-25,2016-06-27,210,l,black,2,39.9,31443,Mrs,1967-06-26,North Rhine-Westphalia,2016-06-26,0
2815,2016-06-25,2016-06-27,39,40,blue,26,79.9,31443,Mrs,1967-06-26,North Rhine-Westphalia,2016-06-26,1
2816,2016-06-25,1994-12-31,85,40,stained,40,79.9,31443,Mrs,1967-06-26,North Rhine-Westphalia,2016-06-26,1
2817,2016-06-25,,77,40,pink,1,89.9,31443,Mrs,1967-06-26,North Rhine-Westphalia,2016-06-26,0
2818,2016-06-25,2016-06-28,245,36,brown,1,79.9,31444,Mr,1964-04-06,Bavaria,2016-06-26,0
2819,2016-06-25,2016-06-27,52,40,white,18,79.9,31445,Mrs,1974-10-03,North Rhine-Westphalia,2016-06-26,1
2820,2016-06-25,2016-06-27,52,41,white,18,79.9,31445,Mrs,1974-10-03,North Rhine-Westphalia,2016-06-26,1
2821,2016-06-25,2016-06-26,22,m,orange,14,24.9,22127,Mrs,1964-11-24,Thuringia,2015-02-17,0
2822,2016-06-25,2016-06-26,415,38,green,1,89.9,10221,Mrs,1958-09-30,Saxony,2015-02-17,0
2823,2016-06-25,2016-07-05,415,38,black,1,89.9,10221,Mrs,1958-09-30,Saxony,2015-02-17,0
2824,2016-06-25,2016-06-26,391,6,grey,48,39.9,28601,Mrs,1960-12-30,Hesse,2015-02-17,1
2825,2016-06-25,,391,6,silver,48,39.9,28601,Mrs,1960-12-30,Hesse,2015-02-17,0
2826,2016-06-25,2016-06-26,49,44,stained,11,69.9,16314,Mrs,1972-06-28,Schleswig-Holstein,2016-01-12,0
2827,2016-06-25,2016-07-20,1153,28,amethyst,15,34.95,16314,Mrs,1972-06-28,Schleswig-Holstein,2016-01-12,0
2828,2016-06-25,2016-07-20,642,41,copper coin,15,44.95,16314,Mrs,1972-06-28,Schleswig-Holstein,2016-01-12,0
2829,2016-06-25,2016-06-27,1088,39,black,18,120.0,31446,Mrs,,North Rhine-Westphalia,2016-06-26,0
2830,2016-06-25,2016-06-26,242,xl,black,20,59.9,5060,Mrs,1965-03-30,Hesse,2016-04-09,0
2831,2016-06-25,2016-06-26,234,xxl,petrol,36,59.9,5060,Mrs,1965-03-30,Hesse,2016-04-09,0
2832,2016-06-25,,234,xl,petrol,36,59.9,5060,Mrs,1965-03-30,Hesse,2016-04-09,0
2833,2016-06-25,2016-06-26,313,xl,blue,11,59.9,3144,Mrs,1955-12-29,North Rhine-Westphalia,2015-02-17,1
2834,2016-06-25,2016-06-26,62,unsized,ash,5,14.9,3144,Mrs,1955-12-29,North Rhine-Westphalia,2015-02-17,0
2835,2016-06-25,2016-06-26,926,40,black,44,100.0,3144,Mrs,1955-12-29,North Rhine-Westphalia,2015-02-17,1
2836,2016-06-25,2016-06-26,128,l,ash,49,49.9,99,Mrs,1970-06-02,Baden-Wuerttemberg,2016-03-31,0
2837,2016-06-25,2016-06-26,502,10,green,21,45.9,99,Mrs,1970-06-02,Baden-Wuerttemberg,2016-03-31,0
2838,2016-06-25,2016-07-18,171,xl,black,3,24.9,99,Mrs,1970-06-02,Baden-Wuerttemberg,2016-03-31,0
2839,2016-06-25,,608,39,black,15,32.95,17563,Mrs,1978-02-26,Baden-Wuerttemberg,2016-05-09,0
2840,2016-06-25,,806,39,aviator,15,42.95,17563,Mrs,1978-02-26,Baden-Wuerttemberg,2016-05-09,0
2841,2016-06-25,2016-06-27,158,39,nature,54,59.9,31449,Mrs,,Rhineland-Palatinate,2016-06-26,0
2842,2016-06-25,,103,39,red,17,79.9,187,Mrs,1954-05-20,Bavaria,2015-08-18,0
2843,2016-06-25,2016-06-26,104,38,black,1,99.9,31450,Mrs,1945-03-12,Schleswig-Holstein,2015-02-17,1
2844,2016-06-25,2016-06-27,612,l,blue,20,39.9,31452,Mrs,1983-08-02,North Rhine-Westphalia,2016-06-26,1
2845,2016-06-25,2016-06-27,67,l,blue,20,49.9,31452,Mrs,1983-08-02,North Rhine-Westphalia,2016-06-26,1
2846,2016-06-25,2016-06-27,546,l,berry,3,59.9,31452,Mrs,1983-08-02,North Rhine-Westphalia,2016-06-26,1
2847,2016-06-25,2016-06-27,213,l,ash,3,39.9,31452,Mrs,1983-08-02,North Rhine-Westphalia,2016-06-26,1
2848,2016-06-25,2016-06-27,67,xl,blue,20,49.9,31452,Mrs,1983-08-02,North Rhine-Westphalia,2016-06-26,1
2849,2016-06-25,,27,7+,black,19,39.9,31452,Mrs,1983-08-02,North Rhine-Westphalia,2016-06-26,0
2850,2016-06-25,2016-06-27,579,l,petrol,3,19.9,31453,Mrs,1951-10-07,North Rhine-Westphalia,2016-06-26,0
2851,2016-06-25,2016-06-27,2,l,mocca,2,19.9,31453,Mrs,1951-10-07,North Rhine-Westphalia,2016-06-26,0
2852,2016-06-25,2016-06-27,6,42,blue,6,79.9,31453,Mrs,1951-10-07,North Rhine-Westphalia,2016-06-26,1
2853,2016-06-25,2016-06-27,173,m,brown,20,19.9,31453,Mrs,1951-10-07,North Rhine-Westphalia,2016-06-26,0
2854,2016-06-25,2016-06-27,409,xl,black,5,99.9,31455,Mrs,1954-01-07,Brandenburg,2016-06-26,0
2855,2016-06-25,2016-06-27,158,41,black,54,59.9,31455,Mrs,1954-01-07,Brandenburg,2016-06-26,0
2856,2016-06-25,,340,39,petrol,40,99.9,29792,Mrs,1963-09-21,Lower Saxony,2015-02-17,0
2857,2016-06-25,2016-06-26,17,46,blue,11,69.9,6783,Mrs,1974-11-10,North Rhine-Westphalia,2016-04-11,0
2858,2016-06-25,2016-06-26,242,xl,black,20,59.9,6783,Mrs,1974-11-10,North Rhine-Westphalia,2016-04-11,0
2859,2016-06-25,2016-06-26,119,38,black,43,89.9,6783,Mrs,1974-11-10,North Rhine-Westphalia,2016-04-11,0
2860,2016-06-25,2016-06-28,516,xl,denim,25,59.9,25382,Mrs,1968-08-03,North Rhine-Westphalia,2016-02-26,1
2861,2016-06-25,2016-06-28,361,44,bordeaux,6,49.9,25382,Mrs,1968-08-03,North Rhine-Westphalia,2016-02-26,1
2862,2016-06-25,2016-06-28,313,l,brown,11,59.9,25382,Mrs,1968-08-03,North Rhine-Westphalia,2016-02-26,1
2863,2016-06-25,2016-06-28,313,xl,brown,11,59.9,25382,Mrs,1968-08-03,North Rhine-Westphalia,2016-02-26,1
2864,2016-06-25,2016-06-28,313,l,red,11,59.9,25382,Mrs,1968-08-03,North Rhine-Westphalia,2016-02-26,1
2865,2016-06-25,2016-06-28,313,xl,red,11,59.9,25382,Mrs,1968-08-03,North Rhine-Westphalia,2016-02-26,1
2866,2016-06-25,2016-06-28,293,xl,green,5,49.9,25382,Mrs,1968-08-03,North Rhine-Westphalia,2016-02-26,1
2867,2016-06-25,2016-06-28,293,l,green,5,49.9,25382,Mrs,1968-08-03,North Rhine-Westphalia,2016-02-26,1
2868,2016-06-25,2016-06-26,129,40,black,50,69.95,31457,Mrs,1975-12-09,Mecklenburg-Western Pomerania,2015-03-05,1
2869,2016-06-25,2016-06-26,217,l,black,29,59.9,31457,Mrs,1975-12-09,Mecklenburg-Western Pomerania,2015-03-05,1
2870,2016-06-25,2016-07-05,393,40,black,1,69.9,31457,Mrs,1975-12-09,Mecklenburg-Western Pomerania,2015-03-05,1
2871,2016-06-25,2016-06-26,182,37,white,17,109.9,4152,Mrs,1946-01-16,Baden-Wuerttemberg,2015-10-21,1
2872,2016-06-25,2016-06-26,182,38,white,17,109.9,4152,Mrs,1946-01-16,Baden-Wuerttemberg,2015-10-21,0
2873,2016-06-25,2016-06-27,588,xl,pink,14,39.9,31458,Mrs,1981-02-06,Hamburg,2016-06-26,1
2874,2016-06-25,2016-06-27,588,xl,black,14,49.9,31458,Mrs,1981-02-06,Hamburg,2016-06-26,1
2875,2016-06-25,2016-06-27,22,xl,pink,14,29.9,31458,Mrs,1981-02-06,Hamburg,2016-06-26,1
2876,2016-06-25,2016-06-27,5,xl,magenta,5,69.9,31458,Mrs,1981-02-06,Hamburg,2016-06-26,1
2877,2016-06-25,2016-06-27,5,xl,orange,5,39.9,31458,Mrs,1981-02-06,Hamburg,2016-06-26,1
2878,2016-06-25,2016-06-27,403,44,white,14,39.9,31458,Mrs,1981-02-06,Hamburg,2016-06-26,1
2879,2016-06-25,2016-06-27,403,42,pink,14,39.9,31458,Mrs,1981-02-06,Hamburg,2016-06-26,1
2880,2016-06-25,2016-06-27,403,44,denim,14,39.9,31458,Mrs,1981-02-06,Hamburg,2016-06-26,1
2881,2016-06-25,2016-06-27,403,44,azure,14,39.9,31458,Mrs,1981-02-06,Hamburg,2016-06-26,1
2882,2016-06-25,2016-06-27,369,xxl,brown,5,69.9,31458,Mrs,1981-02-06,Hamburg,2016-06-26,1
2883,2016-06-25,2016-07-02,5,l,blue,5,39.9,31458,Mrs,1981-02-06,Hamburg,2016-06-26,0
2884,2016-06-25,2016-07-04,588,xl,denim,14,49.9,31458,Mrs,1981-02-06,Hamburg,2016-06-26,1
2885,2016-06-25,2016-06-26,173,xl,brown,20,19.9,17475,Mrs,1968-01-27,Schleswig-Holstein,2015-02-17,1
2886,2016-06-25,2016-06-26,234,xxl,petrol,36,59.9,17475,Mrs,1968-01-27,Schleswig-Holstein,2015-02-17,1
2887,2016-06-25,2016-06-27,57,xl,red,3,29.9,31459,Mrs,1964-01-31,Hesse,2016-06-26,1
2888,2016-06-25,2016-06-27,76,xl,white,37,29.9,31459,Mrs,1964-01-31,Hesse,2016-06-26,1
2889,2016-06-25,2016-06-27,660,42,nature,39,39.95,31459,Mrs,1964-01-31,Hesse,2016-06-26,1
2890,2016-06-25,2016-06-27,660,42,black,39,39.95,31459,Mrs,1964-01-31,Hesse,2016-06-26,1
2891,2016-06-25,2016-06-27,415,41,red,1,89.9,31459,Mrs,1964-01-31,Hesse,2016-06-26,0
2892,2016-06-25,2016-06-27,528,41,brown,18,89.9,31459,Mrs,1964-01-31,Hesse,2016-06-26,1
2893,2016-06-25,2016-06-27,528,41,brown,18,89.9,31459,Mrs,1964-01-31,Hesse,2016-06-26,1
2894,2016-06-25,2016-06-27,26,41,green,18,89.9,31459,Mrs,1964-01-31,Hesse,2016-06-26,0
2895,2016-06-25,2016-06-26,215,l,denim,28,59.9,31460,Mrs,1977-07-04,Schleswig-Holstein,2015-02-17,1
2896,2016-06-25,2016-06-26,215,xl,denim,28,59.9,31460,Mrs,1977-07-04,Schleswig-Holstein,2015-02-17,1
2897,2016-06-25,2016-06-26,32,xl,grey,3,21.9,31460,Mrs,1977-07-04,Schleswig-Holstein,2015-02-17,1
2898,2016-06-25,2016-06-26,32,xxl,grey,3,21.9,31460,Mrs,1977-07-04,Schleswig-Holstein,2015-02-17,1
2899,2016-06-25,2016-07-02,103,39,brown,17,79.9,31460,Mrs,1977-07-04,Schleswig-Holstein,2015-02-17,1
2900,2016-06-25,,103,41,brown,17,79.9,31460,Mrs,1977-07-04,Schleswig-Holstein,2015-02-17,0
2901,2016-06-25,,32,xl,blue,3,21.9,31460,Mrs,1977-07-04,Schleswig-Holstein,2015-02-17,0
2902,2016-06-25,,32,xxl,blue,3,21.9,31460,Mrs,1977-07-04,Schleswig-Holstein,2015-02-17,0
2903,2016-06-25,,19,xl,khaki,14,69.9,31461,Mr,1980-01-16,Hamburg,2016-06-26,0
2904,2016-06-25,,19,l,ocher,14,69.9,31461,Mr,1980-01-16,Hamburg,2016-06-26,0
2905,2016-06-25,2016-06-26,668,39,black,53,39.9,31462,Mrs,1972-02-14,North Rhine-Westphalia,2015-02-17,1
2906,2016-06-25,2016-06-26,112,40,white,47,79.9,11121,Mrs,1974-02-19,Thuringia,2015-02-17,0
2907,2016-06-25,2016-06-26,112,41,white,47,79.9,11121,Mrs,1974-02-19,Thuringia,2015-02-17,1
2908,2016-06-25,2016-06-26,222,xxl,brown,3,19.9,31463,Mrs,1900-11-21,Bavaria,2015-02-17,1
2909,2016-06-25,2016-06-26,222,xl,brown,3,19.9,31463,Mrs,1900-11-21,Bavaria,2015-02-17,0
2910,2016-06-25,2016-06-26,255,l,red,37,19.9,31463,Mrs,1900-11-21,Bavaria,2015-02-17,1
2911,2016-06-25,2016-06-26,7,44,purple,7,9.9,31463,Mrs,1900-11-21,Bavaria,2015-02-17,1
2912,2016-06-25,2016-06-26,897,xl,red,33,9.9,31463,Mrs,1900-11-21,Bavaria,2015-02-17,0
2913,2016-06-25,2016-06-26,184,xxl,red,36,59.9,31463,Mrs,1900-11-21,Bavaria,2015-02-17,1
2914,2016-06-25,2016-06-29,255,xl,red,37,19.9,31463,Mrs,1900-11-21,Bavaria,2015-02-17,0
2915,2016-06-25,2016-07-18,896,xl,red,33,9.9,31463,Mrs,1900-11-21,Bavaria,2015-02-17,0
2916,2016-06-25,2016-06-26,173,xl,brown,20,19.9,26023,Mrs,1973-12-20,North Rhine-Westphalia,2016-06-04,1
2917,2016-06-25,2016-06-27,279,l,grey,3,19.9,31464,Mrs,1975-07-31,Baden-Wuerttemberg,2016-06-26,1
2918,2016-06-25,2016-06-27,377,40,petrol,57,59.9,31464,Mrs,1975-07-31,Baden-Wuerttemberg,2016-06-26,1
2919,2016-06-25,2016-06-27,236,39+,black,1,139.9,31464,Mrs,1975-07-31,Baden-Wuerttemberg,2016-06-26,1
2920,2016-06-25,2016-06-26,328,l,white,37,29.9,31465,Mrs,1961-11-26,Baden-Wuerttemberg,2016-01-12,0
2921,2016-06-25,2016-06-26,255,l,purple,37,19.9,31465,Mrs,1961-11-26,Baden-Wuerttemberg,2016-01-12,0
2922,2016-06-25,2016-06-27,313,m,red,11,59.9,29167,Mrs,1963-05-28,Baden-Wuerttemberg,2016-06-17,1
2923,2016-06-25,2016-06-27,313,s,blue,11,59.9,29167,Mrs,1963-05-28,Baden-Wuerttemberg,2016-06-17,1
2924,2016-06-25,2016-06-27,463,42,beige,25,39.9,29167,Mrs,1963-05-28,Baden-Wuerttemberg,2016-06-17,1
2925,2016-06-25,2016-06-27,448,42,grey,72,59.9,29167,Mrs,1963-05-28,Baden-Wuerttemberg,2016-06-17,1
2926,2016-06-25,2016-06-27,165,40,red,47,89.9,29167,Mrs,1963-05-28,Baden-Wuerttemberg,2016-06-17,1
2927,2016-06-25,2016-06-27,32,l,grey,3,21.9,29167,Mrs,1963-05-28,Baden-Wuerttemberg,2016-06-17,1
2928,2016-06-25,2016-06-27,32,l,grey,3,21.9,29167,Mrs,1963-05-28,Baden-Wuerttemberg,2016-06-17,1
2929,2016-06-25,,255,l,olive,37,19.9,29167,Mrs,1963-05-28,Baden-Wuerttemberg,2016-06-17,0
2930,2016-06-25,,32,l,black,3,21.9,29167,Mrs,1963-05-28,Baden-Wuerttemberg,2016-06-17,0
2931,2016-06-25,,27,6+,black,19,39.9,29167,Mrs,1963-05-28,Baden-Wuerttemberg,2016-06-17,0
2932,2016-06-25,2016-06-26,101,39,anthracite,17,89.9,3551,Mrs,1972-01-19,Baden-Wuerttemberg,2016-04-07,0
2933,2016-06-25,,146,xl,black,3,24.9,3551,Mrs,1972-01-19,Baden-Wuerttemberg,2016-04-07,0
2934,2016-06-25,2016-07-23,201,35,red,15,65.95,3551,Mrs,1972-01-19,Baden-Wuerttemberg,2016-04-07,1
2935,2016-06-25,2016-06-26,108,xxl,grey,46,29.9,28338,Mrs,1966-01-14,Bremen,2015-05-21,1
2936,2016-06-25,2016-06-26,70,48,white,34,24.9,28338,Mrs,1966-01-14,Bremen,2015-05-21,1
2937,2016-06-25,2016-06-26,896,xxl,grey,33,9.9,28338,Mrs,1966-01-14,Bremen,2015-05-21,1
2938,2016-06-25,2016-06-26,135,xxl,red,33,14.9,28338,Mrs,1966-01-14,Bremen,2015-05-21,1
2939,2016-06-25,,423,xxl,red,33,12.9,28338,Mrs,1966-01-14,Bremen,2015-05-21,0
2940,2016-06-25,2016-06-26,272,41,black,53,39.9,31468,Mrs,1962-04-04,Baden-Wuerttemberg,2015-02-17,1
2941,2016-06-25,2016-06-26,296,8,ecru,19,39.9,31468,Mrs,1962-04-04,Baden-Wuerttemberg,2015-02-17,1
2942,2016-06-25,2016-06-26,146,l,ash,3,24.9,8303,Mrs,1900-11-21,Rhineland-Palatinate,2015-12-19,0
2943,2016-06-25,2016-06-26,212,l,petrol,5,39.9,8303,Mrs,1900-11-21,Rhineland-Palatinate,2015-12-19,0
2944,2016-06-25,2016-06-26,32,m,olive,3,21.9,8303,Mrs,1900-11-21,Rhineland-Palatinate,2015-12-19,1
2945,2016-06-25,2016-06-26,32,m,purple,3,21.9,8303,Mrs,1900-11-21,Rhineland-Palatinate,2015-12-19,0
2946,2016-06-25,2016-06-29,660,21,grey,39,39.95,8303,Mrs,1900-11-21,Rhineland-Palatinate,2015-12-19,0
2947,2016-06-25,2016-06-27,223,5+,white,19,59.9,31469,Mrs,1971-12-14,Baden-Wuerttemberg,2016-06-26,0
2948,2016-06-25,2016-06-27,102,39,turquoise,44,60.0,31469,Mrs,1971-12-14,Baden-Wuerttemberg,2016-06-26,1
2949,2016-06-25,2016-06-26,45,l,grey,5,79.9,4187,Mrs,1963-08-08,Baden-Wuerttemberg,2015-02-17,1
2950,2016-06-25,2016-06-27,396,11+,brown,21,79.95,31470,Mrs,1949-11-21,Hesse,2015-02-17,1
2951,2016-06-25,2016-06-27,396,11+,grey,21,99.95,31470,Mrs,1949-11-21,Hesse,2015-02-17,1
2952,2016-06-25,2016-06-27,391,6,grey,48,49.95,31470,Mrs,1949-11-21,Hesse,2015-02-17,0
2953,2016-06-25,2016-06-27,228,6,white,57,99.9,31470,Mrs,1949-11-21,Hesse,2015-02-17,0
2954,2016-06-25,2016-06-27,168,41,grey,1,89.9,31470,Mrs,1949-11-21,Hesse,2015-02-17,1
2955,2016-06-25,2016-06-27,211,40,grey,1,89.9,31470,Mrs,1949-11-21,Hesse,2015-02-17,1
2956,2016-06-25,,396,12,brown,21,79.95,31470,Mrs,1949-11-21,Hesse,2015-02-17,0
2957,2016-06-25,2016-06-26,604,38,grey,1,79.9,12649,Mrs,1961-12-20,North Rhine-Westphalia,2016-06-18,1
2958,2016-06-25,2016-06-26,76,s,white,37,29.9,16503,Mrs,1973-05-30,Thuringia,2016-05-05,0
2959,2016-06-25,2016-06-26,76,s,blue,37,29.9,16503,Mrs,1973-05-30,Thuringia,2016-05-05,0
2960,2016-06-25,2016-06-26,896,s,grey,33,24.9,16503,Mrs,1973-05-30,Thuringia,2016-05-05,1
2961,2016-06-25,2016-06-28,49,40,stained,11,69.9,31471,Mrs,1959-03-07,Bavaria,2016-06-26,1
2962,2016-06-25,2016-06-28,218,m,turquoise,42,69.9,31471,Mrs,1959-03-07,Bavaria,2016-06-26,1
2963,2016-06-25,2016-06-28,116,m,magenta,5,99.9,31471,Mrs,1959-03-07,Bavaria,2016-06-26,1
2964,2016-06-25,2016-06-28,264,40,denim,6,79.9,31473,Mrs,1972-06-12,Schleswig-Holstein,2016-06-26,1
2965,2016-06-25,2016-06-28,264,42,denim,6,79.9,31473,Mrs,1972-06-12,Schleswig-Holstein,2016-06-26,1
2966,2016-06-25,2016-06-28,272,37,black,53,39.9,31473,Mrs,1972-06-12,Schleswig-Holstein,2016-06-26,1
2967,2016-06-25,2016-06-28,272,38,black,53,39.9,31473,Mrs,1972-06-12,Schleswig-Holstein,2016-06-26,1
2968,2016-06-25,2016-06-28,95,40,denim,25,59.9,31473,Mrs,1972-06-12,Schleswig-Holstein,2016-06-26,0
2969,2016-06-25,2016-06-28,95,42,denim,25,59.9,31473,Mrs,1972-06-12,Schleswig-Holstein,2016-06-26,1
2970,2016-06-25,,367,37,blue,18,89.9,31473,Mrs,1972-06-12,Schleswig-Holstein,2016-06-26,0
2971,2016-06-25,,367,38,blue,18,89.9,31473,Mrs,1972-06-12,Schleswig-Holstein,2016-06-26,0
2972,2016-06-25,2016-06-27,146,m,red,3,24.9,31474,Mrs,1971-12-13,North Rhine-Westphalia,2015-02-17,0
2973,2016-06-25,2016-06-27,146,m,olive,3,24.9,31474,Mrs,1971-12-13,North Rhine-Westphalia,2015-02-17,0
2974,2016-06-25,2016-06-27,499,40,denim,78,39.9,31474,Mrs,1971-12-13,North Rhine-Westphalia,2015-02-17,0
2975,2016-06-25,2016-07-20,201,41,ancient,15,65.95,31474,Mrs,1971-12-13,North Rhine-Westphalia,2015-02-17,1
2976,2016-06-25,2016-07-20,201,42,ancient,15,69.95,31474,Mrs,1971-12-13,North Rhine-Westphalia,2015-02-17,0
2977,2016-06-25,2016-07-20,201,41,ancient,15,67.95,31474,Mrs,1971-12-13,North Rhine-Westphalia,2015-02-17,1
2978,2016-06-25,,201,42,ancient,15,71.95,31474,Mrs,1971-12-13,North Rhine-Westphalia,2015-02-17,0
2979,2016-06-25,,242,s,black,20,59.9,23462,Mrs,1962-07-25,North Rhine-Westphalia,2015-02-17,0
2980,2016-06-25,,844,unsized,petrol,59,19.9,23462,Mrs,1962-07-25,North Rhine-Westphalia,2015-02-17,0
2981,2016-06-25,2016-06-27,164,39,black,47,119.9,6851,Mrs,1946-09-22,Baden-Wuerttemberg,2016-04-11,1
2982,2016-06-25,2016-06-27,488,39,blue,47,119.9,6851,Mrs,1946-09-22,Baden-Wuerttemberg,2016-04-11,0
2983,2016-06-25,2016-06-27,182,39,red,17,109.9,6851,Mrs,1946-09-22,Baden-Wuerttemberg,2016-04-11,1
2984,2016-06-25,2016-06-27,25,m,mocca,5,79.9,2295,Mr,1958-01-02,North Rhine-Westphalia,2015-02-17,1
2985,2016-06-25,2016-06-27,346,m,black,5,69.9,2295,Mr,1958-01-02,North Rhine-Westphalia,2015-02-17,1
2986,2016-06-25,2016-06-27,87,m,black,5,79.9,2295,Mr,1958-01-02,North Rhine-Westphalia,2015-02-17,0
2987,2016-06-25,2016-06-27,830,40,grey,43,99.9,31477,Mrs,1955-09-04,Hesse,2015-02-17,0
2988,2016-06-25,2016-06-27,100,40,black,43,69.9,31477,Mrs,1955-09-04,Hesse,2015-02-17,0
2989,2016-06-25,2016-06-27,100,40,blue,43,69.9,31477,Mrs,1955-09-04,Hesse,2015-02-17,0
2990,2016-06-25,2016-06-27,100,39,blue,43,69.9,31477,Mrs,1955-09-04,Hesse,2015-02-17,1
2991,2016-06-25,2016-06-27,229,40,white,50,69.95,27684,Mrs,1963-08-21,Lower Saxony,2016-03-25,1
2992,2016-06-25,2016-06-27,229,41,white,50,69.95,27684,Mrs,1963-08-21,Lower Saxony,2016-03-25,1
2993,2016-06-25,2016-06-27,557,41,blue,1,129.9,27684,Mrs,1963-08-21,Lower Saxony,2016-03-25,1
2994,2016-06-25,2016-06-27,557,41,grey,1,129.9,27684,Mrs,1963-08-21,Lower Saxony,2016-03-25,1
2995,2016-06-25,2016-06-27,118,xl,berry,6,49.9,15117,Mrs,1965-04-30,Hesse,2016-06-26,1
2996,2016-06-25,2016-06-28,242,xl,black,20,59.9,31478,Mrs,,Lower Saxony,2016-06-26,1
2997,2016-06-25,2016-06-28,242,xl,black,20,59.9,31478,Mrs,,Lower Saxony,2016-06-26,1
2998,2016-06-25,2016-06-28,17,48,blue,11,69.9,31478,Mrs,,Lower Saxony,2016-06-26,1
2999,2016-06-25,2016-06-28,17,46,blue,11,69.9,31478,Mrs,,Lower Saxony,2016-06-26,1
3000,2016-06-25,2016-06-28,234,xxl,petrol,36,59.9,31478,Mrs,,Lower Saxony,2016-06-26,1
3001,2016-06-25,2016-06-28,218,xl,turquoise,42,69.9,31478,Mrs,,Lower Saxony,2016-06-26,1
3002,2016-06-25,2016-06-28,218,xxl,turquoise,42,69.9,31478,Mrs,,Lower Saxony,2016-06-26,1
3003,2016-06-25,2016-06-28,210,xl,black,2,39.9,31478,Mrs,,Lower Saxony,2016-06-26,1
3004,2016-06-25,2016-06-28,302,46,petrol,11,29.9,31478,Mrs,,Lower Saxony,2016-06-26,1
3005,2016-06-25,2016-06-28,108,xxl,white,46,29.9,31478,Mrs,,Lower Saxony,2016-06-26,1
3006,2016-06-25,2016-06-28,108,xxl,blue,46,29.9,31478,Mrs,,Lower Saxony,2016-06-26,1
3007,2016-06-25,2016-07-02,210,xxl,black,2,39.9,31478,Mrs,,Lower Saxony,2016-06-26,1
3008,2016-06-25,2016-06-27,208,44,black,25,59.9,26198,Mrs,1962-12-27,North Rhine-Westphalia,2016-06-05,0
3009,2016-06-25,2016-06-27,313,l,blue,11,59.9,26198,Mrs,1962-12-27,North Rhine-Westphalia,2016-06-05,0
3010,2016-06-25,2016-06-27,33,m,purple,5,69.9,26198,Mrs,1962-12-27,North Rhine-Westphalia,2016-06-05,0
3011,2016-06-25,2016-07-18,298,l,petrol,36,69.9,26198,Mrs,1962-12-27,North Rhine-Westphalia,2016-06-05,0
3012,2016-06-25,2016-06-28,247,40,black,40,99.9,31479,Mrs,,Berlin,2016-06-26,0
3013,2016-06-25,2016-06-27,138,xxl,grey,46,19.9,31480,Mrs,1953-03-16,Baden-Wuerttemberg,2016-06-26,0
3014,2016-06-25,2016-06-27,138,xxl,blue,46,19.9,31480,Mrs,1953-03-16,Baden-Wuerttemberg,2016-06-26,0
3015,2016-06-25,2016-06-27,222,xxl,denim,3,19.9,31480,Mrs,1953-03-16,Baden-Wuerttemberg,2016-06-26,0
3016,2016-06-25,2016-06-27,402,xxl,blue,46,14.9,31480,Mrs,1953-03-16,Baden-Wuerttemberg,2016-06-26,0
3017,2016-06-25,2016-06-28,140,40,black,6,69.9,31481,Mrs,1969-04-13,Rhineland-Palatinate,2016-06-26,0
3018,2016-06-25,2016-06-28,91,m,purple,3,29.9,31481,Mrs,1969-04-13,Rhineland-Palatinate,2016-06-26,0
3019,2016-06-25,2016-06-28,36,40,stained,1,79.9,31481,Mrs,1969-04-13,Rhineland-Palatinate,2016-06-26,0
3020,2016-06-25,2016-06-28,279,m,ash,3,29.9,31481,Mrs,1969-04-13,Rhineland-Palatinate,2016-06-26,1
3021,2016-06-25,2016-06-28,70,40,grey,34,29.9,31481,Mrs,1969-04-13,Rhineland-Palatinate,2016-06-26,0
3022,2016-06-25,2016-06-28,258,m,blue,3,29.9,31481,Mrs,1969-04-13,Rhineland-Palatinate,2016-06-26,1
3023,2016-06-25,2016-06-28,96,m,blue,3,16.9,31481,Mrs,1969-04-13,Rhineland-Palatinate,2016-06-26,0
3024,2016-06-25,2016-06-28,191,m,brown,3,9.9,31481,Mrs,1969-04-13,Rhineland-Palatinate,2016-06-26,0
3025,2016-06-25,2016-06-28,28,m,grey,20,24.9,31481,Mrs,1969-04-13,Rhineland-Palatinate,2016-06-26,1
3026,2016-06-25,,171,m,ash,3,39.9,31481,Mrs,1969-04-13,Rhineland-Palatinate,2016-06-26,0
3027,2016-06-25,2016-06-28,561,m,ash,3,24.9,31481,Mrs,1969-04-13,Rhineland-Palatinate,2016-06-26,0
3028,2016-06-25,2016-06-28,173,m,brown,20,19.9,31482,Mrs,,Baden-Wuerttemberg,2016-06-26,1
3029,2016-06-25,2016-07-05,434,s,green,28,59.9,31482,Mrs,,Baden-Wuerttemberg,2016-06-26,0
3030,2016-06-25,2016-07-02,138,s,blue,46,19.9,8220,Mrs,1949-11-21,Schleswig-Holstein,2015-11-11,1
3031,2016-06-25,2016-07-02,896,s,grey,33,9.9,8220,Mrs,1949-11-21,Schleswig-Holstein,2015-11-11,0
3032,2016-06-25,2016-06-28,1,39+,blue,1,119.9,31483,Mrs,1965-05-19,Bavaria,2016-06-26,1
3033,2016-06-25,2016-06-28,440,39,blue,1,139.9,31483,Mrs,1965-05-19,Bavaria,2016-06-26,0
3034,2016-06-25,2016-06-28,91,m,blue,3,49.9,31483,Mrs,1965-05-19,Bavaria,2016-06-26,0
3035,2016-06-25,2016-06-28,95,40,blue,25,59.9,31483,Mrs,1965-05-19,Bavaria,2016-06-26,0
3036,2016-06-25,2016-06-28,156,40,blue,34,29.9,31483,Mrs,1965-05-19,Bavaria,2016-06-26,1
3037,2016-06-25,2016-06-28,215,m,magenta,28,59.9,31483,Mrs,1965-05-19,Bavaria,2016-06-26,1
3038,2016-06-25,2016-07-05,1,39,blue,1,119.9,31483,Mrs,1965-05-19,Bavaria,2016-06-26,1
3039,2016-06-25,2016-06-28,707,43,champagner,1,79.9,31484,Mrs,,Baden-Wuerttemberg,2015-02-17,1
3040,2016-06-25,2016-06-28,707,42,black,1,119.9,31484,Mrs,,Baden-Wuerttemberg,2015-02-17,1
3041,2016-06-25,2016-06-28,101,42,grey,17,89.9,31484,Mrs,,Baden-Wuerttemberg,2015-02-17,1
3042,2016-06-25,2016-06-28,101,42,anthracite,17,89.9,31484,Mrs,,Baden-Wuerttemberg,2015-02-17,1
3043,2016-06-25,2016-06-28,9,8+,grey,4,79.95,31484,Mrs,,Baden-Wuerttemberg,2015-02-17,1
3044,2016-06-25,2016-06-28,9,8,blue,4,79.95,31484,Mrs,,Baden-Wuerttemberg,2015-02-17,1
3045,2016-06-25,2016-06-28,72,42,pink,1,119.9,31484,Mrs,,Baden-Wuerttemberg,2015-02-17,1
3046,2016-06-25,2016-06-28,319,42,olive,40,129.9,31484,Mrs,,Baden-Wuerttemberg,2015-02-17,1
3047,2016-06-25,2016-06-28,182,42,pink,17,109.9,31484,Mrs,,Baden-Wuerttemberg,2015-02-17,1
3048,2016-06-25,2016-06-28,69,m,denim,5,54.9,31484,Mrs,,Baden-Wuerttemberg,2015-02-17,0
3049,2016-06-25,2016-06-28,69,m,berry,5,54.9,31484,Mrs,,Baden-Wuerttemberg,2015-02-17,0
3050,2016-06-25,2016-06-28,69,m,black,5,54.9,31484,Mrs,,Baden-Wuerttemberg,2015-02-17,0
3051,2016-06-25,2016-07-23,366,43,grey,4,79.95,31484,Mrs,,Baden-Wuerttemberg,2015-02-17,1
3052,2016-06-25,2016-06-28,191,xl,white,3,24.9,31485,Mr,1963-07-13,North Rhine-Westphalia,2016-06-26,0
3053,2016-06-25,2016-07-02,94,xl,black,31,99.9,31485,Mr,1963-07-13,North Rhine-Westphalia,2016-06-26,0
3054,2016-06-25,,493,42,anthracite,6,79.9,31485,Mr,1963-07-13,North Rhine-Westphalia,2016-06-26,0
3055,2016-06-25,,232,unsized,black,32,19.9,31485,Mr,1963-07-13,North Rhine-Westphalia,2016-06-26,0
3056,2016-06-25,2016-06-27,255,l,red,37,19.9,31486,Mrs,1964-01-08,Mecklenburg-Western Pomerania,2015-02-17,0
3057,2016-06-25,2016-06-27,255,l,purple,37,19.9,31486,Mrs,1964-01-08,Mecklenburg-Western Pomerania,2015-02-17,0
3058,2016-06-25,2016-06-27,507,38,blue,53,49.9,31486,Mrs,1964-01-08,Mecklenburg-Western Pomerania,2015-02-17,0
3059,2016-06-25,2016-06-27,175,l,purple,3,16.9,31486,Mrs,1964-01-08,Mecklenburg-Western Pomerania,2015-02-17,0
3060,2016-06-25,,175,l,red,3,6.9,31486,Mrs,1964-01-08,Mecklenburg-Western Pomerania,2015-02-17,0
3061,2016-06-25,2016-06-28,205,40,black,40,119.9,31487,Mrs,1972-02-16,Hamburg,2016-06-26,0
3062,2016-06-25,2016-07-04,262,42,mocca,12,69.9,31488,Mrs,1972-11-16,Lower Saxony,2015-02-17,0
3063,2016-06-25,2016-06-28,709,38,blue,17,119.9,31489,Mrs,1958-01-07,Baden-Wuerttemberg,2016-06-26,0
3064,2016-06-25,2016-06-28,399,38,pink,17,129.9,31489,Mrs,1958-01-07,Baden-Wuerttemberg,2016-06-26,0
3065,2016-06-25,2016-06-28,343,xl,blue,37,49.9,31489,Mrs,1958-01-07,Baden-Wuerttemberg,2016-06-26,0
3066,2016-06-25,2016-06-28,118,xl,berry,6,49.9,31489,Mrs,1958-01-07,Baden-Wuerttemberg,2016-06-26,0
3067,2016-06-25,2016-07-02,328,xl,blue,37,29.9,31489,Mrs,1958-01-07,Baden-Wuerttemberg,2016-06-26,0
3068,2016-06-25,2016-06-27,22,m,purple,14,29.9,31490,Mrs,1954-12-01,Hesse,2016-06-26,0
3069,2016-06-25,2016-06-27,22,m,blue,14,29.9,31490,Mrs,1954-12-01,Hesse,2016-06-26,0
3070,2016-06-25,2016-07-26,175,m,azure,3,16.9,31490,Mrs,1954-12-01,Hesse,2016-06-26,0
3071,2016-06-25,2016-07-26,175,m,blau,3,16.9,31490,Mrs,1954-12-01,Hesse,2016-06-26,0
3072,2016-06-25,2016-06-27,8,37,stained,8,12.9,31491,Mrs,1963-12-09,North Rhine-Westphalia,2015-02-17,1
3073,2016-06-25,2016-06-27,8,38,stained,8,12.9,31491,Mrs,1963-12-09,North Rhine-Westphalia,2015-02-17,0
3074,2016-06-25,2016-06-28,15,39,ocher,1,129.9,31492,Mrs,1966-03-25,Rhineland-Palatinate,2016-06-26,1
3075,2016-06-25,2016-06-28,278,39,ecru,50,79.95,31492,Mrs,1966-03-25,Rhineland-Palatinate,2016-06-26,1
3076,2016-06-25,2016-06-28,79,39,mocca,1,139.9,31492,Mrs,1966-03-25,Rhineland-Palatinate,2016-06-26,1
3077,2016-06-25,2016-06-28,177,39,brown,1,99.9,31492,Mrs,1966-03-25,Rhineland-Palatinate,2016-06-26,1
3078,2016-06-25,,27,7,ecru,19,39.9,31492,Mrs,1966-03-25,Rhineland-Palatinate,2016-06-26,0
3079,2016-06-25,,27,7+,ecru,19,39.9,31492,Mrs,1966-03-25,Rhineland-Palatinate,2016-06-26,0
3080,2016-06-25,,27,6,ecru,19,39.9,31492,Mrs,1966-03-25,Rhineland-Palatinate,2016-06-26,0
3081,2016-06-25,2016-06-28,105,39,black,45,69.9,31493,Mrs,1972-10-17,Schleswig-Holstein,2016-06-26,0
3082,2016-06-25,2016-06-28,105,39,purple,45,69.9,31493,Mrs,1972-10-17,Schleswig-Holstein,2016-06-26,1
3083,2016-06-25,,27,6+,blue,19,39.9,31493,Mrs,1972-10-17,Schleswig-Holstein,2016-06-26,0
3096,2016-06-25,2016-06-27,39,39,blue,26,79.9,11326,Mrs,1956-08-14,Hesse,2015-02-17,0
3097,2016-06-25,2016-07-27,895,22,black,39,39.95,11326,Mrs,1956-08-14,Hesse,2015-02-17,1
3098,2016-06-25,,660,22,black,39,39.95,11326,Mrs,1956-08-14,Hesse,2015-02-17,0
3099,2016-06-25,,25,xl,blue,5,79.9,11326,Mrs,1956-08-14,Hesse,2015-02-17,0
3100,2016-06-25,2016-06-28,448,42,bordeaux,72,59.9,29630,Mrs,1933-12-26,Baden-Wuerttemberg,2016-06-18,1
3101,2016-06-25,2016-06-28,218,l,turquoise,42,69.9,29630,Mrs,1933-12-26,Baden-Wuerttemberg,2016-06-18,1
3102,2016-06-25,2016-06-28,671,44,black,6,59.9,29630,Mrs,1933-12-26,Baden-Wuerttemberg,2016-06-18,1
3103,2016-06-25,2016-06-28,586,l,bordeaux,2,39.9,29630,Mrs,1933-12-26,Baden-Wuerttemberg,2016-06-18,1
3108,2016-06-25,2016-06-27,3,xxl,red,3,19.9,21114,Mrs,1961-12-07,Berlin,2016-06-26,1
3109,2016-06-25,2016-06-27,394,40,ecru,44,105.0,21114,Mrs,1961-12-07,Berlin,2016-06-26,1
3110,2016-06-25,2016-06-27,2,xxl,red,2,39.9,21114,Mrs,1961-12-07,Berlin,2016-06-26,1
3111,2016-06-25,2016-06-27,3,xxl,red,3,39.9,21114,Mrs,1961-12-07,Berlin,2016-06-26,1
3112,2016-06-25,2016-06-27,247,39,bordeaux,40,99.9,21114,Mrs,1961-12-07,Berlin,2016-06-26,1
3113,2016-06-25,2016-06-27,165,39,red,47,89.9,21114,Mrs,1961-12-07,Berlin,2016-06-26,1
3124,2016-06-25,2016-06-27,144,xl,denim,14,49.9,14332,Mrs,1955-12-09,Schleswig-Holstein,2016-04-29,1
3125,2016-06-25,2016-07-02,122,39,grey,1,79.9,14332,Mrs,1955-12-09,Schleswig-Holstein,2016-04-29,0
3126,2016-06-25,2016-06-28,1308,39,ocher,54,129.9,23612,Mrs,,North Rhine-Westphalia,2016-05-28,1
3127,2016-06-25,2016-06-28,129,39,grey,50,69.95,23612,Mrs,,North Rhine-Westphalia,2016-05-28,1
3128,2016-06-25,2016-06-28,246,39,purple,40,79.9,23612,Mrs,,North Rhine-Westphalia,2016-05-28,1
3129,2016-06-25,2016-06-28,278,39,curry,50,79.95,23612,Mrs,,North Rhine-Westphalia,2016-05-28,1
3130,2016-06-25,2016-06-28,278,39,ecru,50,79.95,23612,Mrs,,North Rhine-Westphalia,2016-05-28,1
3131,2016-06-25,2016-06-28,685,39,olive,16,149.9,23612,Mrs,,North Rhine-Westphalia,2016-05-28,1
3132,2016-06-25,2016-06-28,427,39,black,55,169.9,23612,Mrs,,North Rhine-Westphalia,2016-05-28,1
3133,2016-06-25,,438,38,black,27,13.95,23612,Mrs,,North Rhine-Westphalia,2016-05-28,0
3134,2016-06-25,,246,37,grey,40,79.9,28056,Mrs,1952-05-11,Bavaria,2016-03-01,0
3135,2016-06-25,,246,40,black,40,79.9,28056,Mrs,1952-05-11,Bavaria,2016-03-01,0
3136,2016-06-25,2016-06-27,222,l,purple,3,19.9,21402,Mrs,1977-09-24,Bavaria,2016-05-21,0
3137,2016-06-25,2016-06-27,7,42,purple,7,9.9,21402,Mrs,1977-09-24,Bavaria,2016-05-21,1
3138,2016-06-25,,85,38,stained,40,79.9,31504,Mrs,1959-11-06,Hamburg,2016-06-26,0
3139,2016-06-25,1994-12-31,434,m,black,28,59.9,598,Mrs,1970-05-08,Berlin,2015-02-17,1
3140,2016-06-25,1994-12-31,32,l,green,3,21.9,598,Mrs,1970-05-08,Berlin,2015-02-17,1
3141,2016-06-25,1994-12-31,32,l,red,3,21.9,598,Mrs,1970-05-08,Berlin,2015-02-17,1
3142,2016-06-25,1994-12-31,32,l,white,3,21.9,598,Mrs,1970-05-08,Berlin,2015-02-17,1
3143,2016-06-25,1994-12-31,98,m,black,28,89.9,598,Mrs,1970-05-08,Berlin,2015-02-17,1
3144,2016-06-25,1994-12-31,434,l,black,28,59.9,598,Mrs,1970-05-08,Berlin,2015-02-17,1
3145,2016-06-25,2016-06-28,218,m,turquoise,42,69.9,31507,Mrs,,Lower Saxony,2016-06-26,1
3146,2016-06-25,2016-06-28,413,m,white,14,59.9,31507,Mrs,,Lower Saxony,2016-06-26,0
3150,2016-06-25,2016-06-28,178,7+,black,4,89.95,31509,Mrs,1973-01-21,Bremen,2015-02-17,0
3151,2016-06-25,2016-06-28,247,41,black,40,99.9,31509,Mrs,1973-01-21,Bremen,2015-02-17,0
3152,2016-06-25,,311,41,black,38,99.9,31509,Mrs,1973-01-21,Bremen,2015-02-17,0
3153,2016-06-25,2016-06-27,128,xl,grey,49,49.9,31511,Mrs,1964-08-08,Mecklenburg-Western Pomerania,2015-02-17,1
3154,2016-06-25,2016-06-27,87,xl,orange,5,39.9,31511,Mrs,1964-08-08,Mecklenburg-Western Pomerania,2015-02-17,0
3155,2016-06-25,2016-06-27,214,xxl,grey,49,89.9,31511,Mrs,1964-08-08,Mecklenburg-Western Pomerania,2015-02-17,1
3156,2016-06-25,2016-06-27,183,xxl,green,5,79.9,31511,Mrs,1964-08-08,Mecklenburg-Western Pomerania,2015-02-17,1
3157,2016-06-25,2016-06-27,1138,6,red,21,79.9,31512,Mrs,1968-08-09,Thuringia,2015-02-17,1
3158,2016-06-25,2016-06-27,8,39,stained,8,12.9,31512,Mrs,1968-08-09,Thuringia,2015-02-17,0
3159,2016-06-25,2016-06-27,173,m,brown,20,19.9,15061,Mrs,1971-02-17,Baden-Wuerttemberg,2015-09-26,1
3160,2016-06-25,2016-06-28,613,40,mocca,45,59.9,31514,Mrs,1970-01-18,Lower Saxony,2016-01-04,1
3161,2016-06-25,2016-06-28,507,40,black,53,49.9,31514,Mrs,1970-01-18,Lower Saxony,2016-01-04,0
3162,2016-06-25,2016-06-28,396,10,brown,21,79.95,31514,Mrs,1970-01-18,Lower Saxony,2016-01-04,1
3163,2016-06-25,2016-06-28,396,10+,brown,21,79.95,31514,Mrs,1970-01-18,Lower Saxony,2016-01-04,1
3164,2016-06-25,2016-06-28,272,40,black,53,39.9,31514,Mrs,1970-01-18,Lower Saxony,2016-01-04,1
3165,2016-06-25,2016-06-28,272,41,black,53,39.9,31514,Mrs,1970-01-18,Lower Saxony,2016-01-04,1
3166,2016-06-25,2016-06-28,397,39,blue,53,39.9,31515,Mrs,1963-01-11,Hesse,2016-06-26,0
3427,2016-06-25,2016-06-28,346,xl,blue,5,69.9,31563,Mrs,1971-04-14,Hamburg,2016-06-26,1
3428,2016-06-25,2016-06-28,346,xl,mocca,5,69.9,31563,Mrs,1971-04-14,Hamburg,2016-06-26,1
3429,2016-06-25,2016-06-28,166,44,berry,6,69.9,31563,Mrs,1971-04-14,Hamburg,2016-06-26,1
3430,2016-06-25,2016-06-28,263,xxl,red,5,49.9,31563,Mrs,1971-04-14,Hamburg,2016-06-26,1
3431,2016-06-25,2016-06-28,22,xl,white,14,39.9,31563,Mrs,1971-04-14,Hamburg,2016-06-26,1
3432,2016-06-25,2016-06-28,293,xl,azure,5,49.9,31563,Mrs,1971-04-14,Hamburg,2016-06-26,1
3433,2016-06-25,2016-06-28,187,xl,red,14,49.9,31563,Mrs,1971-04-14,Hamburg,2016-06-26,1
3434,2016-06-25,2016-06-28,187,xl,pink,14,49.9,31563,Mrs,1971-04-14,Hamburg,2016-06-26,1
3435,2016-06-25,2016-06-28,187,xl,purple,14,49.9,31563,Mrs,1971-04-14,Hamburg,2016-06-26,1
3436,2016-06-25,2016-06-28,346,xl,white,5,69.9,31563,Mrs,1971-04-14,Hamburg,2016-06-26,1
3437,2016-06-25,2016-07-02,87,xl,orange,5,39.9,31563,Mrs,1971-04-14,Hamburg,2016-06-26,1
3084,2016-06-26,2016-06-28,114,40,black,43,64.9,31495,Mrs,1972-09-16,Lower Saxony,2015-09-24,1
3085,2016-06-26,2016-06-27,188,39,mocca,55,74.9,22463,Mrs,1982-04-28,Berlin,2015-02-17,0
3086,2016-06-26,2016-06-27,114,39,grey,43,64.9,22463,Mrs,1982-04-28,Berlin,2015-02-17,0
3087,2016-06-26,2016-06-27,67,s,blue,20,34.9,22463,Mrs,1982-04-28,Berlin,2015-02-17,1
3088,2016-06-26,2016-06-27,67,m,blue,20,34.9,22463,Mrs,1982-04-28,Berlin,2015-02-17,1
3089,2016-06-26,2016-06-27,58,s,ash,31,89.9,22463,Mrs,1982-04-28,Berlin,2015-02-17,0
3090,2016-06-26,2016-06-27,58,s,ocher,31,89.9,22463,Mrs,1982-04-28,Berlin,2015-02-17,1
3091,2016-06-26,2016-06-27,59,unsized,ash,32,9.9,22463,Mrs,1982-04-28,Berlin,2015-02-17,0
3092,2016-06-26,2016-06-27,531,39,brown,1,49.9,22463,Mrs,1982-04-28,Berlin,2015-02-17,1
3093,2016-06-26,2016-06-27,259,39,blue,1,59.9,22463,Mrs,1982-04-28,Berlin,2015-02-17,1
3094,2016-06-26,2016-06-27,44,unsized,pallid,1,14.9,22463,Mrs,1982-04-28,Berlin,2015-02-17,0
3095,2016-06-26,,68,m,black,3,19.9,22463,Mrs,1982-04-28,Berlin,2015-02-17,0
3104,2016-06-26,,946,39,white,15,32.95,29432,Mrs,1982-05-22,Lower Saxony,2016-06-18,0
3105,2016-06-26,2016-07-23,946,39,purple,15,34.95,29432,Mrs,1982-05-22,Lower Saxony,2016-06-18,1
3106,2016-06-26,2016-06-28,7,40,purple,7,19.9,31502,Mrs,1979-10-23,North Rhine-Westphalia,2015-02-17,0
3107,2016-06-26,,68,l,black,3,19.9,31502,Mrs,1979-10-23,North Rhine-Westphalia,2015-02-17,0
3114,2016-06-26,2016-06-27,63,xl,blue,33,9.9,2932,Mrs,1965-12-11,Lower Saxony,2015-02-17,0
3115,2016-06-26,2016-06-27,423,xl,blue,33,12.4,2932,Mrs,1965-12-11,Lower Saxony,2015-02-17,0
3116,2016-06-26,2016-06-27,4,7,purple,4,64.9,2932,Mrs,1965-12-11,Lower Saxony,2015-02-17,0
3117,2016-06-26,2016-06-27,135,xl,red,33,12.4,2932,Mrs,1965-12-11,Lower Saxony,2015-02-17,0
3118,2016-06-26,2016-06-27,42,l,orange,28,49.9,2932,Mrs,1965-12-11,Lower Saxony,2015-02-17,1
3119,2016-06-26,2016-06-27,62,unsized,white,5,0.0,2932,Mrs,1965-12-11,Lower Saxony,2015-02-17,0
3120,2016-06-26,2016-06-27,62,unsized,white,5,0.0,2932,Mrs,1965-12-11,Lower Saxony,2015-02-17,0
3121,2016-06-26,2016-06-27,62,unsized,white,5,0.0,2932,Mrs,1965-12-11,Lower Saxony,2015-02-17,0
3122,2016-06-26,2016-06-27,62,unsized,white,5,0.0,2932,Mrs,1965-12-11,Lower Saxony,2015-02-17,0
3123,2016-06-26,2016-07-18,63,xl,red,33,9.9,2932,Mrs,1965-12-11,Lower Saxony,2015-02-17,0
3147,2016-06-26,2016-06-27,296,6,ecru,19,39.9,17243,Mrs,1967-08-27,Baden-Wuerttemberg,2016-05-08,0
3148,2016-06-26,2016-06-27,296,6,ecru,19,39.9,17243,Mrs,1967-08-27,Baden-Wuerttemberg,2016-05-08,0
3149,2016-06-26,2016-06-27,279,xl,magenta,3,19.9,17243,Mrs,1967-08-27,Baden-Wuerttemberg,2016-05-08,0
3167,2016-06-26,2016-06-27,203,43,brown,12,99.9,21919,Mrs,1964-06-15,North Rhine-Westphalia,2015-02-17,1
3168,2016-06-26,2016-06-27,666,9,black,19,49.9,21919,Mrs,1964-06-15,North Rhine-Westphalia,2015-02-17,0
3169,2016-06-26,2016-06-28,260,38,grey,17,129.9,31521,Mrs,,Bavaria,2016-06-27,1
3170,2016-06-26,2016-06-28,113,38,black,1,79.9,31521,Mrs,,Bavaria,2016-06-27,0
3171,2016-06-26,2016-07-18,650,5+,blue,4,99.9,31521,Mrs,,Bavaria,2016-06-27,0
3172,2016-06-26,2016-06-27,441,41,blue,53,39.9,31522,Family,1974-03-09,Hesse,2015-02-17,1
3173,2016-06-26,2016-06-27,39,42,red,26,79.9,31522,Family,1974-03-09,Hesse,2015-02-17,1
3174,2016-06-26,2016-06-27,137,42,red,38,109.9,31522,Family,1974-03-09,Hesse,2015-02-17,0
3175,2016-06-26,2016-06-27,27,9,brown,19,79.9,31522,Family,1974-03-09,Hesse,2015-02-17,1
3176,2016-06-26,2016-06-27,205,42,grey,40,119.9,31522,Family,1974-03-09,Hesse,2015-02-17,1
3177,2016-06-26,2016-06-27,340,42,blue,40,99.9,31522,Family,1974-03-09,Hesse,2015-02-17,0
3178,2016-06-26,2016-06-27,193,41,nature,53,49.9,31522,Family,1974-03-09,Hesse,2015-02-17,1
3179,2016-06-26,2016-06-27,161,42,brown,54,69.9,31522,Family,1974-03-09,Hesse,2015-02-17,1
3180,2016-06-26,2016-06-27,415,42,red,1,89.9,31522,Family,1974-03-09,Hesse,2015-02-17,1
3181,2016-06-26,,311,42,brown,38,99.9,31522,Family,1974-03-09,Hesse,2015-02-17,0
3182,2016-06-26,2016-06-27,27,7+,magenta,19,39.9,16556,Mrs,1962-07-01,Brandenburg,2016-05-06,0
3183,2016-06-26,2016-06-27,68,xxl,white,3,19.9,16556,Mrs,1962-07-01,Brandenburg,2016-05-06,0
3184,2016-06-26,2016-06-27,22,xxl,grey,14,39.9,31523,Mrs,1973-12-22,Rhineland-Palatinate,2015-02-17,1
3185,2016-06-26,2016-06-27,22,xl,purple,14,29.9,31523,Mrs,1973-12-22,Rhineland-Palatinate,2015-02-17,1
3186,2016-06-26,2016-06-27,69,xxl,white,5,59.9,31523,Mrs,1973-12-22,Rhineland-Palatinate,2015-02-17,1
3187,2016-06-26,2016-06-27,579,xxl,petrol,3,19.9,31523,Mrs,1973-12-22,Rhineland-Palatinate,2015-02-17,1
3188,2016-06-26,2016-06-27,32,xxl,purple,3,24.9,31523,Mrs,1973-12-22,Rhineland-Palatinate,2015-02-17,1
3189,2016-06-26,2016-06-27,568,xxl,denim,25,59.9,31523,Mrs,1973-12-22,Rhineland-Palatinate,2015-02-17,1
3190,2016-06-26,2016-06-27,568,xl,denim,25,59.9,31523,Mrs,1973-12-22,Rhineland-Palatinate,2015-02-17,1
3191,2016-06-26,2016-07-04,897,xxl,white,33,9.9,7218,Mrs,1957-02-10,Berlin,2016-04-11,0
3192,2016-06-26,2016-07-04,897,xxl,white,33,9.9,7218,Mrs,1957-02-10,Berlin,2016-04-11,0
3193,2016-06-26,,897,xxl,white,33,9.9,7218,Mrs,1957-02-10,Berlin,2016-04-11,0
3194,2016-06-26,2016-06-27,704,38,brown,44,65.0,31524,Mrs,1953-03-14,Lower Saxony,2015-02-17,1
3195,2016-06-26,2016-06-27,471,5,ocher,19,39.9,31524,Mrs,1953-03-14,Lower Saxony,2015-02-17,1
3196,2016-06-26,2016-06-27,323,36,grey,70,69.9,31525,Mrs,,Bavaria,2015-09-09,0
3197,2016-06-26,2016-06-28,234,s,petrol,36,49.9,31526,Mrs,1976-07-07,North Rhine-Westphalia,2016-06-27,0
3198,2016-06-26,2016-06-28,378,s,mocca,5,59.9,31526,Mrs,1976-07-07,North Rhine-Westphalia,2016-06-27,0
3199,2016-06-26,2016-06-28,191,s,orange,3,12.4,31526,Mrs,1976-07-07,North Rhine-Westphalia,2016-06-27,0
3200,2016-06-26,2016-06-28,173,s,brown,20,24.9,31526,Mrs,1976-07-07,North Rhine-Westphalia,2016-06-27,0
3201,2016-06-26,2016-07-02,100,40,blue,43,59.9,31526,Mrs,1976-07-07,North Rhine-Westphalia,2016-06-27,0
3202,2016-06-26,,116,l,white,5,49.9,31528,Mrs,1947-12-10,Hamburg,2015-11-04,0
3203,2016-06-26,2016-06-27,413,l,white,14,44.9,31528,Mrs,1947-12-10,Hamburg,2015-11-04,1
3204,2016-06-26,2016-06-27,413,l,azure,14,44.9,31528,Mrs,1947-12-10,Hamburg,2015-11-04,1
3205,2016-06-26,2016-06-27,116,l,white,5,49.9,31528,Mrs,1947-12-10,Hamburg,2015-11-04,0
3206,2016-06-26,2016-06-27,476,unsized,brown,82,29.9,744,Mrs,1964-03-13,Brandenburg,2015-02-17,0
3207,2016-06-26,2016-06-27,116,l,magenta,5,49.9,744,Mrs,1964-03-13,Brandenburg,2015-02-17,0
3208,2016-06-26,2016-06-27,86,m,yellow,5,39.9,744,Mrs,1964-03-13,Brandenburg,2015-02-17,1
3209,2016-06-26,2016-07-04,789,unsized,stained,77,24.9,744,Mrs,1964-03-13,Brandenburg,2015-02-17,0
3210,2016-06-26,2016-06-27,41,40,ocher,1,49.9,3445,Mrs,1961-01-09,Lower Saxony,2015-02-17,1
3211,2016-06-26,2016-07-19,298,l,petrol,36,69.9,1396,Mrs,1973-05-09,North Rhine-Westphalia,2016-04-02,0
3212,2016-06-26,2016-06-27,165,40,purple,47,44.9,969,Mrs,1957-11-02,Baden-Wuerttemberg,2015-03-22,0
3213,2016-06-26,2016-06-27,531,40,blue,1,49.9,969,Mrs,1957-11-02,Baden-Wuerttemberg,2015-03-22,0
3214,2016-06-26,2016-07-26,423,xl,khaki,33,12.4,29891,Mrs,1951-09-29,Lower Saxony,2016-06-20,1
3215,2016-06-26,2016-07-26,32,xxl,orange,3,9.4,29891,Mrs,1951-09-29,Lower Saxony,2016-06-20,0
3216,2016-06-26,,32,xxl,green,3,21.9,29891,Mrs,1951-09-29,Lower Saxony,2016-06-20,0
3217,2016-06-26,,32,xxl,blue,3,21.9,29891,Mrs,1951-09-29,Lower Saxony,2016-06-20,0
3218,2016-06-26,2016-07-26,62,unsized,white,5,0.0,29891,Mrs,1951-09-29,Lower Saxony,2016-06-20,0
3219,2016-06-26,2016-06-27,44,unsized,black,1,7.45,244,Mrs,1962-06-21,Schleswig-Holstein,2016-03-22,0
3220,2016-06-26,2016-06-27,342,41,black,1,64.9,244,Mrs,1962-06-21,Schleswig-Holstein,2016-03-22,0
3221,2016-06-26,2016-06-27,56,46,denim,25,59.9,21519,Mrs,1949-11-21,Baden-Wuerttemberg,2015-09-04,0
3222,2016-06-26,2016-07-05,194,l,brown,5,34.9,21519,Mrs,1949-11-21,Baden-Wuerttemberg,2015-09-04,0
3223,2016-06-26,2016-06-28,86,xl,black,5,79.9,6519,Mrs,1972-04-25,Rhineland-Palatinate,2015-02-17,0
3224,2016-06-26,2016-06-28,343,xl,black,37,24.9,6519,Mrs,1972-04-25,Rhineland-Palatinate,2015-02-17,0
3225,2016-06-26,2016-06-28,346,l,white,5,69.9,6519,Mrs,1972-04-25,Rhineland-Palatinate,2015-02-17,1
3226,2016-06-26,2016-06-28,346,l,white,5,69.9,6519,Mrs,1972-04-25,Rhineland-Palatinate,2015-02-17,1
3227,2016-06-26,2016-06-28,346,l,white,5,69.9,6519,Mrs,1972-04-25,Rhineland-Palatinate,2015-02-17,1
3228,2016-06-26,2016-07-06,263,l,white,5,34.9,6519,Mrs,1972-04-25,Rhineland-Palatinate,2015-02-17,0
3229,2016-06-26,,146,xl,black,3,24.9,6519,Mrs,1972-04-25,Rhineland-Palatinate,2015-02-17,0
3230,2016-06-26,2016-07-18,5,l,black,5,34.9,6519,Mrs,1972-04-25,Rhineland-Palatinate,2015-02-17,0
3231,2016-06-26,2016-07-18,199,41,white,4,34.95,6519,Mrs,1972-04-25,Rhineland-Palatinate,2015-02-17,0
3232,2016-06-26,2016-06-27,91,l,black,3,49.9,7852,Mrs,1944-01-02,Schleswig-Holstein,2016-04-13,0
3233,2016-06-26,2016-06-27,217,l,grey,29,59.9,7852,Mrs,1944-01-02,Schleswig-Holstein,2016-04-13,0
3234,2016-06-26,2016-06-27,896,m,grey,33,12.4,7852,Mrs,1944-01-02,Schleswig-Holstein,2016-04-13,1
3235,2016-06-26,2016-06-27,640,unsized,stained,68,19.9,24483,Mrs,1961-01-24,Lower Saxony,2015-02-17,0
3236,2016-06-26,,146,xl,olive,3,24.9,24483,Mrs,1961-01-24,Lower Saxony,2015-02-17,0
3237,2016-06-26,,146,xl,purple,3,12.4,24483,Mrs,1961-01-24,Lower Saxony,2015-02-17,0
3238,2016-06-26,2016-06-28,291,39,black,45,89.9,31532,Mrs,1965-11-09,Lower Saxony,2016-06-27,0
3239,2016-06-26,2016-06-28,247,39,green,40,99.9,31532,Mrs,1965-11-09,Lower Saxony,2016-06-27,0
3240,2016-06-26,2016-06-28,406,s,ocher,31,49.9,31532,Mrs,1965-11-09,Lower Saxony,2016-06-27,0
3241,2016-06-26,2016-06-27,291,40,stained,45,89.9,29782,Mrs,1973-01-01,North Rhine-Westphalia,2016-06-19,1
3242,2016-06-26,2016-06-28,32,xl,ash,3,24.9,31534,Mrs,1978-05-25,Hesse,2016-06-27,0
3243,2016-06-26,2016-06-28,222,xl,ash,3,24.9,31534,Mrs,1978-05-25,Hesse,2016-06-27,0
3244,2016-06-26,2016-07-04,32,xl,olive,3,21.9,10986,Mrs,1971-07-18,Hamburg,2016-04-21,1
3245,2016-06-26,,32,xxl,blue,3,21.9,10986,Mrs,1971-07-18,Hamburg,2016-04-21,0
3246,2016-06-26,2016-06-27,194,l,azure,5,69.9,4187,Mrs,1963-08-08,Baden-Wuerttemberg,2015-02-17,0
3247,2016-06-26,,660,42,khaki,39,39.95,4187,Mrs,1963-08-08,Baden-Wuerttemberg,2015-02-17,0
3248,2016-06-26,2016-06-28,242,xl,white,20,59.9,31536,Mrs,1951-01-20,North Rhine-Westphalia,2016-06-27,1
3249,2016-06-26,2016-06-27,172,40,black,40,59.9,31537,Mrs,1964-08-10,North Rhine-Westphalia,2016-06-27,1
3250,2016-06-26,2016-06-27,242,l,black,20,59.9,31537,Mrs,1964-08-10,North Rhine-Westphalia,2016-06-27,1
3251,2016-06-26,,205,40,black,40,59.9,31537,Mrs,1964-08-10,North Rhine-Westphalia,2016-06-27,0
3252,2016-06-26,2016-06-27,709,40,red,17,59.9,3394,Mrs,1967-04-05,Baden-Wuerttemberg,2015-02-17,0
3253,2016-06-26,2016-06-27,593,40,black,70,89.9,3394,Mrs,1967-04-05,Baden-Wuerttemberg,2015-02-17,0
3254,2016-06-26,2016-06-27,224,40,stained,58,19.9,3394,Mrs,1967-04-05,Baden-Wuerttemberg,2015-02-17,0
3255,2016-06-26,2016-06-27,430,42,red,38,64.9,31538,Mrs,1966-12-10,Lower Saxony,2015-02-17,0
3256,2016-06-26,2016-06-27,273,l,white,20,59.9,31538,Mrs,1966-12-10,Lower Saxony,2015-02-17,0
3257,2016-06-26,,195,xl,grey,46,9.9,31538,Mrs,1966-12-10,Lower Saxony,2015-02-17,0
3258,2016-06-26,,166,42,anthracite,6,34.9,9366,Mrs,1951-12-30,Baden-Wuerttemberg,2015-05-13,0
3259,2016-06-26,,661,l,red,5,29.9,9366,Mrs,1951-12-30,Baden-Wuerttemberg,2015-05-13,0
3260,2016-06-26,,187,l,pink,14,19.9,9366,Mrs,1951-12-30,Baden-Wuerttemberg,2015-05-13,0
3261,2016-06-26,,25,m,ash,5,39.9,9366,Mrs,1951-12-30,Baden-Wuerttemberg,2015-05-13,0
3262,2016-06-26,,183,l,berry,5,39.9,9366,Mrs,1951-12-30,Baden-Wuerttemberg,2015-05-13,0
3263,2016-06-26,,166,42,blue,6,34.9,9366,Mrs,1951-12-30,Baden-Wuerttemberg,2015-05-13,0
3264,2016-06-26,,661,l,berry,5,29.9,9366,Mrs,1951-12-30,Baden-Wuerttemberg,2015-05-13,0
3265,2016-06-26,,187,l,blue,14,19.9,9366,Mrs,1951-12-30,Baden-Wuerttemberg,2015-05-13,0
3266,2016-06-26,,187,l,purple,14,19.9,9366,Mrs,1951-12-30,Baden-Wuerttemberg,2015-05-13,0
3267,2016-06-26,,493,42,anthracite,6,39.9,9366,Mrs,1951-12-30,Baden-Wuerttemberg,2015-05-13,0
3268,2016-06-26,,183,l,white,5,39.9,9366,Mrs,1951-12-30,Baden-Wuerttemberg,2015-05-13,0
3269,2016-06-26,2016-06-28,688,xxl,black,5,49.9,30539,Mrs,1969-11-04,Rhineland-Palatinate,2016-06-22,0
3270,2016-06-26,2016-06-28,396,10,black,21,99.95,30539,Mrs,1969-11-04,Rhineland-Palatinate,2016-06-22,1
3271,2016-06-26,2016-06-28,30,4,red,21,49.95,30539,Mrs,1969-11-04,Rhineland-Palatinate,2016-06-22,0
3272,2016-06-26,2016-06-28,496,37,red,48,44.95,30539,Mrs,1969-11-04,Rhineland-Palatinate,2016-06-22,1
3273,2016-06-26,2016-06-27,156,42,white,34,29.9,25893,Mrs,,Lower Saxony,2016-06-04,1
3274,2016-06-26,2016-06-27,258,m,red,3,14.9,25893,Mrs,,Lower Saxony,2016-06-04,1
3275,2016-06-26,2016-06-27,258,m,white,3,14.9,25893,Mrs,,Lower Saxony,2016-06-04,1
3276,2016-06-26,2016-06-27,233,l,beige,25,29.9,25893,Mrs,,Lower Saxony,2016-06-04,0
3277,2016-06-26,2016-06-27,233,l,red,25,29.9,25893,Mrs,,Lower Saxony,2016-06-04,0
3278,2016-06-26,,1116,39,red,104,27.45,25893,Mrs,,Lower Saxony,2016-06-04,0
3279,2016-06-26,,1116,39,blue,104,27.45,25893,Mrs,,Lower Saxony,2016-06-04,0
3280,2016-06-26,,1116,39,black,104,27.45,25893,Mrs,,Lower Saxony,2016-06-04,0
3281,2016-06-26,,1115,39,yellow,104,24.9,25893,Mrs,,Lower Saxony,2016-06-04,0
3282,2016-06-26,2016-07-18,860,xxl,ocher,42,49.9,10027,Mrs,1959-12-24,North Rhine-Westphalia,2015-02-17,0
3283,2016-06-26,2016-07-26,125,xxl,green,2,19.9,10027,Mrs,1959-12-24,North Rhine-Westphalia,2015-02-17,0
3284,2016-06-26,2016-06-27,202,8+,olive,57,47.4,31539,Mrs,1955-02-25,Lower Saxony,2015-02-17,1
3285,2016-06-26,2016-06-27,66,unsized,beige,32,9.9,31539,Mrs,1955-02-25,Lower Saxony,2015-02-17,0
3286,2016-06-26,2016-06-27,534,6,stained,21,39.9,20823,Mrs,1956-04-19,Lower Saxony,2015-02-17,1
3287,2016-06-26,2016-06-27,349,39,ecru,17,54.9,20823,Mrs,1956-04-19,Lower Saxony,2015-02-17,1
3288,2016-06-26,2016-06-27,87,s,red,5,39.9,20823,Mrs,1956-04-19,Lower Saxony,2015-02-17,0
3289,2016-06-26,,650,6,grey,4,69.9,31540,Mrs,1971-05-19,Rhineland-Palatinate,2015-02-17,0
3290,2016-06-26,2016-06-27,261,m,turquoise,42,49.9,16116,Mrs,,Mecklenburg-Western Pomerania,2016-05-04,1
3291,2016-06-26,2016-06-27,860,m,ocher,42,49.9,16116,Mrs,,Mecklenburg-Western Pomerania,2016-05-04,0
3292,2016-06-26,2016-07-03,156,21,red,34,29.9,31541,Mrs,1964-05-06,North Rhine-Westphalia,2015-10-24,0
3293,2016-06-26,2016-07-03,156,20,red,34,29.9,31541,Mrs,1964-05-06,North Rhine-Westphalia,2015-10-24,1
3294,2016-06-26,2016-07-03,108,l,blue,46,19.9,31541,Mrs,1964-05-06,North Rhine-Westphalia,2015-10-24,0
3295,2016-06-26,2016-07-03,138,m,blue,46,19.9,31541,Mrs,1964-05-06,North Rhine-Westphalia,2015-10-24,1
3296,2016-06-26,2016-07-03,328,m,white,37,19.9,31541,Mrs,1964-05-06,North Rhine-Westphalia,2015-10-24,0
3297,2016-06-26,2016-07-03,328,l,red,37,19.9,31541,Mrs,1964-05-06,North Rhine-Westphalia,2015-10-24,0
3298,2016-06-26,2016-07-03,346,m,white,5,69.9,31541,Mrs,1964-05-06,North Rhine-Westphalia,2015-10-24,0
3299,2016-06-26,2016-07-03,235,m,white,14,39.9,31541,Mrs,1964-05-06,North Rhine-Westphalia,2015-10-24,0
3300,2016-06-26,2016-07-03,51,m,white,5,69.9,31541,Mrs,1964-05-06,North Rhine-Westphalia,2015-10-24,1
3301,2016-06-26,2016-07-18,199,36,grey,4,34.95,31542,Mrs,1964-01-26,Bavaria,2016-06-27,0
3302,2016-06-26,2016-07-18,608,35,red,15,34.95,31542,Mrs,1964-01-26,Bavaria,2016-06-27,0
3303,2016-06-26,2016-07-20,608,35,red,15,32.95,31542,Mrs,1964-01-26,Bavaria,2016-06-27,0
3304,2016-06-26,2016-06-27,69,m,mocca,5,34.9,28710,Mrs,1961-10-22,Rhineland-Palatinate,2015-04-25,1
3305,2016-06-26,2016-06-27,69,m,berry,5,54.9,28710,Mrs,1961-10-22,Rhineland-Palatinate,2015-04-25,1
3306,2016-06-26,2016-06-27,69,m,mocca,5,34.9,28710,Mrs,1961-10-22,Rhineland-Palatinate,2015-04-25,1
3307,2016-06-26,2016-06-27,463,38,black,25,59.9,28710,Mrs,1961-10-22,Rhineland-Palatinate,2015-04-25,0
3308,2016-06-26,2016-06-27,463,38,beige,25,59.9,28710,Mrs,1961-10-22,Rhineland-Palatinate,2015-04-25,1
3309,2016-06-26,2016-06-27,187,m,pink,14,59.9,28710,Mrs,1961-10-22,Rhineland-Palatinate,2015-04-25,1
3310,2016-06-26,2016-06-27,15,38,red,1,129.9,28710,Mrs,1961-10-22,Rhineland-Palatinate,2015-04-25,1
3311,2016-06-26,2016-07-02,463,38,red,25,59.9,28710,Mrs,1961-10-22,Rhineland-Palatinate,2015-04-25,0
3312,2016-06-26,,262,38,red,12,99.9,28710,Mrs,1961-10-22,Rhineland-Palatinate,2015-04-25,0
3313,2016-06-26,2016-06-27,115,48,blue,25,69.9,31543,Mr,1968-03-30,Schleswig-Holstein,2016-01-15,1
3314,2016-06-26,2016-06-27,468,xl,denim,25,34.9,31543,Mr,1968-03-30,Schleswig-Holstein,2016-01-15,0
3315,2016-06-26,,45,xl,olive,5,79.9,30195,Mr,1941-10-12,Mecklenburg-Western Pomerania,2015-02-17,0
3316,2016-06-26,,45,xxl,olive,5,79.9,30195,Mr,1941-10-12,Mecklenburg-Western Pomerania,2015-02-17,0
3317,2016-06-26,2016-06-27,311,40,black,38,49.9,31545,Mrs,1973-02-27,Baden-Wuerttemberg,2016-06-27,0
3318,2016-06-26,2016-06-27,311,40,green,38,49.9,31545,Mrs,1973-02-27,Baden-Wuerttemberg,2016-06-27,0
3319,2016-06-26,2016-06-27,22,xl,white,14,19.9,29431,Mrs,1963-03-19,Bavaria,2016-06-18,0
3320,2016-06-26,2016-06-27,143,m,mocca,5,44.9,29431,Mrs,1963-03-19,Bavaria,2016-06-18,1
3321,2016-06-26,,22,xl,black,14,19.9,29431,Mrs,1963-03-19,Bavaria,2016-06-18,0
3322,2016-06-26,2016-06-27,707,43,champagner,1,59.9,12794,Mrs,1955-07-29,North Rhine-Westphalia,2016-04-25,1
3323,2016-06-26,2016-06-27,122,42,grey,1,39.9,12794,Mrs,1955-07-29,North Rhine-Westphalia,2016-04-25,0
3324,2016-06-26,2016-06-27,122,43,red,1,39.9,12794,Mrs,1955-07-29,North Rhine-Westphalia,2016-04-25,1
3325,2016-06-26,2016-06-27,415,43,grey,1,44.9,12794,Mrs,1955-07-29,North Rhine-Westphalia,2016-04-25,0
3326,2016-06-26,2016-06-27,259,43,ocher,1,59.9,12794,Mrs,1955-07-29,North Rhine-Westphalia,2016-04-25,0
3327,2016-06-26,,229,42,white,50,34.95,12794,Mrs,1955-07-29,North Rhine-Westphalia,2016-04-25,0
3328,2016-06-26,2016-06-27,32,s,blau,3,9.4,31547,Mrs,1972-09-02,Lower Saxony,2015-11-13,0
3329,2016-06-26,2016-06-27,32,s,red,3,9.4,31547,Mrs,1972-09-02,Lower Saxony,2015-11-13,0
3330,2016-06-26,2016-06-27,32,s,mint,3,9.4,31547,Mrs,1972-09-02,Lower Saxony,2015-11-13,0
3331,2016-06-26,2016-06-27,32,s,brown,3,9.4,31547,Mrs,1972-09-02,Lower Saxony,2015-11-13,0
3332,2016-06-26,2016-06-27,32,s,green,3,21.9,31547,Mrs,1972-09-02,Lower Saxony,2015-11-13,0
3333,2016-06-26,2016-07-18,32,s,orange,3,9.4,31547,Mrs,1972-09-02,Lower Saxony,2015-11-13,0
3334,2016-06-26,2016-06-27,6,36,blue,6,39.9,18147,Mrs,1952-12-02,North Rhine-Westphalia,2016-05-03,0
3335,2016-06-26,2016-06-27,25,s,denim,5,79.9,18147,Mrs,1952-12-02,North Rhine-Westphalia,2016-05-03,1
3336,2016-06-26,2016-06-27,80,40,blue,26,39.9,18147,Mrs,1952-12-02,North Rhine-Westphalia,2016-05-03,1
3337,2016-06-26,,25,m,blue,5,79.9,18147,Mrs,1952-12-02,North Rhine-Westphalia,2016-05-03,0
3338,2016-06-26,2016-06-28,603,38,grey,55,84.9,31548,Mrs,1954-09-15,Mecklenburg-Western Pomerania,2016-06-27,1
3339,2016-06-26,2016-06-28,603,39,grey,55,84.9,31548,Mrs,1954-09-15,Mecklenburg-Western Pomerania,2016-06-27,0
3340,2016-06-26,2016-06-27,2,l,green,2,19.9,6391,Mrs,,Hesse,2016-04-11,1
3341,2016-06-26,,33,l,green,5,34.9,6391,Mrs,,Hesse,2016-04-11,0
3342,2016-06-26,2016-07-18,608,39,white,15,32.95,31549,Mrs,1983-07-29,Bavaria,2016-06-27,0
3343,2016-06-26,2016-07-24,165,39,white,47,44.9,31549,Mrs,1983-07-29,Bavaria,2016-06-27,0
3344,2016-06-26,2016-06-27,640,unsized,stained,68,19.9,2257,Mrs,1976-08-10,North Rhine-Westphalia,2015-02-17,1
3345,2016-06-26,,2,m,red,2,19.9,2257,Mrs,1976-08-10,North Rhine-Westphalia,2015-02-17,0
3346,2016-06-26,,2,l,red,2,19.9,2257,Mrs,1976-08-10,North Rhine-Westphalia,2015-02-17,0
3347,2016-06-26,,183,xxl,orange,5,39.9,19989,Mrs,1974-12-15,Bavaria,2015-08-12,0
3348,2016-06-26,,51,xl,red,5,34.9,19989,Mrs,1974-12-15,Bavaria,2015-08-12,0
3349,2016-06-26,,51,xl,orange,5,34.9,19989,Mrs,1974-12-15,Bavaria,2015-08-12,0
3350,2016-06-26,,482,36,brown,51,29.9,19989,Mrs,1974-12-15,Bavaria,2015-08-12,0
3351,2016-06-26,,257,36,black,51,29.9,19989,Mrs,1974-12-15,Bavaria,2015-08-12,0
3352,2016-06-26,,661,xxl,orange,5,29.9,19989,Mrs,1974-12-15,Bavaria,2015-08-12,0
3353,2016-06-26,,661,xxl,azure,5,29.9,19989,Mrs,1974-12-15,Bavaria,2015-08-12,0
3354,2016-06-26,,183,xxl,berry,5,39.9,19989,Mrs,1974-12-15,Bavaria,2015-08-12,0
3355,2016-06-26,,5,xxl,green,5,34.9,19989,Mrs,1974-12-15,Bavaria,2015-08-12,0
3356,2016-06-26,,789,unsized,stained,77,24.9,19989,Mrs,1974-12-15,Bavaria,2015-08-12,0
3357,2016-06-26,2016-06-27,112,41,black,47,49.9,4022,Mrs,1956-09-14,North Rhine-Westphalia,2016-04-07,1
3358,2016-06-26,2016-07-20,290,41,black,15,37.95,4022,Mrs,1956-09-14,North Rhine-Westphalia,2016-04-07,0
3359,2016-06-26,2016-06-27,182,38,green,17,54.9,31551,Mrs,1949-10-17,North Rhine-Westphalia,2015-08-03,1
3360,2016-06-26,,219,39,purple,38,49.9,31551,Mrs,1949-10-17,North Rhine-Westphalia,2015-08-03,0
3361,2016-06-26,2016-06-28,623,l,petrol,5,39.9,1880,Mrs,1949-11-21,Bavaria,2015-06-07,0
3362,2016-06-26,2016-06-28,623,m,black,5,39.9,1880,Mrs,1949-11-21,Bavaria,2015-06-07,1
3363,2016-06-26,2016-06-28,388,l,black,3,49.9,1880,Mrs,1949-11-21,Bavaria,2015-06-07,1
3364,2016-06-26,2016-06-28,388,m,black,3,49.9,1880,Mrs,1949-11-21,Bavaria,2015-06-07,0
3365,2016-06-26,2016-06-28,48,l,blue,3,24.9,1880,Mrs,1949-11-21,Bavaria,2015-06-07,1
3366,2016-06-26,2016-06-28,48,m,blue,3,24.9,1880,Mrs,1949-11-21,Bavaria,2015-06-07,0
3367,2016-06-26,2016-06-28,87,m,black,5,79.9,1880,Mrs,1949-11-21,Bavaria,2015-06-07,1
3368,2016-06-26,,623,m,petrol,5,39.9,1880,Mrs,1949-11-21,Bavaria,2015-06-07,0
3369,2016-06-26,2016-06-27,116,l,olive,5,49.9,15029,Mrs,1957-09-07,Lower Saxony,2015-02-17,1
3370,2016-06-26,2016-07-20,305,41,mocca,15,42.95,15029,Mrs,1957-09-07,Lower Saxony,2015-02-17,1
3371,2016-06-26,2016-07-20,635,41,blue,15,42.95,15029,Mrs,1957-09-07,Lower Saxony,2015-02-17,0
3372,2016-06-26,2016-06-28,511,42,red,1,49.9,31552,Mrs,1959-09-20,North Rhine-Westphalia,2016-06-27,0
3373,2016-06-26,2016-06-28,122,42,green,1,39.9,31552,Mrs,1959-09-20,North Rhine-Westphalia,2016-06-27,0
3374,2016-06-26,2016-07-31,405,39,petrol,18,64.9,31540,Mrs,1971-05-19,Rhineland-Palatinate,2015-02-17,0
3375,2016-06-26,2016-07-31,260,39,brown,17,64.9,31540,Mrs,1971-05-19,Rhineland-Palatinate,2015-02-17,1
3376,2016-06-26,2016-06-27,455,38,grey,17,119.9,3139,Mrs,1963-08-18,Berlin,2015-11-05,0
3377,2016-06-26,2016-06-27,377,39,petrol,57,44.9,4492,Mrs,1945-03-14,Lower Saxony,2016-02-26,0
3378,2016-06-26,2016-06-28,413,xl,black,14,44.9,31553,Mrs,1967-02-07,Bavaria,2016-06-27,1
3379,2016-06-26,2016-06-28,328,xxl,black,37,19.9,31553,Mrs,1967-02-07,Bavaria,2016-06-27,1
3380,2016-06-26,2016-06-28,255,xl,black,37,17.4,31553,Mrs,1967-02-07,Bavaria,2016-06-27,1
3381,2016-06-26,,65,38,mango,17,39.9,31554,Family,1953-11-03,Bavaria,2016-06-27,0
3382,2016-06-26,2016-06-27,465,l,denim,49,29.9,12624,Mrs,1973-09-06,Baden-Wuerttemberg,2015-04-18,0
3383,2016-06-26,2016-06-27,242,l,white,20,59.9,12624,Mrs,1973-09-06,Baden-Wuerttemberg,2015-04-18,1
3384,2016-06-26,2016-06-27,96,l,blau,3,9.9,12624,Mrs,1973-09-06,Baden-Wuerttemberg,2015-04-18,0
3385,2016-06-26,2016-06-27,166,40,white,6,34.9,12624,Mrs,1973-09-06,Baden-Wuerttemberg,2015-04-18,0
3386,2016-06-26,,623,m,petrol,5,39.9,12624,Mrs,1973-09-06,Baden-Wuerttemberg,2015-04-18,0
3387,2016-06-26,2016-07-19,116,m,olive,5,49.9,31555,Mrs,,Mecklenburg-Western Pomerania,2016-06-27,0
3388,2016-06-26,,11,unsized,petrol,10,17.4,20512,Mrs,1960-10-03,Baden-Wuerttemberg,2015-02-17,0
3389,2016-06-26,2016-06-27,474,40,grey,44,72.5,31556,Mrs,1949-01-06,Saxony,2016-01-08,0
3390,2016-06-26,2016-06-27,750,40,blue,55,87.9,31556,Mrs,1949-01-06,Saxony,2016-01-08,0
3391,2016-06-26,2016-06-27,119,40,green,43,44.9,31556,Mrs,1949-01-06,Saxony,2016-01-08,0
3392,2016-06-26,,495,42,navy,30,59.9,29720,Mrs,1967-01-09,Bavaria,2015-02-17,0
3393,2016-06-26,2016-06-27,70,42,red,34,19.9,9035,Mrs,1968-04-29,North Rhine-Westphalia,2015-02-17,1
3394,2016-06-26,2016-06-27,70,42,grey,34,19.9,9035,Mrs,1968-04-29,North Rhine-Westphalia,2015-02-17,1
3395,2016-06-26,2016-06-27,70,48,grey,34,19.9,9035,Mrs,1968-04-29,North Rhine-Westphalia,2015-02-17,0
3396,2016-06-26,2016-06-27,70,42,white,34,19.9,9035,Mrs,1968-04-29,North Rhine-Westphalia,2015-02-17,1
3397,2016-06-26,2016-06-27,182,39,aqua,17,54.9,9035,Mrs,1968-04-29,North Rhine-Westphalia,2015-02-17,0
3398,2016-06-26,2016-06-27,147,39,blue,1,49.9,9035,Mrs,1968-04-29,North Rhine-Westphalia,2015-02-17,1
3399,2016-06-26,2016-07-04,479,40,red,17,64.9,9035,Mrs,1968-04-29,North Rhine-Westphalia,2015-02-17,1
3400,2016-06-26,,182,40,aqua,17,54.9,9035,Mrs,1968-04-29,North Rhine-Westphalia,2015-02-17,0
3401,2016-06-26,2016-06-27,212,l,petrol,5,39.9,7103,Mrs,1960-07-02,Lower Saxony,2015-02-17,0
3402,2016-06-26,2016-06-27,955,7,black,21,49.95,16008,Mrs,1965-05-30,Lower Saxony,2016-05-04,0
3403,2016-06-26,,137,40,mango,38,54.9,31557,Mrs,1977-06-30,Rhineland-Palatinate,2016-06-27,0
3404,2016-06-26,2016-06-27,32,l,white,3,21.9,290,Mrs,1954-09-27,Rhineland-Palatinate,2016-03-07,0
3405,2016-06-26,2016-06-27,32,l,blau,3,9.4,290,Mrs,1954-09-27,Rhineland-Palatinate,2016-03-07,0
3406,2016-06-26,2016-06-27,32,l,grey,3,21.9,290,Mrs,1954-09-27,Rhineland-Palatinate,2016-03-07,0
3407,2016-06-26,2016-06-28,285,42,grey,1,39.9,31559,Mrs,,Baden-Wuerttemberg,2016-06-27,1
3408,2016-06-26,2016-06-28,285,41,grey,1,39.9,31559,Mrs,,Baden-Wuerttemberg,2016-06-27,0
3409,2016-06-26,2016-06-27,1,40,black,1,119.9,31560,Mrs,1969-06-03,North Rhine-Westphalia,2016-02-29,0
3410,2016-06-26,2016-06-27,86,xl,denim,5,39.9,31560,Mrs,1969-06-03,North Rhine-Westphalia,2016-02-29,1
3411,2016-06-26,2016-06-28,434,xl,orange,28,49.9,25547,Mrs,1962-03-15,Lower Saxony,2016-06-03,0
3412,2016-06-26,2016-06-28,370,xl,ocher,31,44.9,25547,Mrs,1962-03-15,Lower Saxony,2016-06-03,0
3413,2016-06-26,2016-06-28,238,xl,petrol,20,44.9,25547,Mrs,1962-03-15,Lower Saxony,2016-06-03,0
3414,2016-06-26,2016-06-28,242,xl,black,20,59.9,25547,Mrs,1962-03-15,Lower Saxony,2016-06-03,1
3415,2016-06-26,,195,xl,grey,46,9.9,25547,Mrs,1962-03-15,Lower Saxony,2016-06-03,0
3416,2016-06-26,2016-06-27,53,42,grey,30,16.4,20509,Mrs,,Bavaria,2016-05-18,0
3417,2016-06-26,2016-06-27,268,l,pink,2,24.9,20509,Mrs,,Bavaria,2016-05-18,0
3418,2016-06-26,2016-06-27,495,40,navy,30,59.9,20509,Mrs,,Bavaria,2016-05-18,0
3419,2016-06-26,2016-06-27,135,xxl,khaki,33,12.4,31561,Mrs,1970-03-02,Baden-Wuerttemberg,2015-04-13,0
3420,2016-06-26,2016-06-27,826,xxl,bordeaux,2,39.9,31561,Mrs,1970-03-02,Baden-Wuerttemberg,2015-04-13,1
3421,2016-06-26,2016-06-27,659,xxl,grey,74,19.9,31561,Mrs,1970-03-02,Baden-Wuerttemberg,2015-04-13,0
3422,2016-06-26,2016-06-27,100,41,blue,43,59.9,31562,Mrs,1968-09-26,Bavaria,2015-08-27,1
3423,2016-06-26,2016-06-27,9,6+,black,4,59.95,20609,Mr,1969-09-23,Hesse,2016-02-10,1
3424,2016-06-26,2016-06-27,9,6+,black,4,59.95,20609,Mr,1969-09-23,Hesse,2016-02-10,1
3425,2016-06-26,2016-06-27,9,6+,black,4,59.95,20609,Mr,1969-09-23,Hesse,2016-02-10,1
3426,2016-06-26,2016-06-27,9,6+,black,4,59.95,20609,Mr,1969-09-23,Hesse,2016-02-10,0
3438,2016-06-26,,119,39,green,43,44.9,31564,Mrs,1991-10-17,Bavaria,2016-06-27,0
3439,2016-06-26,,119,38,green,43,44.9,31564,Mrs,1991-10-17,Bavaria,2016-06-27,0
3440,2016-06-26,,119,38,mocca,43,44.9,31564,Mrs,1991-10-17,Bavaria,2016-06-27,0
3441,2016-06-26,,119,39,mocca,43,44.9,31564,Mrs,1991-10-17,Bavaria,2016-06-27,0
3442,2016-06-26,2016-06-27,229,40,white,50,34.95,953,Mrs,1956-04-03,North Rhine-Westphalia,2015-05-22,1
3443,2016-06-26,2016-06-27,229,41,brown,50,34.95,953,Mrs,1956-04-03,North Rhine-Westphalia,2015-05-22,1
3444,2016-06-26,2016-06-27,116,xxl,white,5,49.9,953,Mrs,1956-04-03,North Rhine-Westphalia,2015-05-22,1
3445,2016-06-26,,219,39,brown,38,49.9,31403,Mr,1973-01-12,North Rhine-Westphalia,2016-06-26,0
3446,2016-06-26,2016-06-27,52,40,white,18,64.9,20079,Mrs,1970-07-19,Bavaria,2015-08-11,0
3447,2016-06-26,2016-06-27,496,38,currant purple,48,22.45,20079,Mrs,1970-07-19,Bavaria,2015-08-11,0
3448,2016-06-26,2016-06-27,775,38,red,51,34.9,20079,Mrs,1970-07-19,Bavaria,2015-08-11,1
3449,2016-06-26,2016-06-27,569,10,black,19,49.9,20079,Mrs,1970-07-19,Bavaria,2015-08-11,1
3450,2016-06-26,,107,40,ecru,12,44.9,20079,Mrs,1970-07-19,Bavaria,2015-08-11,0
3451,2016-06-26,2016-06-27,172,39,grey,40,59.9,31565,Mrs,1962-08-07,Hesse,2015-02-17,0
3452,2016-06-26,2016-06-27,786,39,brown,55,87.9,31565,Mrs,1962-08-07,Hesse,2015-02-17,1
3453,2016-06-26,2016-06-27,224,40,nature,58,19.9,31565,Mrs,1962-08-07,Hesse,2015-02-17,1
3454,2016-06-26,2016-06-27,183,l,denim,5,79.9,12373,Mrs,1958-06-07,Lower Saxony,2015-02-26,1
3455,2016-06-26,,292,8+,red,4,64.9,7729,Mrs,1967-07-08,Lower Saxony,2016-02-27,0
3456,2016-06-26,,4,8+,purple,4,64.9,7729,Mrs,1967-07-08,Lower Saxony,2016-02-27,0
3457,2016-06-26,,4,9,purple,4,64.9,7729,Mrs,1967-07-08,Lower Saxony,2016-02-27,0
3458,2016-06-26,2016-08-01,169,44,brown,18,139.9,28891,Mrs,1965-12-11,Lower Saxony,2015-08-29,1
3459,2016-06-26,2016-06-27,158,37,brown,54,59.9,19364,Mrs,1956-04-12,Hesse,2015-11-15,1
3460,2016-06-26,2016-06-27,204,s,ocher,5,29.9,19364,Mrs,1956-04-12,Hesse,2015-11-15,0
3461,2016-06-26,,158,38,nature,54,29.9,19364,Mrs,1956-04-12,Hesse,2015-11-15,0
3462,2016-06-26,,158,37,nature,54,29.9,19364,Mrs,1956-04-12,Hesse,2015-11-15,0
3463,2016-06-26,2016-06-27,345,m,grey,37,11.9,25289,Mr,1953-11-21,North Rhine-Westphalia,2016-06-02,0
3464,2016-06-26,2016-06-27,345,m,blue,37,26.9,25289,Mr,1953-11-21,North Rhine-Westphalia,2016-06-02,0
3465,2016-06-26,2016-06-27,345,m,red,37,26.9,25289,Mr,1953-11-21,North Rhine-Westphalia,2016-06-02,0
3466,2016-06-26,2016-06-27,345,m,grey,37,11.9,25289,Mr,1953-11-21,North Rhine-Westphalia,2016-06-02,0
3467,2016-06-26,2016-06-27,345,m,grey,37,11.9,25289,Mr,1953-11-21,North Rhine-Westphalia,2016-06-02,0
3468,2016-06-26,2016-06-28,129,40,blue,50,34.95,31566,Mrs,1971-03-15,North Rhine-Westphalia,2016-06-27,0
3469,2016-06-26,2016-06-28,441,40,brown,53,29.9,31566,Mrs,1971-03-15,North Rhine-Westphalia,2016-06-27,0
3470,2016-06-26,2016-06-27,32,l,white,3,24.9,27279,Mrs,1958-05-16,Lower Saxony,2016-06-08,1
3471,2016-06-26,2016-06-28,706,8,black,19,49.9,31568,Mr,1952-08-24,Schleswig-Holstein,2016-06-27,1
3472,2016-06-26,2016-06-28,706,8+,black,19,49.9,31568,Mr,1952-08-24,Schleswig-Holstein,2016-06-27,1
3473,2016-06-26,2016-06-28,687,8+,brown,12,49.9,31568,Mr,1952-08-24,Schleswig-Holstein,2016-06-27,1
3474,2016-06-26,2016-06-28,26,36,green,18,64.9,31568,Mr,1952-08-24,Schleswig-Holstein,2016-06-27,1
3475,2016-06-26,2016-06-27,87,m,mocca,5,39.9,15228,Mrs,1961-08-12,Mecklenburg-Western Pomerania,2016-06-18,0
3476,2016-06-26,2016-06-27,71,10+,curry,21,69.95,29641,Mrs,1965-10-11,Lower Saxony,2016-06-18,0
3477,2016-06-26,,6,50,black,6,79.9,29641,Mrs,1965-10-11,Lower Saxony,2016-06-18,0
3478,2016-06-26,2016-07-05,6,50,olive,6,39.9,31569,Mrs,,Thuringia,2016-06-27,1
3479,2016-06-26,,6,50,black,6,39.9,31569,Mrs,,Thuringia,2016-06-27,0
3480,2016-06-26,,96,xxl,blau,3,6.9,31569,Mrs,,Thuringia,2016-06-27,0
3481,2016-06-26,1994-12-31,1115,39,yellow,104,24.9,31570,Mrs,1992-04-06,Hamburg,2016-06-27,0
3482,2016-06-26,1994-12-31,214,xxl,ash,49,44.9,31570,Mrs,1992-04-06,Hamburg,2016-06-27,0
3483,2016-06-26,2016-06-27,32,xl,white,3,24.9,28280,Mrs,1961-10-04,Lower Saxony,2015-02-17,0
3484,2016-06-26,2016-06-27,187,xl,red,14,59.9,28280,Mrs,1961-10-04,Lower Saxony,2015-02-17,1
3485,2016-06-26,,116,m,white,5,49.9,15228,Mrs,1961-08-12,Mecklenburg-Western Pomerania,2016-06-18,0
3486,2016-06-26,2016-06-27,661,m,denim,5,29.9,16713,Mrs,1966-11-25,Baden-Wuerttemberg,2015-02-17,0
3487,2016-06-26,2016-06-27,144,m,white,14,24.9,16713,Mrs,1966-11-25,Baden-Wuerttemberg,2015-02-17,0
3488,2016-06-26,,26,40,green,18,64.9,31571,Mrs,1959-04-02,Bremen,2016-06-27,0
3489,2016-06-26,,80,40,grey,26,39.9,31571,Mrs,1959-04-02,Bremen,2016-06-27,0
3490,2016-06-26,2016-06-28,26,39,green,18,64.9,29893,Mrs,,North Rhine-Westphalia,2016-06-20,1
3491,2016-06-26,2016-06-28,26,40,green,18,64.9,29893,Mrs,,North Rhine-Westphalia,2016-06-20,1
3492,2016-06-26,2016-06-27,296,6,black,19,39.9,3429,Mrs,1955-12-22,Hesse,2015-02-17,0
3493,2016-06-26,2016-06-27,137,40,purple,38,54.9,3429,Mrs,1955-12-22,Hesse,2015-02-17,0
3494,2016-06-26,2016-06-27,258,xxl,red,3,14.9,3429,Mrs,1955-12-22,Hesse,2015-02-17,0
3495,2016-06-26,2016-06-27,258,xxl,blue,3,14.9,3429,Mrs,1955-12-22,Hesse,2015-02-17,0
3496,2016-06-26,2016-06-27,423,xl,blue,33,12.4,3429,Mrs,1955-12-22,Hesse,2015-02-17,0
3497,2016-06-26,2016-07-06,124,xl,blue,46,14.9,3429,Mrs,1955-12-22,Hesse,2015-02-17,0
3498,2016-06-26,2016-06-27,245,37,black,1,59.9,31572,Mrs,,Rhineland-Palatinate,2016-01-26,0
3499,2016-06-26,2016-06-27,24,38,red,17,119.9,24508,Mrs,1979-03-10,Lower Saxony,2016-05-31,0
3500,2016-06-26,2016-06-27,247,37,grey,40,49.9,31573,Mrs,1966-05-15,Bavaria,2015-02-17,0
3501,2016-06-26,2016-07-04,129,37,black,50,34.95,31573,Mrs,1966-05-15,Bavaria,2015-02-17,1
3502,2016-06-26,2016-06-27,202,4,blue,57,47.4,2078,Mrs,,North Rhine-Westphalia,2016-03-15,0
3503,2016-06-26,2016-06-27,202,4,ocher,57,47.4,2078,Mrs,,North Rhine-Westphalia,2016-03-15,0
3504,2016-06-26,2016-06-27,315,37,blue,45,64.9,2078,Mrs,,North Rhine-Westphalia,2016-03-15,0
3505,2016-06-26,2016-06-27,113,37,blue,1,49.9,2078,Mrs,,North Rhine-Westphalia,2016-03-15,0
3506,2016-06-26,2016-06-27,896,s,blue,33,12.4,2078,Mrs,,North Rhine-Westphalia,2016-03-15,0
3507,2016-06-26,2016-06-27,224,38,stained,58,19.9,2078,Mrs,,North Rhine-Westphalia,2016-03-15,1
3508,2016-06-26,2016-06-28,1307,39,black,70,259.9,31575,Mr,1964-08-16,North Rhine-Westphalia,2016-06-27,1
3509,2016-06-26,2016-06-28,709,43,blue,17,119.9,29448,Mrs,1941-12-26,Bavaria,2015-02-17,1
3510,2016-06-26,2016-06-28,182,43,blue,17,109.9,29448,Mrs,1941-12-26,Bavaria,2015-02-17,0
3511,2016-06-26,2016-06-28,349,43,black,17,54.9,29448,Mrs,1941-12-26,Bavaria,2015-02-17,0
3512,2016-06-26,2016-06-28,208,50,blue,25,59.9,29448,Mrs,1941-12-26,Bavaria,2015-02-17,1
3513,2016-06-26,2016-06-28,234,xxl,petrol,36,49.9,31576,Mrs,1965-12-06,Baden-Wuerttemberg,2016-06-27,0
3514,2016-06-26,2016-06-28,1,40+,ocher,1,59.9,31576,Mrs,1965-12-06,Baden-Wuerttemberg,2016-06-27,1
3515,2016-06-26,2016-06-28,110,41,grey,1,44.9,31576,Mrs,1965-12-06,Baden-Wuerttemberg,2016-06-27,1
3516,2016-06-26,2016-07-02,601,xxl,grey,56,59.9,31576,Mrs,1965-12-06,Baden-Wuerttemberg,2016-06-27,0
3517,2016-06-26,,367,37,blue,18,129.9,4486,Mrs,1967-07-27,North Rhine-Westphalia,2015-09-08,0
3518,2016-06-26,2016-07-26,258,s,black,3,19.9,29070,Mrs,1970-11-14,North Rhine-Westphalia,2016-06-06,1
3519,2016-06-26,2016-07-26,337,116,pink,30,9.9,29070,Mrs,1970-11-14,North Rhine-Westphalia,2016-06-06,0
3520,2016-06-26,2016-06-27,219,39,brown,38,49.9,21728,Mrs,1961-07-08,Hesse,2015-02-17,1
3521,2016-06-26,2016-06-27,377,39,grey,57,44.9,21728,Mrs,1961-07-08,Hesse,2015-02-17,1
3522,2016-06-26,2016-06-27,531,39,black,1,49.9,21728,Mrs,1961-07-08,Hesse,2015-02-17,0
3523,2016-06-26,2016-07-05,349,39,ecru,17,54.9,21728,Mrs,1961-07-08,Hesse,2015-02-17,1
3524,2016-06-26,2016-07-18,168,39,black,1,44.9,21728,Mrs,1961-07-08,Hesse,2015-02-17,1
3525,2016-06-26,2016-06-27,22,l,blue,14,19.9,9366,Mrs,1951-12-30,Baden-Wuerttemberg,2015-05-13,1
3526,2016-06-26,2016-06-27,33,l,berry,5,24.9,9366,Mrs,1951-12-30,Baden-Wuerttemberg,2015-05-13,1
3527,2016-06-26,2016-06-27,271,m,denim,5,29.9,9366,Mrs,1951-12-30,Baden-Wuerttemberg,2015-05-13,0
3528,2016-06-26,2016-06-27,214,l,ash,49,44.9,9366,Mrs,1951-12-30,Baden-Wuerttemberg,2015-05-13,1
3529,2016-06-26,2016-06-27,166,42,anthracite,6,34.9,9366,Mrs,1951-12-30,Baden-Wuerttemberg,2015-05-13,0
3530,2016-06-26,2016-06-27,661,l,red,5,29.9,9366,Mrs,1951-12-30,Baden-Wuerttemberg,2015-05-13,1
3531,2016-06-26,2016-06-27,187,l,pink,14,19.9,9366,Mrs,1951-12-30,Baden-Wuerttemberg,2015-05-13,1
3532,2016-06-26,2016-06-27,25,m,ash,5,39.9,9366,Mrs,1951-12-30,Baden-Wuerttemberg,2015-05-13,1
3533,2016-06-26,2016-06-27,183,l,berry,5,39.9,9366,Mrs,1951-12-30,Baden-Wuerttemberg,2015-05-13,1
3534,2016-06-26,2016-07-06,271,l,white,5,29.9,9366,Mrs,1951-12-30,Baden-Wuerttemberg,2015-05-13,1
3535,2016-06-26,,33,m,blue,5,59.9,9366,Mrs,1951-12-30,Baden-Wuerttemberg,2015-05-13,0
3536,2016-06-26,,465,m,grey,49,29.9,9366,Mrs,1951-12-30,Baden-Wuerttemberg,2015-05-13,0
3537,2016-06-26,2016-06-27,366,41,black,4,39.95,8211,Mrs,1960-03-24,Rhineland-Palatinate,2016-04-14,1
3538,2016-06-26,2016-06-28,205,37,petrol,40,59.9,2945,Mrs,1954-06-07,Hesse,2016-06-19,0
3539,2016-06-26,2016-06-28,64,37,olive,18,59.9,2945,Mrs,1954-06-07,Hesse,2016-06-19,0
3540,2016-06-26,2016-07-02,205,38,petrol,40,59.9,2945,Mrs,1954-06-07,Hesse,2016-06-19,1
3541,2016-06-26,,84,xl,azure,5,24.9,31583,Mrs,1960-12-21,Bavaria,2016-06-27,0
3542,2016-06-26,,84,l,azure,5,24.9,31583,Mrs,1960-12-21,Bavaria,2016-06-27,0
3543,2016-06-26,2016-06-27,22,l,green,14,19.9,20671,Mrs,1967-09-01,Baden-Wuerttemberg,2015-02-17,1
3544,2016-06-26,2016-06-27,22,l,black,14,19.9,20671,Mrs,1967-09-01,Baden-Wuerttemberg,2015-02-17,1
3545,2016-06-26,2016-06-27,204,s,black,5,59.9,20671,Mrs,1967-09-01,Baden-Wuerttemberg,2015-02-17,1
3546,2016-06-26,2016-06-27,293,s,berry,5,44.9,20671,Mrs,1967-09-01,Baden-Wuerttemberg,2015-02-17,0
3547,2016-06-26,2016-07-03,1116,39,black,104,27.45,20671,Mrs,1967-09-01,Baden-Wuerttemberg,2015-02-17,1
3548,2016-06-26,,84,l,azure,5,24.9,20671,Mrs,1967-09-01,Baden-Wuerttemberg,2015-02-17,0
3549,2016-06-26,,84,s,pink,5,24.9,20671,Mrs,1967-09-01,Baden-Wuerttemberg,2015-02-17,0
3550,2016-06-26,2016-06-27,57,m,ash,3,14.9,7754,Mrs,1972-02-15,Mecklenburg-Western Pomerania,2015-02-17,1
3551,2016-06-26,2016-06-27,57,l,ash,3,14.9,7754,Mrs,1972-02-15,Mecklenburg-Western Pomerania,2015-02-17,1
3552,2016-06-26,2016-06-27,32,m,blau,3,9.4,7754,Mrs,1972-02-15,Mecklenburg-Western Pomerania,2015-02-17,1
3553,2016-06-26,2016-06-27,146,m,brown,3,12.4,7754,Mrs,1972-02-15,Mecklenburg-Western Pomerania,2015-02-17,1
3554,2016-06-26,2016-06-27,82,m,brown,5,34.9,7754,Mrs,1972-02-15,Mecklenburg-Western Pomerania,2015-02-17,1
3555,2016-06-26,2016-06-27,32,m,orange,3,9.4,7754,Mrs,1972-02-15,Mecklenburg-Western Pomerania,2015-02-17,1
3556,2016-06-26,,28,l,petrol,20,19.9,7754,Mrs,1972-02-15,Mecklenburg-Western Pomerania,2015-02-17,0
3557,2016-06-26,,32,l,blau,3,9.4,7754,Mrs,1972-02-15,Mecklenburg-Western Pomerania,2015-02-17,0
3558,2016-06-26,2016-06-27,479,38,black,17,64.9,23884,Mrs,1963-03-12,Baden-Wuerttemberg,2016-05-29,0
3559,2016-06-26,2016-06-27,80,39,orange,26,39.9,23884,Mrs,1963-03-12,Baden-Wuerttemberg,2016-05-29,1
3560,2016-06-26,2016-06-27,26,38,petrol,18,64.9,23884,Mrs,1963-03-12,Baden-Wuerttemberg,2016-05-29,0
3561,2016-06-26,2016-07-18,26,39,green,18,64.9,23884,Mrs,1963-03-12,Baden-Wuerttemberg,2016-05-29,1
3562,2016-06-26,,80,38,black,26,39.9,23884,Mrs,1963-03-12,Baden-Wuerttemberg,2016-05-29,0
3563,2016-06-26,2016-06-27,875,xl,olive,9,74.9,14707,Mrs,1964-08-28,Lower Saxony,2015-02-17,1
3564,2016-06-26,2016-06-27,407,xl,olive,74,34.9,14707,Mrs,1964-08-28,Lower Saxony,2015-02-17,1
3565,2016-06-26,2016-06-27,804,48,grey,9,44.9,14707,Mrs,1964-08-28,Lower Saxony,2015-02-17,0
3566,2016-06-26,2016-06-27,211,42,magenta,1,44.9,14707,Mrs,1964-08-28,Lower Saxony,2015-02-17,0
3567,2016-06-26,2016-06-27,199,42,magenta,4,34.95,14707,Mrs,1964-08-28,Lower Saxony,2015-02-17,1
3568,2016-06-26,2016-06-27,1,42,magenta,1,59.9,14707,Mrs,1964-08-28,Lower Saxony,2015-02-17,1
3569,2016-06-26,2016-07-18,628,xl,ash,5,39.9,14707,Mrs,1964-08-28,Lower Saxony,2015-02-17,1
3570,2016-06-26,2016-06-27,479,39,black,17,64.9,31587,Mrs,1973-04-11,North Rhine-Westphalia,2015-02-17,1
3571,2016-06-26,2016-06-27,557,38,blue,1,64.9,31587,Mrs,1973-04-11,North Rhine-Westphalia,2015-02-17,1
3572,2016-06-26,2016-06-27,137,39,blue,38,54.9,31587,Mrs,1973-04-11,North Rhine-Westphalia,2015-02-17,1
3573,2016-06-26,2016-06-27,259,41,ocher,1,59.9,31588,Mrs,1955-01-30,Hesse,2015-02-17,0
3574,2016-06-26,2016-06-27,707,41,black,1,59.9,31588,Mrs,1955-01-30,Hesse,2015-02-17,1
3575,2016-06-26,2016-06-27,15,38,ocher,1,64.9,229,Mrs,1969-05-26,Rhineland-Palatinate,2016-03-27,1
3576,2016-06-26,2016-06-27,786,37,black,55,87.9,229,Mrs,1969-05-26,Rhineland-Palatinate,2016-03-27,0
3577,2016-06-26,2016-06-27,158,41,purple,54,29.9,31589,Mrs,1961-02-18,North Rhine-Westphalia,2015-02-17,0
3578,2016-06-26,2016-06-27,125,m,blue,2,19.9,31589,Mrs,1961-02-18,North Rhine-Westphalia,2015-02-17,1
3579,2016-06-26,2016-06-27,43,41,grey,1,64.9,31590,Mrs,1955-03-12,Schleswig-Holstein,2015-09-26,0
3580,2016-06-26,2016-06-27,109,41,anthracite,1,59.9,31590,Mrs,1955-03-12,Schleswig-Holstein,2015-09-26,0
3581,2016-06-26,2016-06-27,650,7+,blue,4,69.9,31590,Mrs,1955-03-12,Schleswig-Holstein,2015-09-26,0
3582,2016-06-26,2016-06-28,74,40,black,24,34.9,31591,Mrs,1970-09-26,Baden-Wuerttemberg,2016-06-27,1
3583,2016-06-26,2016-06-28,74,41,black,24,34.9,31591,Mrs,1970-09-26,Baden-Wuerttemberg,2016-06-27,1
3584,2016-06-26,2016-06-28,687,10+,brown,12,49.9,31591,Mrs,1970-09-26,Baden-Wuerttemberg,2016-06-27,0
3585,2016-06-26,2016-06-28,687,11,brown,12,49.9,31591,Mrs,1970-09-26,Baden-Wuerttemberg,2016-06-27,1
3586,2016-06-26,2016-06-28,9,9,blue,4,59.95,31592,Mrs,1967-07-28,North Rhine-Westphalia,2016-06-27,1
3587,2016-06-26,2016-06-28,4,9,purple,4,64.9,31592,Mrs,1967-07-28,North Rhine-Westphalia,2016-06-27,0
3588,2016-06-26,2016-06-28,147,43,blue,1,49.9,31592,Mrs,1967-07-28,North Rhine-Westphalia,2016-06-27,0
3589,2016-06-26,2016-06-28,259,43,blue,1,59.9,31592,Mrs,1967-07-28,North Rhine-Westphalia,2016-06-27,0
3590,2016-06-26,2016-06-28,122,43,blue,1,39.9,31592,Mrs,1967-07-28,North Rhine-Westphalia,2016-06-27,1
3591,2016-06-26,2016-06-27,214,xxl,denim,49,44.9,19989,Mrs,1974-12-15,Bavaria,2015-08-12,1
3592,2016-06-26,2016-06-27,214,xxl,ash,49,44.9,19989,Mrs,1974-12-15,Bavaria,2015-08-12,1
3593,2016-06-26,2016-06-27,183,xxl,orange,5,39.9,19989,Mrs,1974-12-15,Bavaria,2015-08-12,1
3594,2016-06-26,2016-06-27,51,xl,red,5,34.9,19989,Mrs,1974-12-15,Bavaria,2015-08-12,0
3595,2016-06-26,2016-06-27,51,xl,orange,5,34.9,19989,Mrs,1974-12-15,Bavaria,2015-08-12,0
3596,2016-06-26,2016-06-27,482,36,brown,51,29.9,19989,Mrs,1974-12-15,Bavaria,2015-08-12,0
3597,2016-06-26,2016-06-27,257,36,black,51,29.9,19989,Mrs,1974-12-15,Bavaria,2015-08-12,0
3598,2016-06-26,2016-07-02,135,xxl,beige,33,12.4,20615,Mrs,1969-11-21,Schleswig-Holstein,2015-02-17,0
3599,2016-06-26,2016-07-02,62,unsized,white,5,0.0,20615,Mrs,1969-11-21,Schleswig-Holstein,2015-02-17,0
3600,2016-06-26,2016-06-27,51,l,red,5,34.9,20552,Mrs,1974-07-23,North Rhine-Westphalia,2015-02-17,1
3601,2016-06-26,2016-06-27,264,40,denim,6,39.9,20552,Mrs,1974-07-23,North Rhine-Westphalia,2015-02-17,1
3602,2016-06-26,2016-06-27,70,40,grey,34,19.9,20552,Mrs,1974-07-23,North Rhine-Westphalia,2015-02-17,1
3603,2016-06-26,2016-06-27,269,m,red,42,49.9,20552,Mrs,1974-07-23,North Rhine-Westphalia,2015-02-17,0
3604,2016-06-26,2016-06-27,246,39,yellow,40,59.9,20552,Mrs,1974-07-23,North Rhine-Westphalia,2015-02-17,1
3605,2016-06-26,2016-06-27,683,unsized,curry,46,7.4,20552,Mrs,1974-07-23,North Rhine-Westphalia,2015-02-17,1
3606,2016-06-26,,378,m,green,5,29.9,20552,Mrs,1974-07-23,North Rhine-Westphalia,2015-02-17,0
3607,2016-06-26,2016-06-27,273,xl,white,20,59.9,8734,Mrs,1956-10-11,North Rhine-Westphalia,2015-02-17,1
3608,2016-06-26,2016-06-27,17,48,blue,11,34.9,8734,Mrs,1956-10-11,North Rhine-Westphalia,2015-02-17,0
3609,2016-06-26,2016-06-27,238,xl,petrol,20,44.9,8734,Mrs,1956-10-11,North Rhine-Westphalia,2015-02-17,1
3610,2016-06-26,2016-07-02,69,xl,white,5,59.9,1183,Mrs,1959-01-04,Saarland,2015-02-17,0
3611,2016-06-26,2016-06-27,168,36,grey,1,44.9,31594,Mrs,1960-01-20,Bavaria,2015-04-14,0
3612,2016-06-26,2016-06-27,259,36,blue,1,59.9,31594,Mrs,1960-01-20,Bavaria,2015-04-14,1
3613,2016-06-26,2016-06-27,70,38,grey,34,19.9,31594,Mrs,1960-01-20,Bavaria,2015-04-14,0
3614,2016-06-26,2016-06-27,191,xl,purple,3,23.03,2649,Mrs,1979-02-07,Baden-Wuerttemberg,2015-06-14,0
3615,2016-06-26,2016-06-27,37,36,brown,1,73.91,2649,Mrs,1979-02-07,Baden-Wuerttemberg,2015-06-14,1
3616,2016-06-26,2016-06-27,72,39,black,1,59.9,31595,Mrs,1959-05-16,North Rhine-Westphalia,2015-02-17,1
3617,2016-06-26,,74,36,black,24,34.9,5328,Mrs,1962-08-23,Baden-Wuerttemberg,2016-06-14,0
3618,2016-06-26,2016-06-27,30,9,brown,21,24.9,12107,Mrs,1977-07-21,Rhineland-Palatinate,2015-02-17,0
3619,2016-06-26,2016-06-27,30,10,brown,21,24.9,12107,Mrs,1977-07-21,Rhineland-Palatinate,2015-02-17,0
3620,2016-06-26,2016-06-27,482,25,grey,51,29.9,12107,Mrs,1977-07-21,Rhineland-Palatinate,2015-02-17,0
3621,2016-06-26,,30,10,blue,21,24.95,12107,Mrs,1977-07-21,Rhineland-Palatinate,2015-02-17,0
3622,2016-06-26,,30,10,red,21,24.95,12107,Mrs,1977-07-21,Rhineland-Palatinate,2015-02-17,0
3623,2016-06-26,,483,25,blue,51,29.9,12107,Mrs,1977-07-21,Rhineland-Palatinate,2015-02-17,0
3624,2016-06-26,,483,24,blue,51,29.9,12107,Mrs,1977-07-21,Rhineland-Palatinate,2015-02-17,0
3625,2016-06-26,,134,25,grey,51,24.9,12107,Mrs,1977-07-21,Rhineland-Palatinate,2015-02-17,0
3626,2016-06-26,2016-06-27,696,116,grey,48,59.95,25606,Mrs,,Baden-Wuerttemberg,2016-06-03,0
3627,2016-06-26,2016-06-27,216,l,red,29,79.9,25735,Mrs,1962-04-13,Bavaria,2015-12-08,0
3628,2016-06-26,2016-06-27,240,unsized,red,29,19.9,25735,Mrs,1962-04-13,Bavaria,2015-12-08,0
3629,2016-06-26,2016-06-27,49,44,stained,11,119.9,25735,Mrs,1962-04-13,Bavaria,2015-12-08,1
3630,2016-06-26,2016-06-27,346,m,green,5,69.9,25735,Mrs,1962-04-13,Bavaria,2015-12-08,1
3631,2016-06-26,2016-06-27,523,m,green,3,14.9,25735,Mrs,1962-04-13,Bavaria,2015-12-08,0
3632,2016-06-26,2016-06-27,187,m,green,14,59.9,25735,Mrs,1962-04-13,Bavaria,2015-12-08,0
3633,2016-06-26,2016-06-27,87,m,green,5,79.9,25735,Mrs,1962-04-13,Bavaria,2015-12-08,0
3634,2016-06-26,2016-06-27,523,l,magenta,3,14.9,25735,Mrs,1962-04-13,Bavaria,2015-12-08,0
3635,2016-06-26,,175,m,green,3,19.9,25735,Mrs,1962-04-13,Bavaria,2015-12-08,0
3636,2016-06-26,2016-06-28,415,37,red,1,44.9,30243,Mrs,1959-10-21,Saxony,2016-06-21,0
3637,2016-06-26,2016-06-28,377,38,white,57,44.9,30243,Mrs,1959-10-21,Saxony,2016-06-21,1
3638,2016-06-26,2016-06-28,81,38,red,38,44.9,30243,Mrs,1959-10-21,Saxony,2016-06-21,1
3639,2016-06-26,2016-06-28,31,43,black,22,19.9,30243,Mrs,1959-10-21,Saxony,2016-06-21,0
3640,2016-06-26,2016-06-28,413,s,black,14,44.9,30243,Mrs,1959-10-21,Saxony,2016-06-21,0
3641,2016-06-26,,415,37,green,1,44.9,30243,Mrs,1959-10-21,Saxony,2016-06-21,0
3642,2016-06-26,,31,38,white,22,19.9,30243,Mrs,1959-10-21,Saxony,2016-06-21,0
3643,2016-06-26,,31,38,purple,22,19.9,30243,Mrs,1959-10-21,Saxony,2016-06-21,0
3644,2016-06-26,,158,38,nature,54,29.9,30243,Mrs,1959-10-21,Saxony,2016-06-21,0
3645,2016-06-26,,219,42,purple,38,49.9,8138,Mrs,1948-11-27,Schleswig-Holstein,2016-03-25,0
3646,2016-06-26,2016-06-27,30,4,blue,21,24.95,26675,Mrs,1968-05-05,Lower Saxony,2015-02-17,0
3647,2016-06-26,,30,3,blue,21,24.9,26675,Mrs,1968-05-05,Lower Saxony,2015-02-17,0
3648,2016-06-26,2016-06-27,212,xl,magenta,5,34.9,2999,Mrs,1963-01-21,North Rhine-Westphalia,2016-04-06,0
3649,2016-06-26,2016-06-27,465,xl,ash,49,29.9,2999,Mrs,1963-01-21,North Rhine-Westphalia,2016-04-06,1
3650,2016-06-26,2016-06-27,465,xxl,ash,49,29.9,2999,Mrs,1963-01-21,North Rhine-Westphalia,2016-04-06,1
3651,2016-06-26,,212,xxl,magenta,5,34.9,2999,Mrs,1963-01-21,North Rhine-Westphalia,2016-04-06,0
3652,2016-06-26,2016-06-28,100,39,red,43,59.9,31193,Mrs,1956-05-10,Lower Saxony,2016-06-24,1
3653,2016-06-26,2016-06-28,100,40,red,43,59.9,31193,Mrs,1956-05-10,Lower Saxony,2016-06-24,1
3654,2016-06-26,2016-06-28,100,39,black,43,59.9,31193,Mrs,1956-05-10,Lower Saxony,2016-06-24,1
3655,2016-06-26,2016-06-28,100,40,black,43,59.9,31193,Mrs,1956-05-10,Lower Saxony,2016-06-24,1
3656,2016-06-26,,311,42,black,38,49.9,14832,Mrs,1961-05-29,Baden-Wuerttemberg,2015-09-20,0
3657,2016-06-26,,110,43,grey,1,44.9,14832,Mrs,1961-05-29,Baden-Wuerttemberg,2015-09-20,0
3658,2016-06-26,2016-06-28,261,l,turquoise,42,49.9,31597,Mrs,1964-02-12,Bavaria,2015-12-02,1
3659,2016-06-26,2016-06-28,895,40,white,39,39.95,31597,Mrs,1964-02-12,Bavaria,2015-12-02,0
3660,2016-06-26,2016-06-28,214,l,ash,49,44.9,31597,Mrs,1964-02-12,Bavaria,2015-12-02,1
3661,2016-06-26,2016-06-28,81,40,red,38,44.9,31597,Mrs,1964-02-12,Bavaria,2015-12-02,1
3662,2016-06-26,2016-06-28,247,40,blue,40,49.9,31597,Mrs,1964-02-12,Bavaria,2015-12-02,1
3663,2016-06-26,2016-06-28,71,9+,ocher,21,34.95,31597,Mrs,1964-02-12,Bavaria,2015-12-02,1
3664,2016-06-26,2016-06-28,405,40,petrol,18,64.9,31597,Mrs,1964-02-12,Bavaria,2015-12-02,1
3665,2016-06-26,2016-06-28,154,l,grey,33,12.4,31597,Mrs,1964-02-12,Bavaria,2015-12-02,0
3666,2016-06-26,,298,l,petrol,36,69.9,31597,Mrs,1964-02-12,Bavaria,2015-12-02,0
3667,2016-06-26,,367,40,blue,18,64.9,31597,Mrs,1964-02-12,Bavaria,2015-12-02,0
3668,2016-06-26,2016-06-28,41,39,ocher,1,49.9,31598,Mrs,1954-09-18,Bavaria,2016-06-27,1
3669,2016-06-26,2016-06-28,479,39,black,17,64.9,31598,Mrs,1954-09-18,Bavaria,2016-06-27,1
3670,2016-06-26,2016-06-27,896,s,grey,33,12.4,31599,Mrs,,Brandenburg,2016-06-27,1
3671,2016-06-26,2016-06-27,896,l,grey,33,12.4,31599,Mrs,,Brandenburg,2016-06-27,1
3672,2016-06-26,2016-06-27,407,s,olive,74,34.9,31599,Mrs,,Brandenburg,2016-06-27,1
3673,2016-06-26,2016-06-27,62,unsized,red,5,14.9,31599,Mrs,,Brandenburg,2016-06-27,0
3674,2016-06-26,2016-06-27,223,8,black,19,39.9,31599,Mrs,,Brandenburg,2016-06-27,1
3675,2016-06-26,2016-06-27,109,42,red,1,59.9,31599,Mrs,,Brandenburg,2016-06-27,1
3676,2016-06-26,2016-06-27,109,42,green,1,59.9,31599,Mrs,,Brandenburg,2016-06-27,1
3677,2016-06-26,2016-06-27,190,m,red,3,14.9,31599,Mrs,,Brandenburg,2016-06-27,1
3678,2016-06-26,2016-06-27,688,s,olive,5,24.9,31599,Mrs,,Brandenburg,2016-06-27,1
3679,2016-06-26,2016-06-27,73,s,red,35,79.9,31599,Mrs,,Brandenburg,2016-06-27,1
3680,2016-06-26,2016-06-27,624,s,kanel,35,114.9,31599,Mrs,,Brandenburg,2016-06-27,1
3681,2016-06-26,2016-08-03,190,s,green,3,14.9,31599,Mrs,,Brandenburg,2016-06-27,0
3682,2016-06-26,2016-08-03,282,s,nature,20,14.9,31599,Mrs,,Brandenburg,2016-06-27,0
3683,2016-06-26,2016-08-03,73,s,black,35,79.9,31599,Mrs,,Brandenburg,2016-06-27,0
3684,2016-06-26,2016-06-27,229,38,brown,50,34.95,7428,Mrs,1965-11-21,Hesse,2015-02-17,1
3685,2016-06-26,2016-07-05,229,38,white,50,34.95,7428,Mrs,1965-11-21,Hesse,2015-02-17,1
3686,2016-06-26,2016-06-27,49,48,stained,11,59.9,4780,Mrs,1963-10-05,Baden-Wuerttemberg,2016-06-27,1
3687,2016-06-26,2016-06-27,328,xxl,olive,37,19.9,4780,Mrs,1963-10-05,Baden-Wuerttemberg,2016-06-27,0
3688,2016-06-26,2016-06-27,328,xxl,black,37,19.9,4780,Mrs,1963-10-05,Baden-Wuerttemberg,2016-06-27,0
3689,2016-06-26,2016-06-27,413,m,black,14,44.9,19343,Mrs,1962-02-14,Hamburg,2015-02-17,1
3690,2016-06-26,2016-06-27,413,m,pink,14,44.9,19343,Mrs,1962-02-14,Hamburg,2015-02-17,1
3691,2016-06-26,2016-06-27,413,s,denim,14,34.9,19343,Mrs,1962-02-14,Hamburg,2015-02-17,1
3692,2016-06-26,2016-06-27,116,m,magenta,5,49.9,19343,Mrs,1962-02-14,Hamburg,2015-02-17,1
3693,2016-06-26,2016-06-27,116,s,black,5,49.9,19343,Mrs,1962-02-14,Hamburg,2015-02-17,1
3694,2016-06-26,2016-06-27,116,s,denim,5,49.9,19343,Mrs,1962-02-14,Hamburg,2015-02-17,1
3695,2016-06-26,2016-06-28,573,m,ocher,41,64.9,31600,Mrs,1963-02-23,Rhineland-Palatinate,2016-06-27,0
3696,2016-06-26,2016-06-28,573,s,black,41,64.9,31600,Mrs,1963-02-23,Rhineland-Palatinate,2016-06-27,1
3697,2016-06-26,,252,m,black,41,59.9,31600,Mrs,1963-02-23,Rhineland-Palatinate,2016-06-27,0
3698,2016-06-26,,252,m,ocher,41,59.9,31600,Mrs,1963-02-23,Rhineland-Palatinate,2016-06-27,0
3699,2016-06-26,2016-06-27,100,38,blue,43,59.9,31601,Mrs,1900-11-21,North Rhine-Westphalia,2015-02-17,0
3700,2016-06-26,2016-06-27,6,44,black,6,39.9,31601,Mrs,1900-11-21,North Rhine-Westphalia,2015-02-17,0
3701,2016-06-26,2016-07-30,33,xl,pink,5,24.9,31601,Mrs,1900-11-21,North Rhine-Westphalia,2015-02-17,0
3702,2016-06-26,2016-07-30,33,xl,azure,5,24.9,31601,Mrs,1900-11-21,North Rhine-Westphalia,2015-02-17,0
3703,2016-06-26,,33,m,blue,5,59.9,31601,Mrs,1900-11-21,North Rhine-Westphalia,2015-02-17,0
3704,2016-06-26,2016-07-30,895,44,grey,39,39.95,31601,Mrs,1900-11-21,North Rhine-Westphalia,2015-02-17,0
3705,2016-06-26,,33,xl,black,5,59.9,31601,Mrs,1900-11-21,North Rhine-Westphalia,2015-02-17,0
3706,2016-06-26,2016-06-27,205,39,petrol,40,59.9,21843,Mrs,1963-08-06,Bremen,2016-05-22,0
3707,2016-06-26,2016-06-27,64,40,brown,18,59.9,21843,Mrs,1963-08-06,Bremen,2016-05-22,0
3708,2016-06-26,2016-06-27,64,40,olive,18,59.9,21843,Mrs,1963-08-06,Bremen,2016-05-22,0
3709,2016-06-26,2016-06-27,80,41,black,26,39.9,20666,Mrs,1970-10-31,Baden-Wuerttemberg,2016-05-19,0
3710,2016-06-26,2016-06-27,137,40,green,38,54.9,27454,Mrs,1975-04-16,Baden-Wuerttemberg,2015-02-17,0
3711,2016-06-26,2016-06-27,137,41,green,38,54.9,27454,Mrs,1975-04-16,Baden-Wuerttemberg,2015-02-17,1
3712,2016-06-26,2016-06-27,36,41,stained,1,44.9,31602,Mrs,1959-08-08,Schleswig-Holstein,2016-06-27,0
3713,2016-06-26,2016-06-27,363,41,blue,40,64.9,31602,Mrs,1959-08-08,Schleswig-Holstein,2016-06-27,1
3714,2016-06-26,2016-06-28,100,41,black,43,59.9,31603,Mrs,,Saarland,2016-06-27,0
3715,2016-06-26,2016-06-28,142,xl,red,49,49.9,31603,Mrs,,Saarland,2016-06-27,1
3716,2016-06-26,2016-06-28,38,xl,blue,25,49.9,31603,Mrs,,Saarland,2016-06-27,0
3717,2016-06-26,2016-06-27,427,41,mocca,55,84.9,31604,Mrs,1958-10-18,Hamburg,2016-06-27,1
3718,2016-06-26,2016-07-19,55,41,blue,1,44.9,31604,Mrs,1958-10-18,Hamburg,2016-06-27,0
3719,2016-06-26,2016-07-19,427,40,mocca,55,84.9,31604,Mrs,1958-10-18,Hamburg,2016-06-27,0
3720,2016-06-26,2016-06-27,55,41,blue,1,44.9,31604,Mrs,1958-10-18,Hamburg,2016-06-27,0
3721,2016-06-26,2016-06-27,410,39,black,57,42.4,2063,Mrs,1971-05-02,Baden-Wuerttemberg,2016-06-27,0
3722,2016-06-26,,162,38,black,17,44.9,2063,Mrs,1971-05-02,Baden-Wuerttemberg,2016-06-27,0
3723,2016-06-26,2016-06-27,39,42,black,26,59.9,15460,Mrs,1962-06-17,Lower Saxony,2015-02-17,1
3724,2016-06-26,2016-06-27,560,42,blue,1,54.9,15460,Mrs,1962-06-17,Lower Saxony,2015-02-17,0
3725,2016-06-26,2016-06-27,168,42,black,1,44.9,15460,Mrs,1962-06-17,Lower Saxony,2015-02-17,1
3726,2016-06-26,2016-06-27,79,42,black,1,69.9,15460,Mrs,1962-06-17,Lower Saxony,2015-02-17,0
3727,2016-06-26,2016-06-27,72,39,black,1,59.9,16042,Mrs,1976-04-18,North Rhine-Westphalia,2016-05-02,0
3728,2016-06-26,2016-06-27,44,unsized,pallid,1,7.45,16042,Mrs,1976-04-18,North Rhine-Westphalia,2016-05-02,0
3729,2016-06-26,,55,39,red,1,44.9,16042,Mrs,1976-04-18,North Rhine-Westphalia,2016-05-02,0
3730,2016-06-26,,219,41,blue,38,49.9,28245,Mrs,1966-01-06,Rhineland-Palatinate,2015-02-17,0
3731,2016-06-26,,219,41,black,38,49.9,28245,Mrs,1966-01-06,Rhineland-Palatinate,2015-02-17,0
3732,2016-06-26,2016-06-27,194,l,berry,5,34.9,22100,Mrs,1968-09-20,Saxony-Anhalt,2015-08-18,1
3733,2016-06-26,2016-06-28,377,38,white,57,44.9,31608,Mr,,Baden-Wuerttemberg,2016-06-27,0
3734,2016-06-26,2016-07-18,450,50,beige,39,44.9,22826,Mrs,1965-05-13,North Rhine-Westphalia,2016-05-25,0
3735,2016-06-26,2016-06-27,120,l,ocher,48,49.9,8660,Mrs,1961-01-20,North Rhine-Westphalia,2016-05-24,1
3736,2016-06-26,2016-06-27,120,l,red,48,49.9,8660,Mrs,1961-01-20,North Rhine-Westphalia,2016-05-24,1
3737,2016-06-26,,160,39,blue,54,34.9,8660,Mrs,1961-01-20,North Rhine-Westphalia,2016-05-24,0
3738,2016-06-26,,122,39,grey,1,39.95,8660,Mrs,1961-01-20,North Rhine-Westphalia,2016-05-24,0
3739,2016-06-26,,120,xl,gold,48,49.9,8660,Mrs,1961-01-20,North Rhine-Westphalia,2016-05-24,0
3740,2016-06-26,2016-06-27,8,39,stained,8,12.4,31609,Mrs,1948-03-16,Lower Saxony,2016-01-13,1
3741,2016-06-26,2016-06-27,8,39,stained,8,12.4,31609,Mrs,1948-03-16,Lower Saxony,2016-01-13,1
3742,2016-06-26,2016-06-27,161,39,brown,54,69.9,31609,Mrs,1948-03-16,Lower Saxony,2016-01-13,1
3743,2016-06-26,2016-06-27,160,40,brown,54,34.9,31609,Mrs,1948-03-16,Lower Saxony,2016-01-13,1
3744,2016-06-26,2016-06-27,158,39,nature,54,29.9,31609,Mrs,1948-03-16,Lower Saxony,2016-01-13,1
3745,2016-06-26,2016-06-27,158,40,nature,54,29.9,31609,Mrs,1948-03-16,Lower Saxony,2016-01-13,0
3746,2016-06-26,2016-06-27,158,39,black,54,59.9,31609,Mrs,1948-03-16,Lower Saxony,2016-01-13,1
3747,2016-06-26,2016-06-27,158,40,black,54,59.9,31609,Mrs,1948-03-16,Lower Saxony,2016-01-13,1
3748,2016-06-26,2016-06-27,161,39,brown,54,69.9,31609,Mrs,1948-03-16,Lower Saxony,2016-01-13,1
3749,2016-06-26,2016-08-22,8,40,stained,8,12.4,31609,Mrs,1948-03-16,Lower Saxony,2016-01-13,0
3750,2016-06-26,2016-08-22,161,40,brown,54,69.9,31609,Mrs,1948-03-16,Lower Saxony,2016-01-13,0
3751,2016-06-26,2016-08-22,160,39,black,54,34.9,31609,Mrs,1948-03-16,Lower Saxony,2016-01-13,0
3752,2016-06-26,,162,38,red,17,44.9,874,Mrs,1963-05-17,North Rhine-Westphalia,2015-02-17,0
3753,2016-06-26,2016-06-27,410,41,white,57,69.9,13479,Mrs,1963-04-03,Schleswig-Holstein,2015-07-25,0
3754,2016-06-26,,346,m,mocca,5,69.9,23305,Mrs,1963-01-27,Rhineland-Palatinate,2016-05-31,0
3755,2016-06-26,,346,m,purple,5,69.9,23305,Mrs,1963-01-27,Rhineland-Palatinate,2016-05-31,0
3756,2016-06-26,,204,m,purple,5,59.9,23305,Mrs,1963-01-27,Rhineland-Palatinate,2016-05-31,0
3757,2016-06-26,,212,m,magenta,5,34.9,23305,Mrs,1963-01-27,Rhineland-Palatinate,2016-05-31,0
3758,2016-06-26,2016-07-02,235,m,azure,14,39.9,23305,Mrs,1963-01-27,Rhineland-Palatinate,2016-05-31,0
3759,2016-06-26,2016-07-06,271,m,purple,5,29.9,23305,Mrs,1963-01-27,Rhineland-Palatinate,2016-05-31,0
3760,2016-06-26,2016-07-06,84,m,white,5,59.9,23305,Mrs,1963-01-27,Rhineland-Palatinate,2016-05-31,1
3761,2016-06-26,2016-08-20,271,l,white,5,29.9,23305,Mrs,1963-01-27,Rhineland-Palatinate,2016-05-31,0
3762,2016-06-26,2016-08-20,271,m,mocca,5,29.9,23305,Mrs,1963-01-27,Rhineland-Palatinate,2016-05-31,0
3763,2016-06-26,2016-08-20,84,m,azure,5,24.9,23305,Mrs,1963-01-27,Rhineland-Palatinate,2016-05-31,0
3764,2016-06-26,2016-08-20,33,l,aubergine,5,59.9,23305,Mrs,1963-01-27,Rhineland-Palatinate,2016-05-31,0
3765,2016-06-26,2016-06-27,57,xxl,red,3,24.9,11716,Mrs,1966-09-19,Lower Saxony,2015-10-20,0
3766,2016-06-26,2016-06-27,57,xxl,purple,3,14.9,11716,Mrs,1966-09-19,Lower Saxony,2015-10-20,0
3767,2016-06-26,2016-06-27,57,xxl,ash,3,14.9,11716,Mrs,1966-09-19,Lower Saxony,2015-10-20,0
3768,2016-06-26,2016-06-27,311,41,blue,38,49.9,11457,Mrs,1964-07-02,North Rhine-Westphalia,2015-02-17,0
3769,2016-06-26,2016-06-27,604,41,black,1,79.9,11457,Mrs,1964-07-02,North Rhine-Westphalia,2015-02-17,1
3770,2016-06-26,,736,41,black,1,74.9,11457,Mrs,1964-07-02,North Rhine-Westphalia,2015-02-17,0
3771,2016-06-26,,11,unsized,purple,10,17.4,11457,Mrs,1964-07-02,North Rhine-Westphalia,2015-02-17,0
3772,2016-06-26,,11,unsized,petrol,10,17.4,11457,Mrs,1964-07-02,North Rhine-Westphalia,2015-02-17,0
3773,2016-06-26,,789,unsized,stained,77,24.9,11457,Mrs,1964-07-02,North Rhine-Westphalia,2015-02-17,0
3774,2016-06-26,2016-06-27,108,xxl,white,46,19.9,6663,Mrs,1957-10-23,Bavaria,2015-02-17,1
3775,2016-06-26,2016-06-27,108,xxl,grey,46,19.9,6663,Mrs,1957-10-23,Bavaria,2015-02-17,1
3776,2016-06-26,2016-06-27,218,xxl,turquoise,42,44.9,6663,Mrs,1957-10-23,Bavaria,2015-02-17,1
3777,2016-06-26,2016-06-27,659,xxl,grey,74,19.9,6663,Mrs,1957-10-23,Bavaria,2015-02-17,0
3778,2016-06-26,2016-06-27,106,50,green,6,29.9,6663,Mrs,1957-10-23,Bavaria,2015-02-17,0
3779,2016-06-26,2016-06-27,155,xxl,aubergine,5,44.9,6663,Mrs,1957-10-23,Bavaria,2015-02-17,1
3780,2016-06-26,2016-06-27,128,xxl,grey,49,39.9,6663,Mrs,1957-10-23,Bavaria,2015-02-17,1
3781,2016-06-26,2016-06-27,628,xxl,grey,5,39.9,6663,Mrs,1957-10-23,Bavaria,2015-02-17,1
3782,2016-06-26,2016-06-27,177,40,black,1,64.9,6663,Mrs,1957-10-23,Bavaria,2015-02-17,1
3783,2016-06-26,2016-06-27,484,6+,brown,19,39.9,6663,Mrs,1957-10-23,Bavaria,2015-02-17,1
3784,2016-06-26,2016-06-27,604,38+,brown,1,79.9,6663,Mrs,1957-10-23,Bavaria,2015-02-17,1
3785,2016-06-26,2016-06-27,157,unsized,purple,32,0.0,6663,Mrs,1957-10-23,Bavaria,2015-02-17,0
3786,2016-06-26,,262,40,mocca,12,49.9,6663,Mrs,1957-10-23,Bavaria,2015-02-17,0
3787,2016-06-26,,532,xxl,grey,56,34.9,6663,Mrs,1957-10-23,Bavaria,2015-02-17,0
3788,2016-06-26,2016-06-28,85,41,brown,40,54.9,31611,Mrs,1966-04-01,North Rhine-Westphalia,2016-01-29,1
3789,2016-06-26,2016-06-28,85,41,stained,40,54.9,31611,Mrs,1966-04-01,North Rhine-Westphalia,2016-01-29,0
3790,2016-06-26,,85,41,green,40,54.9,31611,Mrs,1966-04-01,North Rhine-Westphalia,2016-01-29,0
3791,2016-06-26,,85,42,blue,40,54.9,31611,Mrs,1966-04-01,North Rhine-Westphalia,2016-01-29,0
3792,2016-06-26,,85,42,grey,40,54.9,31611,Mrs,1966-04-01,North Rhine-Westphalia,2016-01-29,0
3793,2016-06-26,,85,41,black,40,54.9,31611,Mrs,1966-04-01,North Rhine-Westphalia,2016-01-29,0
3794,2016-06-26,2016-06-27,394,40,black,44,72.5,23462,Mrs,1962-07-25,North Rhine-Westphalia,2015-02-17,1
3795,2016-06-26,2016-06-27,604,39+,black,1,79.9,23462,Mrs,1962-07-25,North Rhine-Westphalia,2015-02-17,1
3796,2016-06-26,2016-06-27,242,s,white,20,59.9,23462,Mrs,1962-07-25,North Rhine-Westphalia,2015-02-17,1
3797,2016-06-26,2016-06-27,242,s,black,20,59.9,23462,Mrs,1962-07-25,North Rhine-Westphalia,2015-02-17,1
3798,2016-06-26,2016-06-27,844,unsized,petrol,59,19.9,23462,Mrs,1962-07-25,North Rhine-Westphalia,2015-02-17,1
3799,2016-06-26,2016-06-27,262,41,mocca,12,49.9,3126,Mrs,1969-05-05,North Rhine-Westphalia,2015-02-17,0
3800,2016-06-26,2016-06-27,273,xl,white,20,59.9,3126,Mrs,1969-05-05,North Rhine-Westphalia,2015-02-17,1
3801,2016-06-26,2016-06-27,1116,41,brown,104,27.45,3126,Mrs,1969-05-05,North Rhine-Westphalia,2015-02-17,0
3802,2016-06-26,2016-06-27,238,xl,petrol,20,44.9,3126,Mrs,1969-05-05,North Rhine-Westphalia,2015-02-17,1
3803,2016-06-26,2016-07-05,262,42,mocca,12,49.9,3126,Mrs,1969-05-05,North Rhine-Westphalia,2015-02-17,1
3804,2016-06-26,2016-06-27,165,39,purple,47,44.9,12312,Mrs,1953-05-21,Schleswig-Holstein,2016-02-06,0
3805,2016-06-26,2016-06-27,235,l,denim,14,39.9,12312,Mrs,1953-05-21,Schleswig-Holstein,2016-02-06,0
3806,2016-06-26,2016-06-28,51,xxl,black,5,69.9,31612,Mrs,1954-10-17,Saarland,2016-06-27,0
3807,2016-06-26,2016-06-28,204,xl,white,5,59.9,31612,Mrs,1954-10-17,Saarland,2016-06-27,0
3808,2016-06-26,2016-07-23,346,xxl,black,5,69.9,31612,Mrs,1954-10-17,Saarland,2016-06-27,0
3809,2016-06-26,2016-06-27,90,40,red,24,49.9,28367,Mrs,1986-12-17,North Rhine-Westphalia,2016-06-13,1
3810,2016-06-26,2016-06-27,90,40,black,24,49.9,28367,Mrs,1986-12-17,North Rhine-Westphalia,2016-06-13,1
3811,2016-06-26,2016-06-27,178,7+,black,4,44.95,28367,Mrs,1986-12-17,North Rhine-Westphalia,2016-06-13,0
3812,2016-06-26,2016-06-27,77,40,brown,1,64.9,28367,Mrs,1986-12-17,North Rhine-Westphalia,2016-06-13,0
3813,2016-06-26,2016-06-27,77,40,grey,1,64.9,28367,Mrs,1986-12-17,North Rhine-Westphalia,2016-06-13,0
3814,2016-06-26,2016-06-27,14,40,brown,1,64.9,28367,Mrs,1986-12-17,North Rhine-Westphalia,2016-06-13,0
3815,2016-06-26,,178,7,blue,4,44.95,28367,Mrs,1986-12-17,North Rhine-Westphalia,2016-06-13,0
3816,2016-06-26,2016-06-27,57,xxl,brown,3,19.9,19542,Mrs,1969-09-17,Saxony-Anhalt,2015-02-17,0
3817,2016-06-26,2016-06-27,193,39,nature,53,39.9,19542,Mrs,1969-09-17,Saxony-Anhalt,2015-02-17,1
3818,2016-06-26,,96,xxl,azure,3,6.9,19542,Mrs,1969-09-17,Saxony-Anhalt,2015-02-17,0
3819,2016-06-26,,96,xxl,brown,3,6.9,19542,Mrs,1969-09-17,Saxony-Anhalt,2015-02-17,0
3820,2016-06-26,,96,xxl,blau,3,6.9,19542,Mrs,1969-09-17,Saxony-Anhalt,2015-02-17,0
3821,2016-06-26,,11,unsized,petrol,10,17.4,19542,Mrs,1969-09-17,Saxony-Anhalt,2015-02-17,0
3822,2016-06-26,,578,unsized,cobalt blue,48,14.9,19542,Mrs,1969-09-17,Saxony-Anhalt,2015-02-17,0
3823,2016-06-26,2016-06-27,124,xxl,curry,46,14.9,28800,Mrs,1972-10-24,Baden-Wuerttemberg,2015-02-17,0
3824,2016-06-26,2016-06-27,108,xxl,white,46,19.9,28800,Mrs,1972-10-24,Baden-Wuerttemberg,2015-02-17,1
3825,2016-06-26,2016-06-27,142,s,red,49,49.9,25733,Mrs,1952-10-23,North Rhine-Westphalia,2016-06-03,0
3826,2016-06-26,2016-06-27,183,s,white,5,39.9,25733,Mrs,1952-10-23,North Rhine-Westphalia,2016-06-03,0
3827,2016-06-26,2016-06-27,183,s,azure,5,39.9,25733,Mrs,1952-10-23,North Rhine-Westphalia,2016-06-03,0
3828,2016-06-26,2016-06-28,640,unsized,stained,68,19.9,31613,Mrs,1960-05-03,Bavaria,2016-06-27,0
3829,2016-06-26,2016-07-20,201,39,black,15,65.95,31613,Mrs,1960-05-03,Bavaria,2016-06-27,0
3830,2016-06-26,2016-06-28,129,39,grey,50,34.95,30209,Mrs,1911-11-21,Baden-Wuerttemberg,2016-06-21,1
3831,2016-06-26,2016-06-28,188,39,mocca,55,74.9,30209,Mrs,1911-11-21,Baden-Wuerttemberg,2016-06-21,1
3832,2016-06-26,2016-06-28,702,39,ancient,55,84.9,30209,Mrs,1911-11-21,Baden-Wuerttemberg,2016-06-21,1
3833,2016-06-26,2016-06-28,87,l,denim,5,79.9,31614,Mrs,,Rhineland-Palatinate,2016-06-27,1
3834,2016-06-26,2016-06-28,33,l,berry,5,24.9,31614,Mrs,,Rhineland-Palatinate,2016-06-27,0
3835,2016-06-26,,84,l,berry,5,24.9,31614,Mrs,,Rhineland-Palatinate,2016-06-27,0
3836,2016-06-26,2016-06-27,177,42,black,1,64.9,3992,Mrs,1956-12-20,Baden-Wuerttemberg,2015-02-17,1
3837,2016-06-26,2016-06-27,1024,30,fuchsia,8,17.9,21799,Mrs,1971-03-06,Bavaria,2015-10-20,1
3838,2016-06-26,2016-06-27,614,34,grey,48,27.45,21799,Mrs,1971-03-06,Bavaria,2015-10-20,0
3839,2016-06-26,2016-06-27,1087,unsized,brown,60,59.9,21799,Mrs,1971-03-06,Bavaria,2015-10-20,1
3840,2016-06-26,2016-06-27,1104,unsized,yellow,48,34.95,21799,Mrs,1971-03-06,Bavaria,2015-10-20,1
3841,2016-06-26,2016-06-27,345,xxl,berry,37,11.9,21799,Mrs,1971-03-06,Bavaria,2015-10-20,0
3842,2016-06-26,2016-06-27,345,xxl,blue,37,26.9,21799,Mrs,1971-03-06,Bavaria,2015-10-20,0
3843,2016-06-26,2016-07-02,137,43,black,38,54.9,21799,Mrs,1971-03-06,Bavaria,2015-10-20,0
3844,2016-06-26,2016-07-23,262,42,mocca,12,49.9,21799,Mrs,1971-03-06,Bavaria,2015-10-20,1
3845,2016-06-26,2016-07-23,282,xl,black,20,14.9,21799,Mrs,1971-03-06,Bavaria,2015-10-20,0
3846,2016-06-26,2016-06-27,204,xl,brown,5,59.9,9172,Mrs,1964-01-14,Lower Saxony,2016-06-14,1
3847,2016-06-26,2016-06-27,173,xl,brown,20,24.9,1807,Mrs,1965-05-16,Hesse,2015-02-17,0
3848,2016-06-26,2016-06-27,379,xxl,ocher,42,44.9,1807,Mrs,1965-05-16,Hesse,2015-02-17,0
3849,2016-06-26,2016-06-27,424,xxl,ocher,31,29.9,1807,Mrs,1965-05-16,Hesse,2015-02-17,0
3850,2016-06-26,2016-06-27,171,l,ash,3,19.9,1807,Mrs,1965-05-16,Hesse,2015-02-17,0
3851,2016-06-26,2016-06-27,688,m,olive,5,24.9,31616,Mrs,1969-12-17,Bavaria,2015-05-18,1
3852,2016-06-26,2016-06-27,242,m,white,20,59.9,31617,Mrs,1965-12-04,Baden-Wuerttemberg,2015-02-17,1
3853,2016-06-26,2016-06-27,110,37,ocher,1,44.9,31618,Mrs,1966-09-21,Lower Saxony,2015-02-17,0
3854,2016-06-26,2016-06-27,688,s,black,5,24.9,31618,Mrs,1966-09-21,Lower Saxony,2015-02-17,0
3855,2016-06-26,,126,8,brown,21,39.95,31619,Mrs,1971-06-18,North Rhine-Westphalia,2016-06-27,0
3856,2016-06-26,,110,42,blue,1,44.9,31619,Mrs,1971-06-18,North Rhine-Westphalia,2016-06-27,0
3857,2016-06-26,,74,42,brown,24,34.9,31619,Mrs,1971-06-18,North Rhine-Westphalia,2016-06-27,0
3858,2016-06-26,2016-06-27,28,s,black,20,19.9,4078,Mrs,1965-06-06,North Rhine-Westphalia,2015-02-17,0
3859,2016-06-26,2016-06-27,282,s,grey,20,14.9,4078,Mrs,1965-06-06,North Rhine-Westphalia,2015-02-17,1
3860,2016-06-26,2016-06-27,282,m,grey,20,14.9,4078,Mrs,1965-06-06,North Rhine-Westphalia,2015-02-17,1
3861,2016-06-26,2016-06-27,171,m,black,3,19.9,4078,Mrs,1965-06-06,North Rhine-Westphalia,2015-02-17,1
3862,2016-06-26,2016-06-27,125,m,brown,2,19.9,4078,Mrs,1965-06-06,North Rhine-Westphalia,2015-02-17,0
3863,2016-06-26,2016-06-27,125,m,black,2,19.9,4078,Mrs,1965-06-06,North Rhine-Westphalia,2015-02-17,0
3864,2016-06-26,,28,m,black,20,19.9,4078,Mrs,1965-06-06,North Rhine-Westphalia,2015-02-17,0
3865,2016-06-26,,282,m,black,20,14.9,4078,Mrs,1965-06-06,North Rhine-Westphalia,2015-02-17,0
3866,2016-06-26,2016-06-28,561,xxl,ash,3,12.4,31621,Mrs,1967-12-28,Saarland,2016-06-27,0
3867,2016-06-26,2016-06-28,242,xl,white,20,59.9,31621,Mrs,1967-12-28,Saarland,2016-06-27,0
3868,2016-06-26,2016-06-28,200,5+,brown,12,54.9,31621,Mrs,1967-12-28,Saarland,2016-06-27,0
3869,2016-06-26,2016-06-28,379,xl,ocher,42,44.9,31621,Mrs,1967-12-28,Saarland,2016-06-27,1
3870,2016-06-26,2016-07-04,379,xl,ocher,42,44.9,31621,Mrs,1967-12-28,Saarland,2016-06-27,1
3871,2016-06-26,2016-06-27,73,m,black,35,79.9,31622,Mrs,1976-04-27,Bavaria,2015-02-17,0
3872,2016-06-26,2016-07-18,231,39,black,24,49.9,31622,Mrs,1976-04-27,Bavaria,2015-02-17,0
3873,2016-06-26,2016-07-18,282,l,nature,20,14.9,31622,Mrs,1976-04-27,Bavaria,2015-02-17,0
3874,2016-06-26,2016-06-27,285,41,grey,1,39.9,28652,Mrs,1961-11-22,Lower Saxony,2015-02-17,0
3875,2016-06-26,2016-06-27,579,l,petrol,3,19.9,28652,Mrs,1961-11-22,Lower Saxony,2015-02-17,1
3876,2016-06-26,2016-06-27,171,l,ash,3,19.9,31623,Mrs,1969-04-18,Bavaria,2015-09-08,0
3877,2016-06-26,2016-06-27,125,l,green,2,19.9,31623,Mrs,1969-04-18,Bavaria,2015-09-08,0
3878,2016-06-26,2016-06-27,255,l,blue,37,17.4,31623,Mrs,1969-04-18,Bavaria,2015-09-08,0
3879,2016-06-26,2016-06-27,7,42,purple,7,9.9,31623,Mrs,1969-04-18,Bavaria,2015-09-08,0
3880,2016-06-26,2016-06-27,2,m,green,2,19.9,31624,Mrs,1963-11-16,Berlin,2015-02-17,1
3881,2016-06-26,2016-06-27,17,42,blue,11,34.9,31624,Mrs,1963-11-16,Berlin,2015-02-17,0
3882,2016-06-26,2016-06-27,22,l,blue,14,19.9,31624,Mrs,1963-11-16,Berlin,2015-02-17,0
3883,2016-06-26,2016-06-27,468,m,denim,25,34.9,31624,Mrs,1963-11-16,Berlin,2015-02-17,0
3884,2016-06-26,2016-06-27,468,l,denim,25,34.9,31624,Mrs,1963-11-16,Berlin,2015-02-17,1
3885,2016-06-26,2016-06-27,171,l,ash,3,19.9,31624,Mrs,1963-11-16,Berlin,2015-02-17,0
3886,2016-06-26,2016-06-27,47,m,blue,11,39.9,31624,Mrs,1963-11-16,Berlin,2015-02-17,1
3887,2016-06-26,2016-06-27,47,l,blue,11,39.9,31624,Mrs,1963-11-16,Berlin,2015-02-17,1
3888,2016-06-26,2016-06-26,40,unsized,stained,27,5.5,9392,Mrs,1962-04-14,North Rhine-Westphalia,2016-03-24,0
3889,2016-06-26,2016-06-26,734,42,blue,24,69.9,9392,Mrs,1962-04-14,North Rhine-Westphalia,2016-03-24,1
3890,2016-06-26,2016-06-26,1074,9,blue,19,69.9,9392,Mrs,1962-04-14,North Rhine-Westphalia,2016-03-24,0
3891,2016-06-26,2016-06-26,454,43,purple,1,99.9,9392,Mrs,1962-04-14,North Rhine-Westphalia,2016-03-24,1
3892,2016-06-26,2016-06-26,896,xl,red,33,9.9,9392,Mrs,1962-04-14,North Rhine-Westphalia,2016-03-24,1
3893,2016-06-26,2016-06-26,92,xl,turquoise,42,69.9,9392,Mrs,1962-04-14,North Rhine-Westphalia,2016-03-24,1
3894,2016-06-26,2016-06-26,797,48,brown,6,69.9,9392,Mrs,1962-04-14,North Rhine-Westphalia,2016-03-24,1
3895,2016-06-26,2016-06-26,594,xl,magenta,36,79.9,9392,Mrs,1962-04-14,North Rhine-Westphalia,2016-03-24,1
3896,2016-06-26,2016-06-26,896,xxl,grey,33,9.9,9392,Mrs,1962-04-14,North Rhine-Westphalia,2016-03-24,1
3897,2016-06-26,2016-06-26,173,xl,brown,20,19.9,9392,Mrs,1962-04-14,North Rhine-Westphalia,2016-03-24,1
3898,2016-06-26,2016-06-26,2,xxl,mocca,2,19.9,9392,Mrs,1962-04-14,North Rhine-Westphalia,2016-03-24,0
3899,2016-06-26,2016-06-26,939,xxl,black,2,29.9,9392,Mrs,1962-04-14,North Rhine-Westphalia,2016-03-24,1
3900,2016-06-26,,1378,8+,black,17,99.9,9392,Mrs,1962-04-14,North Rhine-Westphalia,2016-03-24,0
3901,2016-06-26,,87,xl,orange,5,39.9,22287,Mrs,1957-05-05,North Rhine-Westphalia,2015-02-17,0
3902,2016-06-26,,113,39,grey,1,49.9,22287,Mrs,1957-05-05,North Rhine-Westphalia,2015-02-17,0
3903,2016-06-26,,113,39,black,1,49.9,22287,Mrs,1957-05-05,North Rhine-Westphalia,2015-02-17,0
3904,2016-06-26,2016-06-27,313,m,blue,11,99.9,24786,Mrs,1974-08-13,Hesse,2015-04-26,0
3905,2016-06-26,,702,40,black,55,129.9,31014,Mrs,1961-12-05,Saxony,2015-02-17,0
3906,2016-06-26,2016-06-27,540,41,grey,70,74.9,16612,Mrs,1963-06-14,Bavaria,2015-02-17,0
3907,2016-06-26,2016-06-28,386,24,red,69,65.95,29722,Mrs,1981-01-18,Baden-Wuerttemberg,2016-06-19,0
3908,2016-06-26,2016-06-27,324,40,ocher,44,57.5,31636,Mrs,1947-08-17,Schleswig-Holstein,2015-02-17,0
3909,2016-06-26,2016-06-27,109,40,blue,1,59.9,31636,Mrs,1947-08-17,Schleswig-Holstein,2015-02-17,1
3910,2016-06-26,2016-06-27,843,s,silver,48,99.9,31636,Mrs,1947-08-17,Schleswig-Holstein,2015-02-17,1
3911,2016-06-26,2016-06-27,373,9,brown,12,44.9,31636,Mrs,1947-08-17,Schleswig-Holstein,2015-02-17,0
3912,2016-06-26,2016-06-27,373,9+,brown,12,44.9,31636,Mrs,1947-08-17,Schleswig-Holstein,2015-02-17,1
3913,2016-06-26,,116,m,white,5,99.9,23676,Mrs,1949-10-04,North Rhine-Westphalia,2016-05-28,0
3914,2016-06-26,2016-06-27,328,l,white,37,19.9,9955,Mrs,,North Rhine-Westphalia,2016-03-29,0
3915,2016-06-26,2016-06-27,377,42,white,57,44.9,9955,Mrs,,North Rhine-Westphalia,2016-03-29,0
3916,2016-06-26,2016-06-27,346,l,white,5,69.9,9955,Mrs,,North Rhine-Westphalia,2016-03-29,0
3917,2016-06-26,2016-06-27,165,41,white,47,44.9,9955,Mrs,,North Rhine-Westphalia,2016-03-29,0
3918,2016-06-26,2016-06-27,165,42,white,47,44.9,9955,Mrs,,North Rhine-Westphalia,2016-03-29,1
3919,2016-06-26,,194,l,white,5,34.9,9955,Mrs,,North Rhine-Westphalia,2016-03-29,0
3920,2016-06-26,2016-06-27,272,39,brown,53,29.9,31639,Mrs,1965-09-26,Baden-Wuerttemberg,2016-06-27,0
3921,2016-06-26,2016-06-27,272,36,black,53,29.9,31639,Mrs,1965-09-26,Baden-Wuerttemberg,2016-06-27,1
3922,2016-06-26,2016-06-27,81,39,green,38,44.9,31639,Mrs,1965-09-26,Baden-Wuerttemberg,2016-06-27,0
3923,2016-06-26,,311,39,green,38,49.9,31639,Mrs,1965-09-26,Baden-Wuerttemberg,2016-06-27,0
3924,2016-06-26,,81,39,black,38,44.9,31639,Mrs,1965-09-26,Baden-Wuerttemberg,2016-06-27,0
3925,2016-06-26,2016-06-27,650,8,grey,4,69.9,2373,Mrs,1955-06-08,North Rhine-Westphalia,2016-04-04,1
3926,2016-06-26,2016-06-27,103,42,anthracite,17,69.9,2373,Mrs,1955-06-08,North Rhine-Westphalia,2016-04-04,1
3927,2016-06-26,2016-06-28,843,l,black,48,99.9,1899,Mrs,1983-05-13,North Rhine-Westphalia,2015-08-26,1
3928,2016-06-26,2016-06-28,183,l,berry,5,39.9,1899,Mrs,1983-05-13,North Rhine-Westphalia,2015-08-26,1
3929,2016-06-26,2016-06-28,183,l,azure,5,39.9,1899,Mrs,1983-05-13,North Rhine-Westphalia,2015-08-26,1
3930,2016-06-26,2016-06-28,142,l,grey,49,49.9,1899,Mrs,1983-05-13,North Rhine-Westphalia,2015-08-26,0
3931,2016-06-26,2016-06-27,51,l,white,5,69.9,31640,Mrs,1900-11-21,Lower Saxony,2015-03-29,1
3932,2016-06-26,2016-06-27,51,l,brown,5,34.9,31640,Mrs,1900-11-21,Lower Saxony,2015-03-29,0
3933,2016-06-26,2016-06-27,271,l,brown,5,29.9,31640,Mrs,1900-11-21,Lower Saxony,2015-03-29,1
3934,2016-06-26,2016-06-27,661,l,denim,5,29.9,31640,Mrs,1900-11-21,Lower Saxony,2015-03-29,1
3935,2016-06-26,2016-06-27,22,l,blue,14,19.9,31640,Mrs,1900-11-21,Lower Saxony,2015-03-29,1
3936,2016-06-26,2016-06-27,22,xxl,white,14,19.9,31640,Mrs,1900-11-21,Lower Saxony,2015-03-29,0
3937,2016-06-26,,661,l,black,5,29.9,31640,Mrs,1900-11-21,Lower Saxony,2015-03-29,0
3938,2016-06-26,,271,l,white,5,29.9,31640,Mrs,1900-11-21,Lower Saxony,2015-03-29,0
3939,2016-06-26,,271,l,white,5,29.9,31640,Mrs,1900-11-21,Lower Saxony,2015-03-29,0
3940,2016-06-26,2016-06-28,116,xxl,magenta,5,49.9,31641,Mrs,,Baden-Wuerttemberg,2016-06-27,0
3941,2016-06-26,2016-06-28,423,xl,beige,33,12.4,31641,Mrs,,Baden-Wuerttemberg,2016-06-27,1
3942,2016-06-26,2016-06-28,423,xl,blue,33,12.4,31641,Mrs,,Baden-Wuerttemberg,2016-06-27,1
3943,2016-06-26,,22,xxl,green,14,19.9,31641,Mrs,,Baden-Wuerttemberg,2016-06-27,0
3944,2016-06-26,,26,38,petrol,18,64.9,12930,Mrs,1970-07-18,Lower Saxony,2015-06-06,0
3945,2016-06-26,2016-06-27,736,41,red,1,74.9,31642,Mrs,1962-11-14,Lower Saxony,2015-02-17,1
3946,2016-06-26,2016-06-27,72,41,black,1,59.9,31642,Mrs,1962-11-14,Lower Saxony,2015-02-17,0
3947,2016-06-26,,117,41,red,1,84.9,31642,Mrs,1962-11-14,Lower Saxony,2015-02-17,0
3948,2016-06-26,2016-06-27,64,37,brown,18,59.9,6712,Mrs,1969-10-19,North Rhine-Westphalia,2016-01-03,0
3949,2016-06-26,2016-07-30,24,38,brown,17,59.9,6712,Mrs,1969-10-19,North Rhine-Westphalia,2016-01-03,0
3950,2016-06-26,2016-06-27,262,41,black,12,49.9,31644,Mrs,1956-12-02,Bavaria,2015-02-17,0
3951,2016-06-26,2016-06-27,187,xl,pink,14,29.9,31644,Mrs,1956-12-02,Bavaria,2015-02-17,0
3952,2016-06-26,2016-06-27,119,38,bordeaux,43,44.9,31646,Mrs,1967-10-11,Bavaria,2016-06-27,0
3953,2016-06-26,2016-06-28,323,39,red,70,69.9,31647,Mrs,1958-04-15,Lower Saxony,2016-06-27,0
3954,2016-06-26,,260,40,red,17,64.9,31647,Mrs,1958-04-15,Lower Saxony,2016-06-27,0
3955,2016-06-26,2016-06-27,22,m,white,14,19.9,14180,Mrs,1960-03-23,Hesse,2016-06-27,1
3956,2016-06-26,2016-06-27,187,l,white,14,49.9,14180,Mrs,1960-03-23,Hesse,2016-06-27,0
3957,2016-06-26,2016-06-27,187,m,black,14,49.9,14180,Mrs,1960-03-23,Hesse,2016-06-27,0
3958,2016-06-26,,211,39,magenta,1,44.9,30471,Mrs,1953-03-28,North Rhine-Westphalia,2016-06-22,0
3959,2016-06-26,2016-06-27,58,l,ocher,31,89.9,31648,Mrs,1965-11-16,Bavaria,2016-06-27,0
3960,2016-06-26,2016-06-27,175,l,grey,3,16.9,31648,Mrs,1965-11-16,Bavaria,2016-06-27,0
3961,2016-06-26,2016-06-27,96,l,grey,3,16.9,31648,Mrs,1965-11-16,Bavaria,2016-06-27,0
3962,2016-06-26,2016-07-18,51,xl,mocca,5,34.9,31648,Mrs,1965-11-16,Bavaria,2016-06-27,0
3963,2016-06-26,,219,40,purple,38,49.9,31648,Mrs,1965-11-16,Bavaria,2016-06-27,0
3964,2016-06-26,,219,40,brown,38,49.9,31648,Mrs,1965-11-16,Bavaria,2016-06-27,0
3965,2016-06-26,,175,l,ash,3,6.9,31648,Mrs,1965-11-16,Bavaria,2016-06-27,0
3966,2016-06-26,2016-06-28,218,xl,turquoise,42,44.9,31649,Mrs,1948-06-01,North Rhine-Westphalia,2016-06-27,1
3967,2016-06-26,2016-06-28,560,40,blue,1,54.9,31649,Mrs,1948-06-01,North Rhine-Westphalia,2016-06-27,0
3968,2016-06-26,2016-06-27,377,39,petrol,57,44.9,31650,Mrs,1964-04-08,Lower Saxony,2016-06-27,1
3969,2016-06-26,2016-06-27,377,38,petrol,57,44.9,31650,Mrs,1964-04-08,Lower Saxony,2016-06-27,1
3970,2016-06-26,,219,41,brown,38,49.9,31651,Mrs,1987-03-11,Baden-Wuerttemberg,2016-06-27,0
3971,2016-06-26,,219,42,purple,38,49.9,31651,Mrs,1987-03-11,Baden-Wuerttemberg,2016-06-27,0
3972,2016-06-26,2016-06-27,261,l,turquoise,42,49.9,31652,Mrs,1933-12-03,Rhineland-Palatinate,2016-02-29,0
3973,2016-06-26,2016-06-27,58,l,anthracite,31,89.9,29151,Mrs,1975-08-15,Saxony-Anhalt,2016-06-27,1
3974,2016-06-26,2016-06-27,392,m,brown,35,114.9,29151,Mrs,1975-08-15,Saxony-Anhalt,2016-06-27,1
3975,2016-06-26,2016-06-27,392,l,dark grey,35,114.9,29151,Mrs,1975-08-15,Saxony-Anhalt,2016-06-27,1
3976,2016-06-26,2016-06-27,576,42,purple,78,64.9,31654,Mrs,1968-08-02,North Rhine-Westphalia,2015-02-17,1
3977,2016-06-26,2016-06-27,576,40,purple,78,64.9,31654,Mrs,1968-08-02,North Rhine-Westphalia,2015-02-17,1
3978,2016-06-26,2016-06-27,465,l,denim,49,29.9,26612,Mrs,1970-06-29,Saxony,2016-06-27,1
3979,2016-06-26,2016-06-27,214,l,grey,49,44.9,26612,Mrs,1970-06-29,Saxony,2016-06-27,0
3980,2016-06-26,2016-06-27,328,l,red,37,19.9,26612,Mrs,1970-06-29,Saxony,2016-06-27,0
3981,2016-06-26,2016-06-27,108,l,grey,46,19.9,26612,Mrs,1970-06-29,Saxony,2016-06-27,1
3982,2016-06-26,2016-06-27,198,m,brown,56,39.9,26612,Mrs,1970-06-29,Saxony,2016-06-27,0
3983,2016-06-26,2016-06-27,109,37,blue,1,59.9,26612,Mrs,1970-06-29,Saxony,2016-06-27,1
3984,2016-06-26,2016-06-27,109,38,anthracite,1,59.9,26612,Mrs,1970-06-29,Saxony,2016-06-27,1
3985,2016-06-26,,194,l,white,5,34.9,26612,Mrs,1970-06-29,Saxony,2016-06-27,0
3986,2016-06-26,2016-06-28,165,42,white,47,44.9,31655,Mrs,1956-01-12,Saxony,2016-06-27,0
3987,2016-06-26,2016-06-28,1,43,ocher,1,59.9,31655,Mrs,1956-01-12,Saxony,2016-06-27,0
3988,2016-06-26,2016-06-29,319,42,ocher,40,64.9,31655,Mrs,1956-01-12,Saxony,2016-06-27,1
3989,2016-06-26,,319,42,ocher,40,64.9,31655,Mrs,1956-01-12,Saxony,2016-06-27,0
3990,2016-06-26,2016-06-27,272,36,black,53,29.9,31656,Mrs,1966-08-09,Baden-Wuerttemberg,2016-06-27,1
3991,2016-06-26,2016-06-27,272,37,black,53,29.9,31656,Mrs,1966-08-09,Baden-Wuerttemberg,2016-06-27,1
3992,2016-06-26,2016-06-27,462,36,black,1,44.9,31656,Mrs,1966-08-09,Baden-Wuerttemberg,2016-06-27,1
3993,2016-06-26,2016-06-27,462,37,black,1,44.9,31656,Mrs,1966-08-09,Baden-Wuerttemberg,2016-06-27,1
3994,2016-06-26,2016-06-27,129,36,blue,50,34.95,31656,Mrs,1966-08-09,Baden-Wuerttemberg,2016-06-27,1
3995,2016-06-26,2016-07-05,129,37,black,50,34.95,31656,Mrs,1966-08-09,Baden-Wuerttemberg,2016-06-27,0
3996,2016-06-26,2016-07-06,229,37,black,50,34.95,31656,Mrs,1966-08-09,Baden-Wuerttemberg,2016-06-27,1
3997,2016-06-26,2016-07-20,653,36,ancient,15,54.95,31657,Mrs,,Bavaria,2016-06-27,1
3998,2016-06-26,2016-06-28,582,unsized,grey,35,19.9,31658,Mrs,1987-01-09,Baden-Wuerttemberg,2016-06-27,0
3999,2016-06-26,2016-06-27,774,42,black,70,94.9,10266,Mrs,1949-09-27,Baden-Wuerttemberg,2015-02-17,1
4000,2016-06-26,2016-06-27,709,43,red,17,59.9,10266,Mrs,1949-09-27,Baden-Wuerttemberg,2015-02-17,0
4001,2016-06-26,,202,8,white,57,47.4,10266,Mrs,1949-09-27,Baden-Wuerttemberg,2015-02-17,0
4002,2016-06-26,,228,8,blue,57,49.9,10266,Mrs,1949-09-27,Baden-Wuerttemberg,2015-02-17,0
4003,2016-06-26,,31,43,purple,22,19.9,10266,Mrs,1949-09-27,Baden-Wuerttemberg,2015-02-17,0
4004,2016-06-26,,311,39,blue,38,49.9,31660,Mrs,1960-12-10,North Rhine-Westphalia,2016-02-06,0
4005,2016-06-26,2016-06-27,399,38,brown,17,64.9,25767,Mrs,1964-07-03,Hesse,2015-02-17,0
4006,2016-06-26,2016-06-27,96,l,mint,3,6.9,25767,Mrs,1964-07-03,Hesse,2015-02-17,0
4007,2016-06-26,2016-06-27,96,xl,blau,3,6.9,25767,Mrs,1964-07-03,Hesse,2015-02-17,0
4008,2016-06-26,2016-06-27,96,xl,mint,3,6.9,25767,Mrs,1964-07-03,Hesse,2015-02-17,0
4009,2016-06-26,2016-06-27,190,l,grey,3,14.9,25767,Mrs,1964-07-03,Hesse,2015-02-17,0
4010,2016-06-26,2016-06-27,191,l,red,3,9.4,25767,Mrs,1964-07-03,Hesse,2015-02-17,0
4011,2016-06-26,2016-06-27,191,l,brown,3,9.4,25767,Mrs,1964-07-03,Hesse,2015-02-17,0
4012,2016-06-26,1994-12-31,96,l,blau,3,6.9,25767,Mrs,1964-07-03,Hesse,2015-02-17,0
4013,2016-06-26,1994-12-31,191,xl,red,3,9.4,25767,Mrs,1964-07-03,Hesse,2015-02-17,1
4014,2016-06-26,2016-06-27,162,41,white,17,44.9,31661,Mrs,1957-02-07,Bavaria,2015-09-28,0
4015,2016-06-26,2016-06-27,103,41,grey,17,69.9,31661,Mrs,1957-02-07,Bavaria,2015-09-28,0
4016,2016-06-26,2016-06-27,297,39,mocca,12,49.9,28954,Mrs,1957-04-30,Lower Saxony,2015-12-07,0
4017,2016-06-26,2016-06-27,251,39,black,12,49.9,28954,Mrs,1957-04-30,Lower Saxony,2015-12-07,0
4018,2016-06-26,2016-06-27,90,38,red,24,49.9,31665,Mrs,1962-04-05,Rhineland-Palatinate,2015-02-17,1
4019,2016-06-26,2016-06-27,85,39,grey,40,54.9,31665,Mrs,1962-04-05,Rhineland-Palatinate,2015-02-17,1
4020,2016-06-26,2016-06-27,247,39,green,40,49.9,31665,Mrs,1962-04-05,Rhineland-Palatinate,2015-02-17,1
4021,2016-06-26,2016-06-27,311,38,green,38,49.9,31665,Mrs,1962-04-05,Rhineland-Palatinate,2015-02-17,0
4022,2016-06-26,2016-06-27,133,38,green,38,69.9,31665,Mrs,1962-04-05,Rhineland-Palatinate,2015-02-17,1
4023,2016-06-26,,90,38,green,24,49.9,31665,Mrs,1962-04-05,Rhineland-Palatinate,2015-02-17,0
4024,2016-06-26,,85,39,red,40,54.9,31665,Mrs,1962-04-05,Rhineland-Palatinate,2015-02-17,0
4025,2016-06-26,2016-06-28,14,37,grey,1,64.9,3410,Mrs,1970-07-16,Baden-Wuerttemberg,2016-06-25,1
4026,2016-06-26,2016-06-28,109,37,anthracite,1,59.9,3410,Mrs,1970-07-16,Baden-Wuerttemberg,2016-06-25,0
4027,2016-06-26,2016-06-28,367,37,white,18,60.0,3410,Mrs,1970-07-16,Baden-Wuerttemberg,2016-06-25,1
4028,2016-06-26,2016-06-28,540,38,grey,70,74.9,3410,Mrs,1970-07-16,Baden-Wuerttemberg,2016-06-25,1
4029,2016-06-26,2016-06-28,319,36,black,40,64.9,3410,Mrs,1970-07-16,Baden-Wuerttemberg,2016-06-25,1
4030,2016-06-26,2016-06-28,229,36,brown,50,69.95,3410,Mrs,1970-07-16,Baden-Wuerttemberg,2016-06-25,1
4031,2016-06-26,2016-06-27,187,xxl,blue,14,49.9,6994,Mrs,1959-01-29,Baden-Wuerttemberg,2015-02-17,1
4032,2016-06-26,,187,xxl,red,14,49.9,6994,Mrs,1959-01-29,Baden-Wuerttemberg,2015-02-17,0
4033,2016-06-26,,187,xxl,red,14,19.9,6994,Mrs,1959-01-29,Baden-Wuerttemberg,2015-02-17,0
4034,2016-06-26,,187,xxl,black,14,49.9,6994,Mrs,1959-01-29,Baden-Wuerttemberg,2015-02-17,0
4035,2016-06-26,2016-06-28,425,xxl,grey,46,49.9,2161,Mrs,1978-07-04,North Rhine-Westphalia,2016-04-03,1
4036,2016-06-26,2016-06-28,138,xxl,grey,46,39.9,2161,Mrs,1978-07-04,North Rhine-Westphalia,2016-04-03,1
4037,2016-06-26,2016-06-28,425,xl,grey,46,49.9,2161,Mrs,1978-07-04,North Rhine-Westphalia,2016-04-03,0
4038,2016-06-26,2016-06-28,523,xxl,magenta,3,19.9,2161,Mrs,1978-07-04,North Rhine-Westphalia,2016-04-03,1
4039,2016-06-26,2016-06-28,402,m,blue,46,29.9,2161,Mrs,1978-07-04,North Rhine-Westphalia,2016-04-03,0
4040,2016-06-26,2016-06-28,402,xl,grey,46,29.9,2161,Mrs,1978-07-04,North Rhine-Westphalia,2016-04-03,0
4041,2016-06-26,2016-06-28,402,xxl,grey,46,29.9,2161,Mrs,1978-07-04,North Rhine-Westphalia,2016-04-03,1
4042,2016-06-26,2016-07-05,425,xxl,grey,46,49.9,2161,Mrs,1978-07-04,North Rhine-Westphalia,2016-04-03,1
4043,2016-06-26,,182,41,aqua,17,54.9,31666,Mrs,1966-09-13,Baden-Wuerttemberg,2016-06-27,0
4044,2016-06-26,2016-06-29,82,m,azure,5,34.9,31666,Mrs,1966-09-13,Baden-Wuerttemberg,2016-06-27,0
4045,2016-06-26,2016-06-27,629,l,denim,25,29.9,11550,Mrs,1958-11-18,Bavaria,2016-04-13,0
4046,2016-06-26,,369,xl,red,5,34.9,11974,Mrs,1975-01-06,Bavaria,2016-04-23,0
4047,2016-06-26,2016-06-27,100,38,blue,43,59.9,17940,Mrs,1966-01-01,Hamburg,2015-12-09,0
4048,2016-06-26,2016-06-27,122,42,black,1,79.9,31667,Mrs,1968-03-27,Hamburg,2015-02-17,1
4049,2016-06-26,2016-07-04,122,43,black,1,79.9,31667,Mrs,1968-03-27,Hamburg,2015-02-17,1
4050,2016-06-26,2016-07-18,27,9,blue,19,79.9,31667,Mrs,1968-03-27,Hamburg,2015-02-17,1
4051,2016-06-26,2016-06-28,177,37+,brown,1,64.9,12477,Mrs,1957-07-28,Hesse,2015-02-17,0
4052,2016-06-26,2016-06-28,10,40,olive,9,69.9,12477,Mrs,1957-07-28,Hesse,2015-02-17,1
4053,2016-06-26,2016-06-28,49,42,stained,11,59.9,12477,Mrs,1957-07-28,Hesse,2015-02-17,1
4054,2016-06-26,2016-06-28,310,xxl,grey,66,34.9,12477,Mrs,1957-07-28,Hesse,2015-02-17,0
4055,2016-06-26,2016-06-28,197,46,ocher,1,74.9,12477,Mrs,1957-07-28,Hesse,2015-02-17,1
4056,2016-06-26,2016-06-28,44,unsized,pallid,1,7.45,12477,Mrs,1957-07-28,Hesse,2015-02-17,0
4057,2016-06-26,2016-08-13,572,xl,blue,66,24.9,12477,Mrs,1957-07-28,Hesse,2015-02-17,1
4058,2016-06-26,2016-08-13,310,xl,grey,66,34.9,12477,Mrs,1957-07-28,Hesse,2015-02-17,0
4059,2016-06-26,2016-08-13,199,38,grey,4,34.95,12477,Mrs,1957-07-28,Hesse,2015-02-17,0
4060,2016-06-26,2016-07-18,572,xxl,blue,66,24.9,12477,Mrs,1957-07-28,Hesse,2015-02-17,1
4061,2016-06-26,2016-06-28,572,xxl,blue,66,24.9,12477,Mrs,1957-07-28,Hesse,2015-02-17,1
4062,2016-06-26,2016-06-27,129,41,grey,50,34.95,29148,Mrs,1962-09-09,Lower Saxony,2015-02-17,1
4063,2016-06-26,2016-06-27,229,41,brown,50,34.95,29148,Mrs,1962-09-09,Lower Saxony,2015-02-17,1
4064,2016-06-26,2016-06-27,405,41,brown,18,64.9,29148,Mrs,1962-09-09,Lower Saxony,2015-02-17,0
4065,2016-06-26,2016-06-27,166,40,white,6,34.9,29148,Mrs,1962-09-09,Lower Saxony,2015-02-17,1
4066,2016-06-26,2016-07-02,53,44,grey,30,16.4,29148,Mrs,1962-09-09,Lower Saxony,2015-02-17,1
4067,2016-06-26,2016-06-27,42,xl,mocca,28,49.9,2394,Mrs,1970-08-19,North Rhine-Westphalia,2015-08-18,0
4068,2016-06-26,2016-07-02,172,39,black,40,59.9,2394,Mrs,1970-08-19,North Rhine-Westphalia,2015-08-18,0
4069,2016-06-26,2016-07-04,262,39,mocca,12,49.9,2394,Mrs,1970-08-19,North Rhine-Westphalia,2015-08-18,0
4070,2016-06-26,2016-07-06,82,xl,berry,5,34.9,2394,Mrs,1970-08-19,North Rhine-Westphalia,2015-08-18,0
4071,2016-06-26,2016-06-28,272,37,brown,53,29.9,31668,Mrs,1955-02-22,Baden-Wuerttemberg,2016-06-27,1
4072,2016-06-26,2016-06-28,272,38,brown,53,29.9,31668,Mrs,1955-02-22,Baden-Wuerttemberg,2016-06-27,1
4073,2016-06-26,2016-06-28,272,37,black,53,29.9,31668,Mrs,1955-02-22,Baden-Wuerttemberg,2016-06-27,1
4074,2016-06-26,2016-06-28,104,37,ocher,1,69.9,31668,Mrs,1955-02-22,Baden-Wuerttemberg,2016-06-27,1
4075,2016-06-26,2016-06-28,104,38,ocher,1,69.9,31668,Mrs,1955-02-22,Baden-Wuerttemberg,2016-06-27,1
4076,2016-06-26,2016-06-27,175,m,ash,3,6.9,22933,Mrs,1961-08-25,Baden-Wuerttemberg,2015-02-17,0
4077,2016-06-26,2016-06-27,175,m,purple,3,6.9,22933,Mrs,1961-08-25,Baden-Wuerttemberg,2015-02-17,0
4078,2016-06-26,2016-06-27,740,40,hibiscus,72,19.9,22933,Mrs,1961-08-25,Baden-Wuerttemberg,2015-02-17,1
4079,2016-06-26,2016-06-27,343,m,hibiscus,37,24.9,22933,Mrs,1961-08-25,Baden-Wuerttemberg,2015-02-17,0
4080,2016-06-26,2016-06-27,218,m,turquoise,42,44.9,22933,Mrs,1961-08-25,Baden-Wuerttemberg,2015-02-17,1
4081,2016-06-26,2016-06-27,463,40,beige,25,29.9,22933,Mrs,1961-08-25,Baden-Wuerttemberg,2015-02-17,1
4082,2016-06-26,2016-06-27,897,m,grey,33,9.9,22933,Mrs,1961-08-25,Baden-Wuerttemberg,2015-02-17,1
4083,2016-06-26,2016-07-02,61,m,green,28,39.9,22933,Mrs,1961-08-25,Baden-Wuerttemberg,2015-02-17,1
4084,2016-06-26,2016-06-27,85,39,brown,40,54.9,7985,Mrs,1956-04-01,Rhineland-Palatinate,2015-02-17,0
4085,2016-06-26,2016-06-27,246,39,green,40,59.9,7985,Mrs,1956-04-01,Rhineland-Palatinate,2015-02-17,0
4086,2016-06-26,2016-06-28,41,40,red,1,49.9,31669,Mrs,1956-06-23,Baden-Wuerttemberg,2016-06-27,1
4087,2016-06-26,,219,40,brown,38,49.9,31670,Mrs,1976-09-06,North Rhine-Westphalia,2016-06-27,0
4088,2016-06-26,,162,39,red,17,44.9,3642,Mrs,1956-10-20,Berlin,2015-02-17,0
4089,2016-06-26,,162,40,red,17,44.9,3642,Mrs,1956-10-20,Berlin,2015-02-17,0
4090,2016-06-26,2016-06-27,96,l,white,3,16.9,12930,Mrs,1970-07-18,Lower Saxony,2015-06-06,0
4091,2016-06-26,2016-06-27,6,20,blue,6,39.9,12930,Mrs,1970-07-18,Lower Saxony,2015-06-06,0
4092,2016-06-26,2016-06-27,96,l,white,3,16.9,12930,Mrs,1970-07-18,Lower Saxony,2015-06-06,0
4093,2016-06-26,2016-06-27,96,l,ash,3,16.9,12930,Mrs,1970-07-18,Lower Saxony,2015-06-06,0
4094,2016-06-26,2016-06-27,96,l,mint,3,6.9,12930,Mrs,1970-07-18,Lower Saxony,2015-06-06,0
4095,2016-06-26,2016-06-27,96,l,grey,3,16.9,12930,Mrs,1970-07-18,Lower Saxony,2015-06-06,0
4096,2016-06-26,2016-06-27,6,20,blue,6,39.9,12930,Mrs,1970-07-18,Lower Saxony,2015-06-06,1
4097,2016-06-26,2016-06-27,146,l,olive,3,24.9,12930,Mrs,1970-07-18,Lower Saxony,2015-06-06,0
4098,2016-06-26,2016-06-27,146,l,green,3,21.9,12930,Mrs,1970-07-18,Lower Saxony,2015-06-06,0
4099,2016-06-26,2016-06-27,212,l,white,5,34.9,12930,Mrs,1970-07-18,Lower Saxony,2015-06-06,1
4100,2016-06-26,2016-06-27,212,l,black,5,34.9,12930,Mrs,1970-07-18,Lower Saxony,2015-06-06,1
4101,2016-06-26,2016-06-27,175,l,white,3,16.9,12930,Mrs,1970-07-18,Lower Saxony,2015-06-06,0
4102,2016-06-26,2016-06-27,175,l,black,3,16.9,12930,Mrs,1970-07-18,Lower Saxony,2015-06-06,0
4103,2016-06-26,2016-06-27,175,l,white,3,16.9,12930,Mrs,1970-07-18,Lower Saxony,2015-06-06,0
4104,2016-06-26,2016-06-27,175,l,green,3,16.9,12930,Mrs,1970-07-18,Lower Saxony,2015-06-06,0
4105,2016-06-26,2016-06-27,146,l,black,3,21.9,12930,Mrs,1970-07-18,Lower Saxony,2015-06-06,0
4106,2016-06-26,2016-06-27,146,l,black,3,21.9,12930,Mrs,1970-07-18,Lower Saxony,2015-06-06,0
4107,2016-06-26,,96,l,black,3,16.9,12930,Mrs,1970-07-18,Lower Saxony,2015-06-06,0
4108,2016-06-26,,146,l,brown,3,9.4,12930,Mrs,1970-07-18,Lower Saxony,2015-06-06,0
4109,2016-06-26,,661,l,black,5,29.9,12930,Mrs,1970-07-18,Lower Saxony,2015-06-06,0
4110,2016-06-26,,96,l,white,3,16.9,12930,Mrs,1970-07-18,Lower Saxony,2015-06-06,0
4111,2016-06-26,2016-07-26,337,128,pink,30,9.9,31673,Mrs,1976-02-10,Schleswig-Holstein,2015-10-14,0
4112,2016-06-26,2016-07-26,337,128,grey,30,9.9,31673,Mrs,1976-02-10,Schleswig-Holstein,2015-10-14,1
4113,2016-06-26,2016-06-27,245,42,pink,1,59.9,28055,Mrs,1966-12-30,North Rhine-Westphalia,2015-02-17,1
4114,2016-06-26,2016-06-28,242,l,white,20,59.9,26790,Mrs,1960-01-29,Brandenburg,2016-03-08,1
4115,2016-06-26,2016-06-28,242,l,black,20,59.9,26790,Mrs,1960-01-29,Brandenburg,2016-03-08,1
4116,2016-06-26,2016-06-28,242,m,black,20,59.9,26790,Mrs,1960-01-29,Brandenburg,2016-03-08,1
4117,2016-06-26,2016-06-28,238,l,petrol,20,44.9,26790,Mrs,1960-01-29,Brandenburg,2016-03-08,1
4118,2016-06-26,2016-06-28,273,m,white,20,59.9,26790,Mrs,1960-01-29,Brandenburg,2016-03-08,1
4119,2016-06-26,2016-06-28,273,l,white,20,59.9,26790,Mrs,1960-01-29,Brandenburg,2016-03-08,0
4120,2016-06-26,2016-06-28,343,l,olive,37,24.9,26790,Mrs,1960-01-29,Brandenburg,2016-03-08,0
4121,2016-06-26,2016-06-28,94,m,ocher,31,49.9,26790,Mrs,1960-01-29,Brandenburg,2016-03-08,1
4122,2016-06-26,2016-06-28,94,l,ocher,31,49.9,26790,Mrs,1960-01-29,Brandenburg,2016-03-08,1
4123,2016-06-26,2016-06-27,623,xxl,ash,5,39.9,30376,Mrs,1947-08-08,Lower Saxony,2016-06-22,0
4124,2016-06-26,2016-06-27,105,39,black,45,49.9,1207,Mrs,1974-04-14,North Rhine-Westphalia,2015-02-17,0
4125,2016-06-26,2016-06-27,105,40,brown,45,49.9,1207,Mrs,1974-04-14,North Rhine-Westphalia,2015-02-17,0
4126,2016-06-26,2016-06-27,484,6+,brown,19,39.9,1207,Mrs,1974-04-14,North Rhine-Westphalia,2015-02-17,1
4127,2016-06-26,2016-06-27,36,38,orange,1,39.9,6616,Mrs,1963-03-10,Baden-Wuerttemberg,2015-03-02,0
4128,2016-06-26,2016-07-06,36,37,orange,1,39.9,6616,Mrs,1963-03-10,Baden-Wuerttemberg,2015-03-02,1
4129,2016-06-26,2016-06-27,394,40,black,44,72.5,1084,Mrs,1965-04-29,North Rhine-Westphalia,2015-02-17,1
4130,2016-06-26,2016-06-27,394,40,ecru,44,72.5,1084,Mrs,1965-04-29,North Rhine-Westphalia,2015-02-17,1
4131,2016-06-26,2016-06-28,137,40,blue,38,54.9,31680,Mrs,1966-11-30,North Rhine-Westphalia,2016-06-27,1
4132,2016-06-26,,219,40,red,38,49.9,31680,Mrs,1966-11-30,North Rhine-Westphalia,2016-06-27,0
4133,2016-06-26,,137,40,brown,38,54.9,31680,Mrs,1966-11-30,North Rhine-Westphalia,2016-06-27,0
4134,2016-06-26,2016-06-27,262,38,mocca,12,49.9,29749,Mrs,1969-02-20,North Rhine-Westphalia,2015-02-17,1
4135,2016-06-26,2016-06-27,147,38,blue,1,49.9,29749,Mrs,1969-02-20,North Rhine-Westphalia,2015-02-17,1
4136,2016-06-26,2016-06-27,147,37,blue,1,49.9,29749,Mrs,1969-02-20,North Rhine-Westphalia,2015-02-17,0
4137,2016-06-26,2016-06-27,402,l,blue,46,14.9,29749,Mrs,1969-02-20,North Rhine-Westphalia,2015-02-17,0
4138,2016-06-26,2016-06-27,402,xl,grey,46,14.9,29749,Mrs,1969-02-20,North Rhine-Westphalia,2015-02-17,1
4139,2016-06-26,2016-06-27,205,38,grey,40,59.9,29749,Mrs,1969-02-20,North Rhine-Westphalia,2015-02-17,1
4140,2016-06-26,2016-06-27,67,l,blue,20,34.9,29749,Mrs,1969-02-20,North Rhine-Westphalia,2015-02-17,1
4141,2016-06-26,2016-06-27,67,xl,blue,20,34.9,29749,Mrs,1969-02-20,North Rhine-Westphalia,2015-02-17,1
4142,2016-06-26,2016-06-27,68,xxl,purple,3,19.9,29749,Mrs,1969-02-20,North Rhine-Westphalia,2015-02-17,1
4143,2016-06-26,2016-06-27,273,xl,white,20,59.9,29749,Mrs,1969-02-20,North Rhine-Westphalia,2015-02-17,1
4144,2016-06-26,2016-06-27,125,l,brown,2,19.9,29749,Mrs,1969-02-20,North Rhine-Westphalia,2015-02-17,1
4145,2016-06-26,,125,xl,blue,2,19.9,29749,Mrs,1969-02-20,North Rhine-Westphalia,2015-02-17,0
4146,2016-06-26,2016-07-02,63,xl,khaki,33,9.9,29749,Mrs,1969-02-20,North Rhine-Westphalia,2015-02-17,1
4147,2016-06-26,2016-06-27,63,xl,khaki,33,9.9,29749,Mrs,1969-02-20,North Rhine-Westphalia,2015-02-17,1
4148,2016-06-26,2016-06-27,324,40,ocher,44,57.5,31681,Mrs,1963-09-19,Baden-Wuerttemberg,2015-11-02,1
4149,2016-06-26,2016-06-27,84,xl,berry,5,24.9,31681,Mrs,1963-09-19,Baden-Wuerttemberg,2015-11-02,0
4150,2016-06-26,2016-06-27,84,xl,green,5,24.9,31681,Mrs,1963-09-19,Baden-Wuerttemberg,2015-11-02,0
4151,2016-06-26,2016-06-27,65,40,blue,17,39.9,31681,Mrs,1963-09-19,Baden-Wuerttemberg,2015-11-02,0
4152,2016-06-26,2016-06-27,116,xl,grey,5,49.9,31681,Mrs,1963-09-19,Baden-Wuerttemberg,2015-11-02,0
4153,2016-06-26,2016-06-28,560,40,blue,1,54.9,31682,Mrs,1983-08-28,North Rhine-Westphalia,2016-06-27,1
4154,2016-06-26,2016-06-28,188,40,mocca,55,74.9,31682,Mrs,1983-08-28,North Rhine-Westphalia,2016-06-27,0
4155,2016-06-26,2016-06-28,441,40,brown,53,29.9,31682,Mrs,1983-08-28,North Rhine-Westphalia,2016-06-27,1
4156,2016-06-26,,531,40,blue,1,49.9,31682,Mrs,1983-08-28,North Rhine-Westphalia,2016-06-27,0
4157,2016-06-26,2016-06-27,4,6+,grey,4,64.9,15394,Mrs,1972-04-20,Lower Saxony,2016-01-25,1
4158,2016-06-26,2016-06-27,555,140,denim,30,9.9,15394,Mrs,1972-04-20,Lower Saxony,2016-01-25,0
4159,2016-06-26,2016-06-27,345,xxl,berry,37,11.9,15394,Mrs,1972-04-20,Lower Saxony,2016-01-25,0
4160,2016-06-26,2016-06-27,371,10,brown,21,34.9,15394,Mrs,1972-04-20,Lower Saxony,2016-01-25,1
4161,2016-06-26,2016-06-27,100,41,brown,43,59.9,15394,Mrs,1972-04-20,Lower Saxony,2016-01-25,1
4162,2016-06-26,,449,xxl,berry,3,9.4,15394,Mrs,1972-04-20,Lower Saxony,2016-01-25,0
4163,2016-06-26,2016-06-27,628,xl,grey,5,39.9,17266,Mrs,1953-09-11,Rhineland-Palatinate,2015-04-19,0
4164,2016-06-26,2016-06-27,448,44,grey,72,49.9,17266,Mrs,1953-09-11,Rhineland-Palatinate,2015-04-19,0
4165,2016-06-26,2016-06-27,623,l,petrol,5,39.9,17266,Mrs,1953-09-11,Rhineland-Palatinate,2015-04-19,0
4166,2016-06-26,2016-06-27,142,l,red,49,49.9,17266,Mrs,1953-09-11,Rhineland-Palatinate,2015-04-19,0
4167,2016-06-26,,194,l,white,5,34.9,17266,Mrs,1953-09-11,Rhineland-Palatinate,2015-04-19,0
4168,2016-06-26,2016-06-27,323,38,black,70,69.9,31684,Mrs,1965-04-08,Bavaria,2015-03-30,1
4169,2016-06-26,2016-07-06,229,38,white,50,34.95,31684,Mrs,1965-04-08,Bavaria,2015-03-30,0
4170,2016-06-26,2016-06-27,125,m,green,2,19.9,31685,Mrs,1948-06-26,Hesse,2015-11-17,0
4171,2016-06-26,2016-07-04,182,39,green,17,54.9,31685,Mrs,1948-06-26,Hesse,2015-11-17,0
4172,2016-06-26,,3,m,red,3,19.9,31685,Mrs,1948-06-26,Hesse,2015-11-17,0
4173,2016-06-26,2016-06-27,111,39,stained,1,99.9,31687,Mrs,1970-06-04,North Rhine-Westphalia,2016-03-11,0
4174,2016-06-26,2016-06-27,259,41,blue,1,59.9,10787,Mrs,1960-12-08,Lower Saxony,2016-04-20,1
4175,2016-06-26,2016-06-27,690,44,blue,1,69.9,10787,Mrs,1960-12-08,Lower Saxony,2016-04-20,1
4176,2016-06-26,2016-06-27,219,40,mango,38,49.9,31689,Mrs,1969-10-29,Hesse,2015-02-17,1
4177,2016-06-26,,485,38,black,70,69.9,31690,Mrs,1958-06-21,Hesse,2016-06-27,0
4178,2016-06-26,2016-06-27,100,37,blue,43,59.9,25796,Mrs,1957-03-19,North Rhine-Westphalia,2016-06-03,0
4179,2016-06-26,2016-06-27,106,40,white,6,29.9,25796,Mrs,1957-03-19,North Rhine-Westphalia,2016-06-03,0
4180,2016-06-26,2016-06-27,534,11,stained,21,39.9,15313,Mrs,1966-06-25,Lower Saxony,2015-10-01,0
4181,2016-06-26,2016-06-27,65,42,blue,17,39.9,15313,Mrs,1966-06-25,Lower Saxony,2015-10-01,0
4182,2016-06-26,2016-07-20,806,38,aviator,15,35.45,12162,Mrs,1975-07-18,Lower Saxony,2015-02-17,1
4183,2016-06-26,2016-07-20,608,38,navy,15,32.95,12162,Mrs,1975-07-18,Lower Saxony,2015-02-17,1
4184,2016-06-26,2016-07-20,247,37,purple,40,49.9,12162,Mrs,1975-07-18,Lower Saxony,2015-02-17,0
4185,2016-06-26,2016-07-23,806,38,ancient,15,35.45,12162,Mrs,1975-07-18,Lower Saxony,2015-02-17,1
4186,2016-06-26,2016-06-27,53,42,pink,30,16.4,31666,Mrs,1966-09-13,Baden-Wuerttemberg,2016-06-27,0
4187,2016-06-26,2016-06-27,182,41,aqua,17,54.9,31666,Mrs,1966-09-13,Baden-Wuerttemberg,2016-06-27,0
4188,2016-06-26,2016-06-27,72,38,black,1,59.9,31692,Mrs,1965-06-26,Bavaria,2015-02-17,1
4189,2016-06-26,2016-07-18,486,38,purple,38,64.9,31692,Mrs,1965-06-26,Bavaria,2015-02-17,1
4190,2016-06-26,2016-06-28,268,xxl,pink,2,24.9,31693,Mrs,1969-05-26,Bavaria,2016-06-27,0
4191,2016-06-26,2016-06-28,118,xl,berry,6,44.9,31693,Mrs,1969-05-26,Bavaria,2016-06-27,0
4192,2016-06-26,,194,l,brown,5,34.9,31693,Mrs,1969-05-26,Bavaria,2016-06-27,0
4193,2016-06-26,2016-06-27,397,38,blue,53,34.9,11075,Mrs,1956-01-29,Hamburg,2015-02-17,0
4194,2016-06-26,2016-06-27,137,38,purple,38,54.9,11075,Mrs,1956-01-29,Hamburg,2015-02-17,0
4195,2016-06-26,2016-06-29,165,40,purple,47,44.9,31694,Mrs,,North Rhine-Westphalia,2016-06-27,0
4196,2016-06-26,2016-06-29,7,44,purple,7,9.9,31694,Mrs,,North Rhine-Westphalia,2016-06-27,1
4197,2016-06-26,,107,40,red,12,44.9,31694,Mrs,,North Rhine-Westphalia,2016-06-27,0
4198,2016-06-26,2016-06-27,242,l,black,20,59.9,28674,Mrs,1954-02-10,Lower Saxony,2015-02-17,1
4199,2016-06-26,2016-06-27,628,m,black,5,39.9,28674,Mrs,1954-02-10,Lower Saxony,2015-02-17,0
4200,2016-06-26,2016-06-28,273,xl,white,20,59.9,31695,Mrs,1959-03-31,North Rhine-Westphalia,2016-06-27,0
4201,2016-06-26,2016-06-28,17,46,blue,11,34.9,31695,Mrs,1959-03-31,North Rhine-Westphalia,2016-06-27,1
4202,2016-06-26,2016-06-28,319,42,blue,40,64.9,31696,Mrs,,Lower Saxony,2016-06-27,0
4203,2016-06-26,2016-06-27,51,xl,red,5,34.9,22287,Mrs,1957-05-05,North Rhine-Westphalia,2015-02-17,0
4204,2016-06-26,2016-06-27,263,xl,petrol,5,34.9,22287,Mrs,1957-05-05,North Rhine-Westphalia,2015-02-17,1
4205,2016-06-26,2016-06-27,271,xl,purple,5,29.9,22287,Mrs,1957-05-05,North Rhine-Westphalia,2015-02-17,1
4206,2016-06-26,2016-06-27,271,xl,ash,5,29.9,22287,Mrs,1957-05-05,North Rhine-Westphalia,2015-02-17,1
4207,2016-06-26,2016-06-27,271,xl,denim,5,29.9,22287,Mrs,1957-05-05,North Rhine-Westphalia,2015-02-17,1
4208,2016-06-26,2016-06-27,271,xl,black,5,29.9,22287,Mrs,1957-05-05,North Rhine-Westphalia,2015-02-17,1
4209,2016-06-26,2016-06-27,465,xl,ash,49,29.9,22287,Mrs,1957-05-05,North Rhine-Westphalia,2015-02-17,1
4210,2016-06-26,2016-06-27,190,xxl,green,3,14.9,22287,Mrs,1957-05-05,North Rhine-Westphalia,2015-02-17,1
4211,2016-06-26,2016-06-27,22,xxl,red,14,19.9,22287,Mrs,1957-05-05,North Rhine-Westphalia,2015-02-17,1
4212,2016-06-26,2016-06-27,86,xxl,berry,5,39.9,22287,Mrs,1957-05-05,North Rhine-Westphalia,2015-02-17,1
4213,2016-06-26,2016-06-27,86,xxl,denim,5,39.9,22287,Mrs,1957-05-05,North Rhine-Westphalia,2015-02-17,1
4214,2016-06-26,2016-06-27,113,39,grey,1,49.9,22287,Mrs,1957-05-05,North Rhine-Westphalia,2015-02-17,0
4215,2016-06-26,2016-07-04,271,xl,blue,5,29.9,22287,Mrs,1957-05-05,North Rhine-Westphalia,2015-02-17,1
4216,2016-06-26,2016-07-02,61,xl,denim,28,39.9,22287,Mrs,1957-05-05,North Rhine-Westphalia,2015-02-17,1
4217,2016-06-26,2016-06-27,61,xl,denim,28,39.9,22287,Mrs,1957-05-05,North Rhine-Westphalia,2015-02-17,1
4218,2016-06-26,2016-07-05,113,39,black,1,49.9,22287,Mrs,1957-05-05,North Rhine-Westphalia,2015-02-17,0
4219,2016-06-26,2016-08-03,87,xl,red,5,39.9,22287,Mrs,1957-05-05,North Rhine-Westphalia,2015-02-17,0
4220,2016-06-26,2016-08-03,87,xl,berry,5,39.9,22287,Mrs,1957-05-05,North Rhine-Westphalia,2015-02-17,0
4221,2016-06-26,2016-08-03,87,xl,mocca,5,39.9,22287,Mrs,1957-05-05,North Rhine-Westphalia,2015-02-17,0
4222,2016-06-26,2016-08-03,87,xl,grey,5,39.9,22287,Mrs,1957-05-05,North Rhine-Westphalia,2015-02-17,0
4223,2016-06-26,,626,xxl,denim,5,29.9,22287,Mrs,1957-05-05,North Rhine-Westphalia,2015-02-17,0
4224,2016-06-26,2016-08-03,271,xl,magenta,5,29.9,22287,Mrs,1957-05-05,North Rhine-Westphalia,2015-02-17,0
4225,2016-06-26,2016-08-03,271,xl,green,5,29.9,22287,Mrs,1957-05-05,North Rhine-Westphalia,2015-02-17,0
4226,2016-06-26,2016-08-03,271,xl,petrol,5,29.9,22287,Mrs,1957-05-05,North Rhine-Westphalia,2015-02-17,0
4227,2016-06-26,,212,xxl,magenta,5,34.9,22287,Mrs,1957-05-05,North Rhine-Westphalia,2015-02-17,0
4228,2016-06-26,2016-08-03,661,xxl,azure,5,29.9,22287,Mrs,1957-05-05,North Rhine-Westphalia,2015-02-17,0
4229,2016-06-26,2016-08-03,661,xxl,yellow,5,29.95,22287,Mrs,1957-05-05,North Rhine-Westphalia,2015-02-17,0
4230,2016-06-26,2016-08-03,661,xxl,white,5,29.9,22287,Mrs,1957-05-05,North Rhine-Westphalia,2015-02-17,0
4231,2016-06-26,2016-08-03,2,xl,green,2,19.9,22287,Mrs,1957-05-05,North Rhine-Westphalia,2015-02-17,1
4232,2016-06-26,,22,xxl,green,14,19.9,22287,Mrs,1957-05-05,North Rhine-Westphalia,2015-02-17,0
4233,2016-06-26,,22,xxl,grey,14,19.9,22287,Mrs,1957-05-05,North Rhine-Westphalia,2015-02-17,0
4234,2016-06-26,,69,xxl,hibiscus,5,29.9,22287,Mrs,1957-05-05,North Rhine-Westphalia,2015-02-17,0
4235,2016-06-26,,61,xl,magenta,28,39.9,22287,Mrs,1957-05-05,North Rhine-Westphalia,2015-02-17,0
4236,2016-06-26,,87,xxl,orange,5,39.9,22287,Mrs,1957-05-05,North Rhine-Westphalia,2015-02-17,0
4237,2016-06-26,,87,xxl,orange,5,39.9,22287,Mrs,1957-05-05,North Rhine-Westphalia,2015-02-17,0
4238,2016-06-26,2016-06-27,391,7,silver,48,39.9,20818,Mrs,1968-11-26,Lower Saxony,2015-02-17,1
4239,2016-06-26,2016-06-27,391,7+,grey,48,39.9,20818,Mrs,1968-11-26,Lower Saxony,2015-02-17,0
4240,2016-06-26,2016-06-27,177,41,brown,1,64.9,20740,Mrs,1959-08-31,Bavaria,2015-02-17,1
4241,2016-06-26,2016-06-27,446,42,grey,23,64.9,20740,Mrs,1959-08-31,Bavaria,2015-02-17,1
4242,2016-06-26,2016-06-27,178,8,black,4,44.95,20740,Mrs,1959-08-31,Bavaria,2015-02-17,0
4243,2016-06-26,2016-06-27,178,8+,grey,4,44.95,20740,Mrs,1959-08-31,Bavaria,2015-02-17,1
4244,2016-06-26,2016-06-27,243,8,anthracite,12,49.9,20740,Mrs,1959-08-31,Bavaria,2015-02-17,0
4245,2016-06-26,2016-06-27,80,41,grey,26,39.9,20740,Mrs,1959-08-31,Bavaria,2015-02-17,0
4246,2016-06-26,2016-06-28,103,42,red,17,69.9,31697,Mrs,,Schleswig-Holstein,2016-06-27,0
4247,2016-06-26,,219,39,brown,38,49.9,10098,Mrs,1972-01-12,Schleswig-Holstein,2015-03-03,0
4248,2016-06-26,2016-06-28,65,39,blue,17,39.9,31699,Mr,,Mecklenburg-Western Pomerania,2016-06-27,1
4249,2016-06-26,,65,39,mango,17,39.9,31699,Mr,,Mecklenburg-Western Pomerania,2016-06-27,0
4250,2016-06-26,2016-06-27,242,l,black,20,59.9,31700,Mrs,1952-09-12,North Rhine-Westphalia,2015-11-03,1
4251,2016-06-26,2016-06-27,242,l,white,20,59.9,31701,Mrs,1963-10-21,North Rhine-Westphalia,2015-02-17,1
4252,2016-06-26,2016-06-27,242,xl,white,20,59.9,31701,Mrs,1963-10-21,North Rhine-Westphalia,2015-02-17,0
4253,2016-06-26,2016-06-27,273,l,white,20,59.9,31701,Mrs,1963-10-21,North Rhine-Westphalia,2015-02-17,1
4254,2016-06-26,2016-06-27,273,xl,white,20,59.9,31701,Mrs,1963-10-21,North Rhine-Westphalia,2015-02-17,0
4255,2016-06-26,2016-06-27,319,38,olive,40,64.9,31701,Mrs,1963-10-21,North Rhine-Westphalia,2015-02-17,1
4256,2016-06-26,2016-06-27,32,l,ash,3,21.9,31701,Mrs,1963-10-21,North Rhine-Westphalia,2015-02-17,1
4257,2016-06-26,2016-06-27,32,xl,blau,3,9.4,31701,Mrs,1963-10-21,North Rhine-Westphalia,2015-02-17,1
4258,2016-06-26,2016-06-27,32,l,grey,3,21.9,31701,Mrs,1963-10-21,North Rhine-Westphalia,2015-02-17,1
4259,2016-06-26,2016-06-27,32,xl,grey,3,21.9,31701,Mrs,1963-10-21,North Rhine-Westphalia,2015-02-17,1
4260,2016-06-26,2016-06-27,32,l,brown,3,9.4,31701,Mrs,1963-10-21,North Rhine-Westphalia,2015-02-17,1
4261,2016-06-26,2016-06-27,32,l,white,3,21.9,31701,Mrs,1963-10-21,North Rhine-Westphalia,2015-02-17,1
4262,2016-06-26,,32,l,black,3,21.9,31701,Mrs,1963-10-21,North Rhine-Westphalia,2015-02-17,0
4263,2016-06-26,,32,xl,black,3,21.9,31701,Mrs,1963-10-21,North Rhine-Westphalia,2015-02-17,0
4264,2016-06-26,2016-06-27,246,40,blue,40,59.9,31702,Mrs,1961-08-30,Rhineland-Palatinate,2015-02-17,1
4265,2016-06-26,2016-06-27,319,40,blue,40,64.9,31702,Mrs,1961-08-30,Rhineland-Palatinate,2015-02-17,0
4266,2016-06-26,2016-06-27,394,40,ecru,44,72.5,31702,Mrs,1961-08-30,Rhineland-Palatinate,2015-02-17,1
4267,2016-06-26,2016-06-27,895,38,ocher,39,39.95,31702,Mrs,1961-08-30,Rhineland-Palatinate,2015-02-17,1
4268,2016-06-26,2016-06-27,895,38,white,39,39.95,31702,Mrs,1961-08-30,Rhineland-Palatinate,2015-02-17,1
4269,2016-06-26,2016-06-27,58,s,green,31,44.9,31702,Mrs,1961-08-30,Rhineland-Palatinate,2015-02-17,1
4270,2016-06-26,2016-06-27,125,s,blue,2,19.9,31702,Mrs,1961-08-30,Rhineland-Palatinate,2015-02-17,0
4271,2016-06-26,2016-06-27,125,s,green,2,19.9,31702,Mrs,1961-08-30,Rhineland-Palatinate,2015-02-17,0
4272,2016-06-26,2016-07-04,895,38,blue,39,39.95,31702,Mrs,1961-08-30,Rhineland-Palatinate,2015-02-17,0
4273,2016-06-26,2016-07-04,895,38,blue,39,39.95,31702,Mrs,1961-08-30,Rhineland-Palatinate,2015-02-17,0
4274,2016-06-26,,319,40,ocher,40,64.9,31702,Mrs,1961-08-30,Rhineland-Palatinate,2015-02-17,0
4275,2016-06-26,2016-06-27,36,42,mocca,1,79.9,31704,Mrs,1959-11-28,Bavaria,2015-02-17,0
4276,2016-06-26,2016-06-28,165,39,black,47,89.9,31705,Mrs,1967-03-19,Schleswig-Holstein,2016-06-27,0
4277,2016-06-26,2016-06-28,165,40,mocca,47,89.9,31705,Mrs,1967-03-19,Schleswig-Holstein,2016-06-27,0
4278,2016-06-26,2016-06-28,165,39,white,47,44.9,31705,Mrs,1967-03-19,Schleswig-Holstein,2016-06-27,0
4279,2016-06-26,2016-06-28,247,39,blue,40,49.9,31705,Mrs,1967-03-19,Schleswig-Holstein,2016-06-27,1
4280,2016-06-26,2016-06-28,246,39,grey,40,59.9,31705,Mrs,1967-03-19,Schleswig-Holstein,2016-06-27,1
4281,2016-06-26,2016-06-28,323,40,grey,70,69.9,31705,Mrs,1967-03-19,Schleswig-Holstein,2016-06-27,0
4282,2016-06-26,2016-06-28,603,40,black,55,84.9,31705,Mrs,1967-03-19,Schleswig-Holstein,2016-06-27,0
4283,2016-06-26,2016-06-28,141,l,blue,25,69.9,31705,Mrs,1967-03-19,Schleswig-Holstein,2016-06-27,1
4284,2016-06-26,,188,40,black,55,74.9,31705,Mrs,1967-03-19,Schleswig-Holstein,2016-06-27,0
4285,2016-06-26,,211,39,turquoise,1,44.9,30471,Mrs,1953-03-28,North Rhine-Westphalia,2016-06-22,0
4286,2016-06-26,2016-06-27,205,40,grey,40,59.9,20199,Mrs,1965-05-09,North Rhine-Westphalia,2015-02-17,0
4287,2016-06-26,,11,unsized,yellow,10,17.4,20199,Mrs,1965-05-09,North Rhine-Westphalia,2015-02-17,0
4288,2016-06-26,2016-06-28,114,39,brown,43,64.9,31708,Mrs,,Mecklenburg-Western Pomerania,2016-06-27,1
4289,2016-06-26,2016-07-03,72,41,grey,1,59.9,31710,Mrs,1965-06-26,Baden-Wuerttemberg,2016-06-27,0
4290,2016-06-26,2016-06-27,260,41,red,17,64.9,31711,Mrs,1954-07-28,Bavaria,2016-06-27,1
4291,2016-06-26,2016-06-27,103,41,anthracite,17,69.9,31711,Mrs,1954-07-28,Bavaria,2016-06-27,1
4292,2016-06-26,2016-06-27,311,41,blue,38,49.9,31712,Mrs,,North Rhine-Westphalia,2016-03-29,1
4293,2016-06-26,2016-07-05,324,40,ocher,44,57.5,31712,Mrs,,North Rhine-Westphalia,2016-03-29,1
4294,2016-06-26,,199,41,white,4,34.95,31713,Mrs,1970-07-29,Lower Saxony,2016-06-27,0
4295,2016-06-26,,162,41,black,17,44.9,31713,Mrs,1970-07-29,Lower Saxony,2016-06-27,0
4296,2016-06-26,2016-07-03,37,39,grey,1,39.9,31714,Mrs,1974-07-31,Lower Saxony,2016-03-02,1
4297,2016-06-26,2016-07-03,37,39,brown,1,39.9,31714,Mrs,1974-07-31,Lower Saxony,2016-03-02,1
4298,2016-06-26,2016-06-28,133,39,grey,38,69.9,31715,Mrs,,Schleswig-Holstein,2016-06-27,0
4299,2016-06-26,2016-06-28,219,39,black,38,49.9,31717,Mrs,1958-10-13,Bavaria,2016-06-27,1
4300,2016-06-26,2016-06-28,163,39,blue,53,24.9,31717,Mrs,1958-10-13,Bavaria,2016-06-27,1
4301,2016-06-26,2016-07-04,125,l,magenta,2,19.9,31717,Mrs,1958-10-13,Bavaria,2016-06-27,0
4302,2016-06-26,2016-07-04,282,l,grey,20,14.9,31717,Mrs,1958-10-13,Bavaria,2016-06-27,1
4303,2016-06-26,2016-06-27,137,42,green,38,54.9,31718,Mrs,1972-11-25,Bavaria,2015-02-17,0
4304,2016-06-26,,199,41,blue,4,34.95,31718,Mrs,1972-11-25,Bavaria,2015-02-17,0
4305,2016-06-26,,219,41,blue,38,49.9,31718,Mrs,1972-11-25,Bavaria,2015-02-17,0
4306,2016-06-26,,219,41,brown,38,49.9,31718,Mrs,1972-11-25,Bavaria,2015-02-17,0
4307,2016-06-26,,137,41,brown,38,54.9,31718,Mrs,1972-11-25,Bavaria,2015-02-17,0
4308,2016-06-26,2016-06-28,709,37,red,17,59.9,31719,Mrs,,Hesse,2016-06-27,1
4309,2016-06-26,,709,38,red,17,59.9,31719,Mrs,,Hesse,2016-06-27,0
4310,2016-06-26,2016-06-27,363,39,blue,40,64.9,31720,Mrs,1963-12-10,North Rhine-Westphalia,2015-02-17,0
4311,2016-06-26,2016-06-27,246,39,blue,40,59.9,31720,Mrs,1963-12-10,North Rhine-Westphalia,2015-02-17,0
4312,2016-06-26,2016-06-27,427,39,grey,55,84.9,8156,Mrs,1960-08-31,Bavaria,2015-02-17,1
4313,2016-06-26,2016-06-27,117,38+,blue,1,84.9,8156,Mrs,1960-08-31,Bavaria,2015-02-17,1
4314,2016-06-26,2016-06-28,192,36,red,1,84.9,31721,Mrs,1969-12-18,Baden-Wuerttemberg,2016-06-27,0
4315,2016-06-26,2016-06-28,176,36+,grey,1,64.9,31721,Mrs,1969-12-18,Baden-Wuerttemberg,2016-06-27,1
4316,2016-06-26,2016-06-27,271,l,blue,5,29.9,25652,Mrs,1958-03-08,Bavaria,2015-02-17,0
4317,2016-06-26,2016-06-27,465,l,denim,49,29.9,25652,Mrs,1958-03-08,Bavaria,2015-02-17,0
4318,2016-06-26,,740,42,hibiscus,72,19.9,25652,Mrs,1958-03-08,Bavaria,2015-02-17,0
4319,2016-06-26,,660,22,nature,39,39.95,25652,Mrs,1958-03-08,Bavaria,2015-02-17,0
4320,2016-06-26,,660,22,grey,39,39.95,25652,Mrs,1958-03-08,Bavaria,2015-02-17,0
4321,2016-06-26,,661,m,azure,5,29.9,25652,Mrs,1958-03-08,Bavaria,2015-02-17,0
4322,2016-06-26,2016-06-28,311,39,brown,38,49.9,31722,Mrs,1968-04-27,Baden-Wuerttemberg,2016-06-27,0
4323,2016-06-26,,311,39,blue,38,49.9,31722,Mrs,1968-04-27,Baden-Wuerttemberg,2016-06-27,0
4324,2016-06-26,2016-06-28,465,l,denim,49,29.9,31723,Mrs,,Saxony,2016-06-27,1
4325,2016-06-26,2016-06-28,166,42,olive,6,34.9,31723,Mrs,,Saxony,2016-06-27,0
4326,2016-06-26,2016-06-28,143,l,mocca,5,44.9,31723,Mrs,,Saxony,2016-06-27,0
4327,2016-06-26,2016-06-28,539,42,bordeaux,72,44.9,31723,Mrs,,Saxony,2016-06-27,1
4328,2016-06-26,2016-06-28,139,l,red,3,24.9,31723,Mrs,,Saxony,2016-06-27,1
4329,2016-06-26,2016-06-28,527,unsized,brown,84,24.9,31723,Mrs,,Saxony,2016-06-27,0
4330,2016-06-26,2016-06-28,61,m,denim,28,39.9,31723,Mrs,,Saxony,2016-06-27,0
4331,2016-06-26,2016-06-28,208,44,white,25,59.9,31723,Mrs,,Saxony,2016-06-27,0
4332,2016-06-26,2016-06-28,430,39,brown,38,64.9,31723,Mrs,,Saxony,2016-06-27,0
4333,2016-06-26,2016-07-04,556,39,ancient,15,62.95,31723,Mrs,,Saxony,2016-06-27,1
4334,2016-06-26,2016-07-20,661,l,red,5,29.9,31723,Mrs,,Saxony,2016-06-27,0
4335,2016-06-26,2016-07-20,556,39,terracotta,15,62.95,31723,Mrs,,Saxony,2016-06-27,0
4336,2016-06-26,2016-06-27,219,38,brown,38,49.9,13839,Mrs,1947-11-11,Rhineland-Palatinate,2015-02-17,0
4337,2016-06-26,2016-06-27,5,l,petrol,5,34.9,13839,Mrs,1947-11-11,Rhineland-Palatinate,2015-02-17,1
4338,2016-06-26,2016-06-27,258,m,black,3,14.9,13839,Mrs,1947-11-11,Rhineland-Palatinate,2015-02-17,0
4339,2016-06-26,2016-06-27,258,m,blue,3,14.9,13839,Mrs,1947-11-11,Rhineland-Palatinate,2015-02-17,0
4340,2016-06-26,2016-06-27,430,39,brown,38,64.9,13839,Mrs,1947-11-11,Rhineland-Palatinate,2015-02-17,0
4341,2016-06-26,2016-07-02,311,38,green,38,49.9,13839,Mrs,1947-11-11,Rhineland-Palatinate,2015-02-17,0
4342,2016-06-26,,219,39,brown,38,49.9,13839,Mrs,1947-11-11,Rhineland-Palatinate,2015-02-17,0
4343,2016-06-26,,5,l,black,5,34.9,13839,Mrs,1947-11-11,Rhineland-Palatinate,2015-02-17,0
4344,2016-06-26,2016-06-27,96,xl,olive,3,16.9,14292,Mrs,1963-05-31,Baden-Wuerttemberg,2015-02-17,0
4345,2016-06-26,2016-06-27,96,xl,grey,3,16.9,14292,Mrs,1963-05-31,Baden-Wuerttemberg,2015-02-17,0
4346,2016-06-26,2016-06-27,255,xxl,white,37,17.4,14292,Mrs,1963-05-31,Baden-Wuerttemberg,2015-02-17,1
4347,2016-06-26,2016-06-27,255,xl,blue,37,17.4,14292,Mrs,1963-05-31,Baden-Wuerttemberg,2015-02-17,0
4348,2016-06-26,2016-06-27,949,xxl,red,30,69.9,14292,Mrs,1963-05-31,Baden-Wuerttemberg,2015-02-17,1
4349,2016-06-26,,96,xl,azure,3,6.9,14292,Mrs,1963-05-31,Baden-Wuerttemberg,2015-02-17,0
4350,2016-06-26,,96,xl,mint,3,6.9,14292,Mrs,1963-05-31,Baden-Wuerttemberg,2015-02-17,0
4351,2016-06-26,,96,xl,blau,3,6.9,14292,Mrs,1963-05-31,Baden-Wuerttemberg,2015-02-17,0
4352,2016-06-26,,125,xl,magenta,2,19.9,14292,Mrs,1963-05-31,Baden-Wuerttemberg,2015-02-17,0
4353,2016-06-26,,125,xl,blue,2,19.9,14292,Mrs,1963-05-31,Baden-Wuerttemberg,2015-02-17,0
4354,2016-06-26,,707,37,black,1,59.9,31724,Mrs,1981-01-03,Brandenburg,2016-06-27,0
4355,2016-06-26,,401,xxl,brown,28,74.9,31724,Mrs,1981-01-03,Brandenburg,2016-06-27,0
4356,2016-06-26,,166,46,olive,6,34.9,31724,Mrs,1981-01-03,Brandenburg,2016-06-27,0
4357,2016-06-26,,95,46,blue,25,59.9,31724,Mrs,1981-01-03,Brandenburg,2016-06-27,0
4358,2016-06-26,,208,46,black,25,59.9,31724,Mrs,1981-01-03,Brandenburg,2016-06-27,0
4359,2016-06-26,,246,37,brown,40,59.9,31725,Mrs,1958-12-06,Hesse,2015-06-07,0
4360,2016-06-26,2016-06-27,342,40,black,1,64.9,31726,Mrs,1947-05-02,Berlin,2015-02-17,1
4361,2016-06-26,2016-06-27,286,40,brown,1,64.9,31726,Mrs,1947-05-02,Berlin,2015-02-17,1
4362,2016-06-26,2016-07-02,709,39,brown,17,59.9,31726,Mrs,1947-05-02,Berlin,2015-02-17,0
4363,2016-06-26,2016-06-27,242,l,white,20,59.9,31725,Mrs,1958-12-06,Hesse,2015-06-07,1
4364,2016-06-26,2016-06-27,246,37,brown,40,59.9,31725,Mrs,1958-12-06,Hesse,2015-06-07,0
4365,2016-06-26,2016-06-27,435,42,black,38,69.9,852,Mrs,1958-12-28,Rhineland-Palatinate,2015-09-12,0
4366,2016-06-26,2016-06-27,108,xxl,blue,46,19.9,852,Mrs,1958-12-28,Rhineland-Palatinate,2015-09-12,0
4367,2016-06-26,2016-06-29,72,42,grey,1,59.9,852,Mrs,1958-12-28,Rhineland-Palatinate,2015-09-12,1
4368,2016-06-26,2016-07-02,332,xxl,grey,46,14.9,852,Mrs,1958-12-28,Rhineland-Palatinate,2015-09-12,0
4369,2016-06-26,2016-06-27,259,42,brown,1,59.9,18560,Mrs,1974-01-24,North Rhine-Westphalia,2015-06-15,1
4370,2016-06-26,2016-06-27,531,42,brown,1,49.9,18560,Mrs,1974-01-24,North Rhine-Westphalia,2015-06-15,0
4371,2016-06-26,2016-06-27,188,42,mocca,55,74.9,18560,Mrs,1974-01-24,North Rhine-Westphalia,2015-06-15,0
4372,2016-06-26,2016-07-04,560,42,brown,1,54.9,18560,Mrs,1974-01-24,North Rhine-Westphalia,2015-06-15,1
4373,2016-06-26,2016-06-28,238,xl,white,20,59.9,31733,Mrs,1965-05-01,Lower Saxony,2015-02-17,1
4374,2016-06-26,2016-06-28,270,xl,red,49,39.9,31733,Mrs,1965-05-01,Lower Saxony,2015-02-17,0
4375,2016-06-26,2016-06-28,90,38,black,24,49.9,7841,Mrs,1951-03-28,Bavaria,2016-03-27,0
4376,2016-06-26,2016-06-28,349,38,black,17,54.9,7841,Mrs,1951-03-28,Bavaria,2016-03-27,0
4377,2016-06-26,1994-12-31,126,6+,red,21,39.95,31734,Mrs,1965-06-15,Lower Saxony,2016-02-16,1
4378,2016-06-26,2016-06-28,709,39,grey,17,59.9,31735,Mrs,,North Rhine-Westphalia,2015-02-17,1
4379,2016-06-26,2016-06-28,104,39,blue,1,69.9,31735,Mrs,,North Rhine-Westphalia,2015-02-17,0
4380,2016-06-26,,1116,39,black,104,27.45,31735,Mrs,,North Rhine-Westphalia,2015-02-17,0
4381,2016-06-26,2016-06-28,462,39,pink,1,44.9,31736,Mrs,1960-03-20,Lower Saxony,2015-02-17,0
4382,2016-06-26,2016-06-28,193,40,blue,53,39.9,12147,Mrs,1963-02-19,Rhineland-Palatinate,2015-02-17,1
4383,2016-06-26,2016-06-28,105,40,brown,45,49.9,12147,Mrs,1963-02-19,Rhineland-Palatinate,2015-02-17,1
4384,2016-06-26,2016-06-28,113,40,grey,1,49.9,12147,Mrs,1963-02-19,Rhineland-Palatinate,2015-02-17,1
4385,2016-06-26,2016-06-28,22,l,blue,14,19.9,12147,Mrs,1963-02-19,Rhineland-Palatinate,2015-02-17,0
4386,2016-06-26,2016-06-28,214,l,ash,49,44.9,12147,Mrs,1963-02-19,Rhineland-Palatinate,2015-02-17,1
4387,2016-06-26,2016-06-28,219,37,red,38,49.9,31737,Mr,1958-05-22,Baden-Wuerttemberg,2015-02-17,0
4388,2016-06-26,2016-06-28,246,37,brown,40,59.9,31737,Mr,1958-05-22,Baden-Wuerttemberg,2015-02-17,0
4389,2016-06-26,2016-06-28,675,46,brown,24,39.9,31737,Mr,1958-05-22,Baden-Wuerttemberg,2015-02-17,0
4390,2016-06-26,2016-06-28,281,42,blue,63,74.9,3220,Mrs,1972-01-11,Rhineland-Palatinate,2015-02-17,1
4391,2016-06-26,2016-06-28,128,xl,grey,49,39.9,16384,Mrs,1976-12-12,Lower Saxony,2016-05-05,0
4392,2016-06-26,2016-06-28,205,39,black,40,59.9,31739,Mrs,1963-04-03,Lower Saxony,2015-02-17,0
4393,2016-06-26,2016-06-28,246,39,black,40,59.9,31739,Mrs,1963-04-03,Lower Saxony,2015-02-17,1
4394,2016-06-26,2016-06-28,62,unsized,red,5,14.9,31739,Mrs,1963-04-03,Lower Saxony,2015-02-17,1
4395,2016-06-26,2016-06-28,233,m,black,25,29.9,31739,Mrs,1963-04-03,Lower Saxony,2015-02-17,1
4396,2016-06-26,,26,39,petrol,18,64.9,31739,Mrs,1963-04-03,Lower Saxony,2015-02-17,0
4397,2016-06-26,2016-06-28,100,40,red,43,59.9,13500,Mrs,1956-04-21,North Rhine-Westphalia,2015-10-25,1
4398,2016-06-26,2016-06-28,100,40,brown,43,59.9,13500,Mrs,1956-04-21,North Rhine-Westphalia,2015-10-25,1
4399,2016-06-26,2016-06-28,100,40,petrol,43,59.9,13500,Mrs,1956-04-21,North Rhine-Westphalia,2015-10-25,1
4400,2016-06-26,2016-06-28,100,40,black,43,59.9,13500,Mrs,1956-04-21,North Rhine-Westphalia,2015-10-25,1
4401,2016-06-26,2016-07-02,102,40,turquoise,44,45.0,13500,Mrs,1956-04-21,North Rhine-Westphalia,2015-10-25,0
4402,2016-06-26,2016-06-29,437,42,black,44,65.0,31740,Mrs,1966-05-12,Rhineland-Palatinate,2016-06-27,1
4403,2016-06-26,2016-06-29,593,42,black,70,89.9,31740,Mrs,1966-05-12,Rhineland-Palatinate,2016-06-27,1
4404,2016-06-26,2016-07-19,604,39,magenta,1,79.9,31741,Mrs,1961-05-22,North Rhine-Westphalia,2015-02-17,0
4405,2016-06-26,2016-06-28,147,38,grey,1,49.9,9914,Mrs,1953-11-22,Hesse,2015-06-19,1
4406,2016-06-26,2016-06-28,41,38,pink,1,49.9,9914,Mrs,1953-11-22,Hesse,2015-06-19,0
4407,2016-06-26,2016-06-28,37,38,red,1,39.9,9914,Mrs,1953-11-22,Hesse,2015-06-19,1
4408,2016-06-26,2016-06-28,164,38,black,47,59.9,9914,Mrs,1953-11-22,Hesse,2015-06-19,0
4409,2016-06-26,2016-06-28,8,38,stained,8,12.4,9914,Mrs,1953-11-22,Hesse,2015-06-19,0
4410,2016-06-26,2016-06-28,685,38,olive,16,74.9,9914,Mrs,1953-11-22,Hesse,2015-06-19,0
4411,2016-06-26,2016-06-28,122,38,grey,1,39.9,9914,Mrs,1953-11-22,Hesse,2015-06-19,0
4412,2016-06-26,2016-07-02,229,38,black,50,34.95,9914,Mrs,1953-11-22,Hesse,2015-06-19,0
4413,2016-06-26,,15,38,purple,1,64.9,9914,Mrs,1953-11-22,Hesse,2015-06-19,0
4414,2016-06-26,,37,38,black,1,39.9,9914,Mrs,1953-11-22,Hesse,2015-06-19,0
4415,2016-06-26,,249,38,black,18,59.9,9914,Mrs,1953-11-22,Hesse,2015-06-19,0
4416,2016-06-26,,117,37+,black,1,84.9,9914,Mrs,1953-11-22,Hesse,2015-06-19,0
4417,2016-06-26,2016-06-28,10,40,olive,9,69.9,15507,Mrs,1967-08-18,Rhineland-Palatinate,2015-10-19,1
4418,2016-06-26,2016-06-28,108,xl,blue,46,19.9,2247,Mrs,1966-10-25,Baden-Wuerttemberg,2016-03-29,0
4419,2016-06-26,2016-06-28,258,xxl,black,3,14.9,2247,Mrs,1966-10-25,Baden-Wuerttemberg,2016-03-29,1
4420,2016-06-26,2016-06-28,258,xxl,red,3,14.9,2247,Mrs,1966-10-25,Baden-Wuerttemberg,2016-03-29,0
4421,2016-06-26,2016-06-28,258,xxl,white,3,14.9,2247,Mrs,1966-10-25,Baden-Wuerttemberg,2016-03-29,1
4422,2016-06-26,2016-06-29,249,39,black,18,59.9,28822,Mrs,1966-09-07,Lower Saxony,2016-06-15,0
4423,2016-06-26,2016-06-29,249,40,black,18,59.9,28822,Mrs,1966-09-07,Lower Saxony,2016-06-15,1
4424,2016-06-26,2016-06-29,245,39,brown,1,59.9,28822,Mrs,1966-09-07,Lower Saxony,2016-06-15,0
4425,2016-06-26,2016-06-28,37,40,mocca,1,39.9,3946,Mrs,1966-03-18,North Rhine-Westphalia,2015-05-26,1
4426,2016-06-26,2016-06-29,70,48,white,34,19.9,31742,Mrs,1958-12-13,Lower Saxony,2015-02-17,1
4427,2016-06-26,2016-06-29,222,xl,denim,3,24.9,31742,Mrs,1958-12-13,Lower Saxony,2015-02-17,1
4428,2016-06-26,2016-06-29,218,l,turquoise,42,44.9,31742,Mrs,1958-12-13,Lower Saxony,2015-02-17,1
4429,2016-06-26,2016-06-29,412,48,purple,11,44.9,31742,Mrs,1958-12-13,Lower Saxony,2015-02-17,1
4430,2016-06-26,2016-06-29,704,39,red,44,65.0,31742,Mrs,1958-12-13,Lower Saxony,2015-02-17,1
4431,2016-06-26,2016-06-29,157,unsized,purple,32,9.9,31742,Mrs,1958-12-13,Lower Saxony,2015-02-17,1
4432,2016-06-26,2016-06-28,24,40,brown,17,59.9,22225,Mr,1965-01-31,Lower Saxony,2015-02-17,0
4433,2016-06-26,2016-06-28,158,40,nature,54,29.9,22225,Mr,1965-01-31,Lower Saxony,2015-02-17,0
4434,2016-06-26,2016-06-28,159,40,nature,54,39.9,22225,Mr,1965-01-31,Lower Saxony,2015-02-17,0
4435,2016-06-26,2016-07-03,482,34,brown,51,29.9,31743,Mrs,1968-06-30,Baden-Wuerttemberg,2015-08-12,0
4436,2016-06-26,,482,34,brown,51,29.9,31743,Mrs,1968-06-30,Baden-Wuerttemberg,2015-08-12,0
4437,2016-06-26,,340,39,blue,40,49.9,29792,Mrs,1963-09-21,Lower Saxony,2015-02-17,0
4438,2016-06-26,2016-06-28,871,41,brown,38,69.9,31746,Mrs,1976-03-24,Rhineland-Palatinate,2015-02-17,1
4439,2016-06-26,2016-06-28,155,xl,denim,5,44.9,31746,Mrs,1976-03-24,Rhineland-Palatinate,2015-02-17,1
4440,2016-06-26,2016-06-28,53,42,pink,30,16.4,31746,Mrs,1976-03-24,Rhineland-Palatinate,2015-02-17,1
4441,2016-06-26,2016-06-28,105,41,purple,45,49.9,31746,Mrs,1976-03-24,Rhineland-Palatinate,2015-02-17,1
4442,2016-06-26,2016-06-28,105,41,brown,45,49.9,31746,Mrs,1976-03-24,Rhineland-Palatinate,2015-02-17,1
4443,2016-06-26,2016-06-28,597,xxl,baltic blue,48,79.9,31746,Mrs,1976-03-24,Rhineland-Palatinate,2015-02-17,1
4444,2016-06-26,2016-06-28,853,xxl,blue,48,99.9,31746,Mrs,1976-03-24,Rhineland-Palatinate,2015-02-17,1
4445,2016-06-26,2016-06-28,157,unsized,purple,32,0.0,31746,Mrs,1976-03-24,Rhineland-Palatinate,2015-02-17,0
4446,2016-06-26,2016-06-28,157,unsized,purple,32,0.0,31746,Mrs,1976-03-24,Rhineland-Palatinate,2015-02-17,0
4447,2016-06-26,2016-06-28,157,unsized,purple,32,0.0,31746,Mrs,1976-03-24,Rhineland-Palatinate,2015-02-17,0
4448,2016-06-26,2016-06-28,157,unsized,purple,32,0.0,31746,Mrs,1976-03-24,Rhineland-Palatinate,2015-02-17,0
4449,2016-06-26,2016-07-19,53,44,khaki,30,16.4,31746,Mrs,1976-03-24,Rhineland-Palatinate,2015-02-17,1
4450,2016-06-26,2016-07-19,155,xxl,berry,5,89.9,31746,Mrs,1976-03-24,Rhineland-Palatinate,2015-02-17,1
4451,2016-06-26,2016-07-19,155,xxl,berry,5,89.9,31746,Mrs,1976-03-24,Rhineland-Palatinate,2015-02-17,1
4452,2016-06-26,2016-08-06,641,xl,ocher,48,99.9,31746,Mrs,1976-03-24,Rhineland-Palatinate,2015-02-17,1
4453,2016-06-26,2016-06-28,118,m,berry,6,44.9,31747,Mrs,1950-08-01,Bavaria,2015-12-10,0
4458,2016-06-26,2016-06-28,68,xxl,white,3,19.9,28318,Mrs,1966-03-23,North Rhine-Westphalia,2015-02-17,1
4459,2016-06-26,2016-06-28,273,xl,white,20,59.9,28318,Mrs,1966-03-23,North Rhine-Westphalia,2015-02-17,1
4460,2016-06-26,,183,xxl,white,5,39.9,28318,Mrs,1966-03-23,North Rhine-Westphalia,2015-02-17,0
4461,2016-06-26,2016-06-28,606,41,blue,1,34.9,20738,Mrs,1968-02-25,Bremen,2015-10-29,0
4462,2016-06-26,2016-06-28,98,xl,denim,28,44.9,20738,Mrs,1968-02-25,Bremen,2015-10-29,1
4463,2016-06-26,2016-06-28,255,xl,blue,37,17.4,20738,Mrs,1968-02-25,Bremen,2015-10-29,0
4464,2016-06-26,2016-06-28,507,41,blue,53,34.9,22168,Mrs,1949-07-25,North Rhine-Westphalia,2015-05-30,1
4465,2016-06-26,2016-06-28,641,l,ocher,48,99.9,14220,Mrs,1963-08-03,Schleswig-Holstein,2016-04-28,1
4466,2016-06-26,2016-06-28,144,m,denim,14,24.9,14220,Mrs,1963-08-03,Schleswig-Holstein,2016-04-28,0
4467,2016-06-26,2016-06-28,328,m,olive,37,19.9,14220,Mrs,1963-08-03,Schleswig-Holstein,2016-04-28,0
4468,2016-06-26,2016-06-28,85,39,petrol,40,54.9,29680,Mrs,1966-10-09,Hesse,2016-06-19,0
4469,2016-06-26,2016-06-28,1050,xl,ocher,42,59.9,28012,Mrs,1968-01-06,Lower Saxony,2015-02-17,1
4470,2016-06-26,2016-06-28,261,xl,turquoise,42,49.9,28012,Mrs,1968-01-06,Lower Saxony,2015-02-17,0
4471,2016-06-26,2016-06-28,782,41,black,55,87.9,28012,Mrs,1968-01-06,Lower Saxony,2015-02-17,1
4472,2016-06-26,2016-06-28,191,xl,black,3,21.9,28012,Mrs,1968-01-06,Lower Saxony,2015-02-17,0
4473,2016-06-26,2016-06-28,191,xl,black,3,21.9,28012,Mrs,1968-01-06,Lower Saxony,2015-02-17,0
4474,2016-06-26,,11,unsized,red,10,17.45,28012,Mrs,1968-01-06,Lower Saxony,2015-02-17,0
4475,2016-06-26,2016-06-28,22,m,white,14,19.9,18708,Mrs,1958-12-11,North Rhine-Westphalia,2015-02-17,0
4476,2016-06-26,2016-06-28,99,m,black,20,59.9,18708,Mrs,1958-12-11,North Rhine-Westphalia,2015-02-17,0
4477,2016-06-26,2016-06-28,99,l,black,20,59.9,18708,Mrs,1958-12-11,North Rhine-Westphalia,2015-02-17,1
4478,2016-06-26,2016-06-28,21,39,turquoise,16,74.9,31751,Mrs,1939-12-23,Bavaria,2015-02-22,0
4479,2016-06-26,2016-06-28,706,8,black,19,49.9,31751,Mrs,1939-12-23,Bavaria,2015-02-22,1
4480,2016-06-26,,340,39,blue,40,49.9,31751,Mrs,1939-12-23,Bavaria,2015-02-22,0
4481,2016-06-26,2016-06-28,346,l,white,5,69.9,9759,Mrs,1957-12-24,Rhineland-Palatinate,2015-12-16,0
4482,2016-06-26,,661,xl,denim,5,29.9,9759,Mrs,1957-12-24,Rhineland-Palatinate,2015-12-16,0
4483,2016-06-26,2016-06-29,369,l,azure,5,34.9,31752,Mrs,1958-08-10,North Rhine-Westphalia,2015-02-17,0
4484,2016-06-26,2016-06-29,413,l,azure,14,44.9,31752,Mrs,1958-08-10,North Rhine-Westphalia,2015-02-17,0
4485,2016-06-26,2016-06-29,116,l,magenta,5,49.9,31752,Mrs,1958-08-10,North Rhine-Westphalia,2015-02-17,0
4486,2016-06-26,2016-06-29,183,l,yellow,5,39.9,31752,Mrs,1958-08-10,North Rhine-Westphalia,2015-02-17,1
4487,2016-06-26,2016-06-29,218,l,turquoise,42,44.9,31752,Mrs,1958-08-10,North Rhine-Westphalia,2015-02-17,1
4488,2016-06-26,2016-06-28,43,41,black,1,64.9,31753,Mrs,1971-02-06,Lower Saxony,2015-03-25,0
4489,2016-06-26,2016-06-28,177,41,black,1,64.9,31753,Mrs,1971-02-06,Lower Saxony,2015-03-25,1
4490,2016-06-26,2016-06-28,315,41,black,45,64.9,31753,Mrs,1971-02-06,Lower Saxony,2015-03-25,1
4491,2016-06-26,2016-06-28,929,42,brown,24,39.9,31262,Mrs,1962-12-04,Bavaria,2015-02-17,0
4492,2016-06-26,2016-06-28,129,38,grey,50,34.95,31262,Mrs,1962-12-04,Bavaria,2015-02-17,1
4493,2016-06-26,,199,40,white,4,34.95,31262,Mrs,1962-12-04,Bavaria,2015-02-17,0
4494,2016-06-26,2016-06-28,286,39,red,1,64.9,19748,Mrs,1952-07-26,Lower Saxony,2016-06-18,0
4495,2016-06-26,2016-06-28,540,38,black,70,74.9,19748,Mrs,1952-07-26,Lower Saxony,2016-06-18,0
4496,2016-06-26,2016-06-29,229,41,white,50,34.95,31754,Mr,1952-01-01,Rhineland-Palatinate,2016-06-27,0
4497,2016-06-26,2016-07-02,229,41,black,50,34.95,31754,Mr,1952-01-01,Rhineland-Palatinate,2016-06-27,0
4498,2016-06-26,2016-07-25,100,40,red,43,59.9,31755,Mrs,1985-10-05,Bavaria,2016-06-27,0
4499,2016-06-26,2016-07-25,394,40,black,44,72.5,31755,Mrs,1985-10-05,Bavaria,2016-06-27,0
4500,2016-06-26,2016-07-25,246,40,red,40,59.9,31755,Mrs,1985-10-05,Bavaria,2016-06-27,0
4501,2016-06-26,2016-07-25,246,40,yellow,40,59.9,31755,Mrs,1985-10-05,Bavaria,2016-06-27,1
4502,2016-06-26,2016-06-28,286,40,anthracite,1,64.9,22528,Mrs,1901-01-25,Schleswig-Holstein,2015-02-17,0
4503,2016-06-26,,92,m,turquoise,42,44.9,22528,Mrs,1901-01-25,Schleswig-Holstein,2015-02-17,0
4504,2016-06-26,2016-06-28,413,l,denim,14,34.9,31757,Mrs,1901-08-02,North Rhine-Westphalia,2015-02-17,1
4505,2016-06-26,2016-07-02,413,l,white,14,44.9,31757,Mrs,1901-08-02,North Rhine-Westphalia,2015-02-17,1
4506,2016-06-26,2016-06-28,102,38,ocher,44,45.0,31758,Mrs,1952-11-25,Lower Saxony,2015-02-17,0
4508,2016-06-26,,254,m,black,5,49.9,31759,Mr,1941-05-19,Lower Saxony,2016-06-27,0
4509,2016-06-26,2016-06-28,463,44,black,25,29.9,31760,Mrs,1962-04-15,Bavaria,2015-02-17,1
4510,2016-06-26,2016-06-28,98,xl,black,28,44.9,31760,Mrs,1962-04-15,Bavaria,2015-02-17,0
4511,2016-06-26,2016-06-28,437,39,black,44,65.0,31760,Mrs,1962-04-15,Bavaria,2015-02-17,1
4512,2016-06-26,,87,s,red,5,39.9,26580,Mrs,1961-01-07,North Rhine-Westphalia,2015-02-17,0
4513,2016-06-26,,61,xl,denim,28,39.9,11590,Mrs,1969-09-15,Baden-Wuerttemberg,2015-02-25,0
4514,2016-06-26,,61,l,orange,28,39.9,11590,Mrs,1969-09-15,Baden-Wuerttemberg,2015-02-25,0
4515,2016-06-26,,61,xl,orange,28,39.9,11590,Mrs,1969-09-15,Baden-Wuerttemberg,2015-02-25,0
4516,2016-06-26,,61,xl,magenta,28,39.9,11590,Mrs,1969-09-15,Baden-Wuerttemberg,2015-02-25,0
4523,2016-06-26,2016-06-28,399,40,brown,17,64.9,31762,Mrs,1957-02-10,Berlin,2015-11-09,1
4524,2016-06-26,2016-06-29,137,37,mango,38,54.9,31764,Mrs,1961-07-20,Berlin,2016-06-27,0
4525,2016-06-26,2016-06-29,137,37,red,38,54.9,31764,Mrs,1961-07-20,Berlin,2016-06-27,0
4526,2016-06-26,2016-06-29,137,38,brown,38,54.9,31764,Mrs,1961-07-20,Berlin,2016-06-27,1
4527,2016-06-26,2016-06-29,137,38,black,38,54.9,31764,Mrs,1961-07-20,Berlin,2016-06-27,1
4528,2016-06-26,2016-06-28,269,l,ocher,42,49.9,8640,Mrs,1970-04-11,Lower Saxony,2016-05-21,0
4529,2016-06-26,2016-06-28,379,xl,ocher,42,44.9,8640,Mrs,1970-04-11,Lower Saxony,2016-05-21,1
4530,2016-06-26,2016-06-28,47,l,blue,11,39.9,8640,Mrs,1970-04-11,Lower Saxony,2016-05-21,0
4531,2016-06-26,2016-06-28,47,m,blue,11,39.9,8640,Mrs,1970-04-11,Lower Saxony,2016-05-21,1
4532,2016-06-26,2016-06-28,332,l,blue,46,14.9,8640,Mrs,1970-04-11,Lower Saxony,2016-05-21,1
4533,2016-06-26,2016-06-28,214,l,ash,49,44.9,8640,Mrs,1970-04-11,Lower Saxony,2016-05-21,1
4534,2016-06-26,2016-06-28,860,l,ocher,42,49.9,8640,Mrs,1970-04-11,Lower Saxony,2016-05-21,1
4535,2016-06-26,,379,l,ocher,42,44.9,8640,Mrs,1970-04-11,Lower Saxony,2016-05-21,0
4536,2016-06-26,,332,m,blue,46,14.9,8640,Mrs,1970-04-11,Lower Saxony,2016-05-21,0
4537,2016-06-26,2016-06-29,665,45,black,18,69.9,31765,Mr,1971-05-06,North Rhine-Westphalia,2016-06-27,0
4538,2016-06-26,2016-06-28,402,xl,blue,46,14.9,2016,Mrs,1957-07-08,North Rhine-Westphalia,2016-03-20,0
4539,2016-06-26,2016-06-28,378,xl,petrol,5,29.9,2016,Mrs,1957-07-08,North Rhine-Westphalia,2016-03-20,0
4540,2016-06-26,2016-07-18,478,xl,hibiscus,9,34.9,2016,Mrs,1957-07-08,North Rhine-Westphalia,2016-03-20,1
4541,2016-06-26,2016-06-28,242,s,white,20,59.9,26580,Mrs,1961-01-07,North Rhine-Westphalia,2015-02-17,1
4542,2016-06-26,2016-06-28,105,40,brown,45,49.9,18749,Mrs,1950-01-03,North Rhine-Westphalia,2015-03-07,1
4543,2016-06-26,2016-06-28,23,40,stained,16,79.9,2836,Mrs,1947-12-13,Lower Saxony,2015-02-17,0
4544,2016-06-26,2016-06-28,34,40,red,23,64.9,2836,Mrs,1947-12-13,Lower Saxony,2015-02-17,0
4545,2016-06-26,2016-06-28,51,xxl,brown,5,34.9,2523,Mrs,1959-10-16,Lower Saxony,2015-11-14,1
4546,2016-06-26,2016-06-28,25,xxl,brown,5,39.9,2523,Mrs,1959-10-16,Lower Saxony,2015-11-14,1
4547,2016-06-26,,32,xxl,blau,3,12.4,2523,Mrs,1959-10-16,Lower Saxony,2015-11-14,0
4548,2016-06-26,,87,xxl,brown,5,39.9,2523,Mrs,1959-10-16,Lower Saxony,2015-11-14,0
4549,2016-06-26,,87,xxl,grey,5,39.9,2523,Mrs,1959-10-16,Lower Saxony,2015-11-14,0
4550,2016-06-26,,25,xxl,petrol,5,39.9,2523,Mrs,1959-10-16,Lower Saxony,2015-11-14,0
4551,2016-06-26,2016-06-29,113,41,blue,1,49.9,31766,Mrs,1964-02-07,Lower Saxony,2016-06-27,1
4552,2016-06-26,2016-06-29,113,42,blue,1,49.9,31766,Mrs,1964-02-07,Lower Saxony,2016-06-27,0
4553,2016-06-26,2016-06-28,822,6,red,21,69.9,31767,Mrs,1968-08-30,Lower Saxony,2015-09-12,1
4554,2016-06-26,2016-06-28,499,38,denim,78,19.9,31768,Mrs,1949-11-21,Baden-Wuerttemberg,2015-11-15,1
4555,2016-06-26,2016-06-28,210,l,black,2,29.9,31768,Mrs,1949-11-21,Baden-Wuerttemberg,2015-11-15,1
4556,2016-06-26,2016-06-28,210,m,black,2,29.9,31768,Mrs,1949-11-21,Baden-Wuerttemberg,2015-11-15,0
4557,2016-06-26,2016-06-28,435,39,black,38,69.9,31768,Mrs,1949-11-21,Baden-Wuerttemberg,2015-11-15,0
4558,2016-06-26,2016-06-29,116,l,olive,5,49.9,31769,Mrs,1962-12-10,Baden-Wuerttemberg,2016-06-27,1
4559,2016-06-26,2016-06-28,242,xl,white,20,59.9,31771,Mrs,1963-02-27,Schleswig-Holstein,2015-09-25,0
4560,2016-06-26,2016-06-28,98,xl,green,28,44.9,31772,Mrs,1955-11-03,North Rhine-Westphalia,2015-02-17,0
4561,2016-06-26,2016-06-28,897,xl,white,33,9.9,31772,Mrs,1955-11-03,North Rhine-Westphalia,2015-02-17,0
4562,2016-06-26,2016-06-28,611,xl,white,56,44.9,31772,Mrs,1955-11-03,North Rhine-Westphalia,2015-02-17,0
4563,2016-06-26,2016-06-28,66,unsized,beige,32,9.9,21484,Mrs,1951-07-05,North Rhine-Westphalia,2015-02-17,0
4564,2016-06-26,2016-06-28,177,40,black,1,64.9,21484,Mrs,1951-07-05,North Rhine-Westphalia,2015-02-17,1
4565,2016-06-26,2016-06-28,66,unsized,beige,32,9.9,21484,Mrs,1951-07-05,North Rhine-Westphalia,2015-02-17,0
4566,2016-06-26,2016-06-28,72,40,black,1,59.9,21484,Mrs,1951-07-05,North Rhine-Westphalia,2015-02-17,0
4567,2016-06-26,2016-07-06,3,xxl,red,3,19.9,21484,Mrs,1951-07-05,North Rhine-Westphalia,2015-02-17,0
4568,2016-06-26,2016-06-28,105,41,black,45,49.9,28279,Mrs,1968-11-04,North Rhine-Westphalia,2016-06-13,0
4569,2016-06-26,2016-06-28,371,7,grey,21,34.9,28279,Mrs,1968-11-04,North Rhine-Westphalia,2016-06-13,1
4570,2016-06-26,2016-06-29,311,40,green,38,49.9,31773,Mrs,1961-03-26,Bavaria,2016-06-27,0
4571,2016-06-26,2016-06-29,311,40,black,38,49.9,31773,Mrs,1961-03-26,Bavaria,2016-06-27,0
4574,2016-06-26,2016-06-28,311,40,blue,38,49.9,31654,Mrs,1968-08-02,North Rhine-Westphalia,2015-02-17,0
4575,2016-06-26,2016-06-29,871,38,purple,38,69.9,31776,Mrs,1969-01-18,Brandenburg,2015-02-17,1
4576,2016-06-26,2016-06-28,70,46,white,34,19.9,4532,Mrs,1960-03-06,Schleswig-Holstein,2015-02-17,0
4577,2016-06-26,2016-06-28,208,44,white,25,59.9,4532,Mrs,1960-03-06,Schleswig-Holstein,2015-02-17,1
4578,2016-06-26,2016-06-28,95,22,white,25,59.9,4532,Mrs,1960-03-06,Schleswig-Holstein,2015-02-17,0
4579,2016-06-26,2016-06-28,95,23,white,25,59.9,4532,Mrs,1960-03-06,Schleswig-Holstein,2015-02-17,1
4580,2016-06-26,2016-07-02,295,s,blue,36,49.9,31777,Mrs,1900-11-21,Baden-Wuerttemberg,2015-02-17,1
4581,2016-06-26,2016-07-05,377,40,white,57,44.9,31778,Mrs,1953-04-05,Lower Saxony,2015-02-17,0
4582,2016-06-26,,110,40,grey,1,44.9,31778,Mrs,1953-04-05,Lower Saxony,2015-02-17,0
4583,2016-06-26,,65,40,mango,17,39.9,31778,Mrs,1953-04-05,Lower Saxony,2015-02-17,0
4584,2016-06-26,,107,40,ecru,12,44.9,31778,Mrs,1953-04-05,Lower Saxony,2015-02-17,0
4585,2016-06-26,2016-06-29,465,l,ash,49,29.9,29240,Mrs,,Bavaria,2016-06-17,1
4586,2016-06-26,2016-06-29,465,l,grey,49,29.9,29240,Mrs,,Bavaria,2016-06-17,1
4587,2016-06-26,,254,m,white,5,24.9,29240,Mrs,,Bavaria,2016-06-17,0
4588,2016-06-26,,254,m,brown,5,24.9,29240,Mrs,,Bavaria,2016-06-17,0
4589,2016-06-26,,465,m,ash,49,29.9,29240,Mrs,,Bavaria,2016-06-17,0
4590,2016-06-26,,465,m,grey,49,29.9,29240,Mrs,,Bavaria,2016-06-17,0
4591,2016-06-26,2016-06-28,262,42,black,12,49.9,1882,Mrs,1967-09-15,North Rhine-Westphalia,2015-02-17,1
4592,2016-06-26,2016-06-28,540,42,grey,70,74.9,1882,Mrs,1967-09-15,North Rhine-Westphalia,2015-02-17,1
4593,2016-06-26,2016-06-28,161,42,black,54,69.9,1882,Mrs,1967-09-15,North Rhine-Westphalia,2015-02-17,1
4594,2016-06-26,2016-06-28,246,42,red,40,59.9,1882,Mrs,1967-09-15,North Rhine-Westphalia,2015-02-17,1
4595,2016-06-26,,311,42,black,38,49.9,1882,Mrs,1967-09-15,North Rhine-Westphalia,2015-02-17,0
4596,2016-06-26,2016-06-28,187,m,pink,14,19.9,28547,Mrs,1956-10-31,Baden-Wuerttemberg,2015-02-17,1
4597,2016-06-26,2016-06-28,187,m,grey,14,19.9,28547,Mrs,1956-10-31,Baden-Wuerttemberg,2015-02-17,1
4598,2016-06-26,2016-06-28,187,m,pink,14,19.9,28547,Mrs,1956-10-31,Baden-Wuerttemberg,2015-02-17,0
4599,2016-06-26,2016-06-28,187,m,grey,14,19.9,28547,Mrs,1956-10-31,Baden-Wuerttemberg,2015-02-17,1
4600,2016-06-26,2016-07-04,187,m,blue,14,19.9,28547,Mrs,1956-10-31,Baden-Wuerttemberg,2015-02-17,1
4601,2016-06-26,,187,m,blue,14,19.9,28547,Mrs,1956-10-31,Baden-Wuerttemberg,2015-02-17,0
4602,2016-06-26,2016-06-29,311,41,black,38,49.9,31780,Mrs,1960-12-30,North Rhine-Westphalia,2016-06-27,0
4603,2016-06-26,2016-06-29,311,40,purple,38,49.9,31780,Mrs,1960-12-30,North Rhine-Westphalia,2016-06-27,1
4604,2016-06-26,2016-06-28,121,38,blue,43,49.9,27260,Mrs,1961-04-06,Bavaria,2016-06-08,0
4605,2016-06-26,2016-06-28,121,38,blue,43,49.9,27260,Mrs,1961-04-06,Bavaria,2016-06-08,1
4606,2016-06-26,2016-06-28,293,l,brown,5,44.9,27260,Mrs,1961-04-06,Bavaria,2016-06-08,1
4607,2016-06-26,,121,37,brown,43,49.9,27260,Mrs,1961-04-06,Bavaria,2016-06-08,0
4608,2016-06-26,2016-06-29,137,42,green,38,54.9,27959,Mrs,1965-04-02,Bavaria,2016-06-12,0
4609,2016-06-26,2016-06-29,415,42,black,1,44.9,27959,Mrs,1965-04-02,Bavaria,2016-06-12,1
4610,2016-06-26,2016-06-29,415,41,blue,1,44.9,27959,Mrs,1965-04-02,Bavaria,2016-06-12,0
4611,2016-06-26,2016-06-29,415,41,brown,1,44.9,27959,Mrs,1965-04-02,Bavaria,2016-06-12,0
4612,2016-06-26,2016-07-24,219,42,purple,38,49.9,27959,Mrs,1965-04-02,Bavaria,2016-06-12,0
4613,2016-06-26,2016-07-24,110,42,blue,1,44.9,27959,Mrs,1965-04-02,Bavaria,2016-06-12,0
4614,2016-06-26,2016-07-24,415,42,brown,1,44.9,27959,Mrs,1965-04-02,Bavaria,2016-06-12,1
4615,2016-06-26,2016-07-24,199,42,grey,4,34.95,27959,Mrs,1965-04-02,Bavaria,2016-06-12,0
4616,2016-06-26,2016-06-28,214,xl,ash,49,44.9,17823,Mrs,1972-01-11,Thuringia,2015-03-13,0
4619,2016-06-26,2016-06-28,440,41,black,1,139.9,11888,Mrs,1976-09-09,Schleswig-Holstein,2016-04-23,1
4620,2016-06-26,2016-06-29,660,42,black,39,39.95,30134,Mrs,1950-12-21,Hesse,2015-08-27,0
4621,2016-06-26,2016-06-29,23,40,stained,16,79.9,30134,Mrs,1950-12-21,Hesse,2015-08-27,0
4622,2016-06-26,2016-07-19,81,41,black,38,44.9,22236,Mrs,1960-02-27,Brandenburg,2015-02-17,0
4623,2016-06-26,,675,46,black,24,39.9,22236,Mrs,1960-02-27,Brandenburg,2015-02-17,0
4624,2016-06-26,2016-06-28,212,l,petrol,5,39.9,15890,Mrs,1967-08-29,Thuringia,2015-10-21,1
4625,2016-06-26,2016-06-28,334,42,blue,72,49.9,15890,Mrs,1967-08-29,Thuringia,2015-10-21,0
4626,2016-06-26,2016-06-28,562,42,purple,72,19.9,15890,Mrs,1967-08-29,Thuringia,2015-10-21,0
4627,2016-06-26,2016-06-28,100,42,blue,43,59.9,31781,Mrs,1977-02-14,Baden-Wuerttemberg,2015-02-17,0
4628,2016-06-26,2016-06-28,108,m,white,46,19.9,31781,Mrs,1977-02-14,Baden-Wuerttemberg,2015-02-17,0
4629,2016-06-26,2016-06-28,108,l,white,46,19.9,31781,Mrs,1977-02-14,Baden-Wuerttemberg,2015-02-17,1
4630,2016-06-26,2016-06-28,108,m,blue,46,19.9,31781,Mrs,1977-02-14,Baden-Wuerttemberg,2015-02-17,0
4631,2016-06-26,2016-06-28,108,l,blue,46,19.9,31781,Mrs,1977-02-14,Baden-Wuerttemberg,2015-02-17,1
4632,2016-06-26,2016-06-28,138,l,blue,46,19.9,31781,Mrs,1977-02-14,Baden-Wuerttemberg,2015-02-17,1
4633,2016-06-26,2016-06-28,138,m,blue,46,19.9,31781,Mrs,1977-02-14,Baden-Wuerttemberg,2015-02-17,0
4634,2016-06-26,2016-06-28,100,42,black,43,59.9,31781,Mrs,1977-02-14,Baden-Wuerttemberg,2015-02-17,1
4635,2016-06-26,2016-06-28,639,128,navy,30,34.9,13209,Mrs,1983-10-13,Bavaria,2015-02-17,0
4636,2016-06-26,2016-06-28,639,116,khaki,30,34.9,13209,Mrs,1983-10-13,Bavaria,2015-02-17,0
4637,2016-06-26,2016-06-28,218,s,turquoise,42,44.9,31423,Mrs,1970-05-26,Brandenburg,2015-02-17,1
4638,2016-06-26,2016-06-28,234,s,petrol,36,49.9,31423,Mrs,1970-05-26,Brandenburg,2015-02-17,1
4639,2016-06-26,2016-06-29,472,l,ocher,14,34.9,31783,Mr,1955-02-25,North Rhine-Westphalia,2016-06-27,1
4640,2016-06-26,2016-06-28,215,l,magenta,28,49.9,31784,Mrs,1965-07-19,Baden-Wuerttemberg,2015-02-17,1
4641,2016-06-26,2016-06-28,215,l,orange,28,49.9,31784,Mrs,1965-07-19,Baden-Wuerttemberg,2015-02-17,1
4642,2016-06-26,2016-06-28,183,l,red,5,79.9,31784,Mrs,1965-07-19,Baden-Wuerttemberg,2015-02-17,1
4643,2016-06-26,2016-06-28,279,l,grey,3,19.9,31784,Mrs,1965-07-19,Baden-Wuerttemberg,2015-02-17,1
4644,2016-06-26,2016-06-28,449,m,curry,3,9.4,31784,Mrs,1965-07-19,Baden-Wuerttemberg,2015-02-17,0
4645,2016-06-26,2016-06-28,449,l,berry,3,9.4,31784,Mrs,1965-07-19,Baden-Wuerttemberg,2015-02-17,0
4646,2016-06-26,2016-07-05,2,l,green,2,19.9,31784,Mrs,1965-07-19,Baden-Wuerttemberg,2015-02-17,1
4647,2016-06-26,,2,l,red,2,19.9,31784,Mrs,1965-07-19,Baden-Wuerttemberg,2015-02-17,0
4648,2016-06-26,2016-06-28,403,40,black,14,34.9,28697,Mrs,1972-10-05,Lower Saxony,2015-02-17,0
4649,2016-06-26,2016-06-28,44,unsized,black,1,7.45,28697,Mrs,1972-10-05,Lower Saxony,2015-02-17,0
4650,2016-06-26,,37,38,black,1,39.9,31787,Mrs,1961-06-23,Lower Saxony,2015-02-20,0
4651,2016-06-26,2016-06-29,604,40,grey,1,79.9,31788,Mrs,1965-04-28,Saarland,2016-06-27,1
4656,2016-06-26,2016-06-28,53,40,navy,30,16.4,31791,Mrs,1965-07-31,Baden-Wuerttemberg,2015-02-17,1
4657,2016-06-26,2016-06-28,337,152,navy,30,9.9,31791,Mrs,1965-07-31,Baden-Wuerttemberg,2015-02-17,0
4658,2016-06-26,2016-06-28,337,152,pink,30,9.9,31791,Mrs,1965-07-31,Baden-Wuerttemberg,2015-02-17,0
4659,2016-06-26,2016-06-28,736,39,black,1,74.9,20615,Mrs,1969-11-21,Schleswig-Holstein,2015-02-17,0
4660,2016-06-26,,736,39+,black,1,74.9,20615,Mrs,1969-11-21,Schleswig-Holstein,2015-02-17,0
4661,2016-06-26,,854,40+,black,1,149.9,20615,Mrs,1969-11-21,Schleswig-Holstein,2015-02-17,0
4662,2016-06-26,2016-06-28,43,39,blue,1,64.9,22644,Mrs,1955-10-22,Schleswig-Holstein,2016-05-24,1
4663,2016-06-26,,46,xxl,black,29,34.9,925,Mrs,1958-05-10,Hesse,2015-03-17,0
4664,2016-06-26,,46,xxl,red,29,34.9,925,Mrs,1958-05-10,Hesse,2015-03-17,0
4665,2016-06-26,2016-06-28,507,39,bordeaux,53,34.9,13381,Mrs,1975-04-02,Bavaria,2016-04-26,1
4666,2016-06-26,2016-06-28,231,39,red,24,49.9,13381,Mrs,1975-04-02,Bavaria,2016-04-26,1
4667,2016-06-26,2016-06-28,53,38,khaki,30,16.4,13381,Mrs,1975-04-02,Bavaria,2016-04-26,1
4668,2016-06-26,2016-06-28,944,140,khaki,30,29.9,13381,Mrs,1975-04-02,Bavaria,2016-04-26,0
4669,2016-06-26,2016-06-28,944,128,khaki,30,29.9,13381,Mrs,1975-04-02,Bavaria,2016-04-26,0
4670,2016-06-26,2016-06-28,37,39,grey,1,39.9,19679,Mrs,1963-02-08,Bavaria,2015-09-28,1
4671,2016-06-26,2016-06-28,896,l,grey,33,12.4,24300,Mrs,1964-07-15,Rhineland-Palatinate,2015-10-18,0
4672,2016-06-26,2016-06-28,222,l,ash,3,24.9,24300,Mrs,1964-07-15,Rhineland-Palatinate,2015-10-18,0
4673,2016-06-26,2016-06-28,171,l,ash,3,19.9,24300,Mrs,1964-07-15,Rhineland-Palatinate,2015-10-18,0
4674,2016-06-26,2016-06-28,68,xxl,mocca,3,19.9,24300,Mrs,1964-07-15,Rhineland-Palatinate,2015-10-18,1
4675,2016-06-26,2016-06-28,68,xxl,white,3,19.9,24300,Mrs,1964-07-15,Rhineland-Palatinate,2015-10-18,1
4676,2016-06-26,2016-06-28,897,l,grey,33,9.9,24300,Mrs,1964-07-15,Rhineland-Palatinate,2015-10-18,0
4677,2016-06-26,2016-06-28,247,41,green,40,49.9,24502,Mrs,1963-11-20,North Rhine-Westphalia,2015-02-17,1
4678,2016-06-26,,247,40,grey,40,49.9,24502,Mrs,1963-11-20,North Rhine-Westphalia,2015-02-17,0
4679,2016-06-26,2016-06-29,747,unsized,black,35,24.9,31794,Mrs,,Hamburg,2016-06-27,0
4681,2016-06-26,2016-07-03,166,40,white,6,34.9,31796,Mrs,1963-05-10,Baden-Wuerttemberg,2015-02-17,1
4682,2016-06-26,2016-07-03,235,m,white,14,39.9,31796,Mrs,1963-05-10,Baden-Wuerttemberg,2015-02-17,1
4683,2016-06-26,2016-07-18,573,l,ocher,41,64.9,31796,Mrs,1963-05-10,Baden-Wuerttemberg,2015-02-17,0
4684,2016-06-26,2016-07-18,86,m,denim,5,39.9,31796,Mrs,1963-05-10,Baden-Wuerttemberg,2015-02-17,1
4685,2016-06-26,2016-07-03,86,m,denim,5,39.9,31796,Mrs,1963-05-10,Baden-Wuerttemberg,2015-02-17,1
4686,2016-06-26,,378,m,white,5,29.9,31796,Mrs,1963-05-10,Baden-Wuerttemberg,2015-02-17,0
4687,2016-06-26,,578,unsized,ocher,48,14.9,31796,Mrs,1963-05-10,Baden-Wuerttemberg,2015-02-17,0
4688,2016-06-26,,578,unsized,cobalt blue,48,14.9,31796,Mrs,1963-05-10,Baden-Wuerttemberg,2015-02-17,0
4689,2016-06-26,,578,unsized,olive,48,14.9,31796,Mrs,1963-05-10,Baden-Wuerttemberg,2015-02-17,0
4690,2016-06-26,,573,l,ocher,41,64.9,31796,Mrs,1963-05-10,Baden-Wuerttemberg,2015-02-17,0
4691,2016-06-26,,573,l,ocher,41,64.9,31796,Mrs,1963-05-10,Baden-Wuerttemberg,2015-02-17,0
4692,2016-06-26,2016-06-28,628,m,brown,5,39.9,31797,Mrs,1959-11-07,North Rhine-Westphalia,2015-10-27,0
4693,2016-06-26,,126,8,brown,21,39.95,7912,Mrs,1959-04-28,Berlin,2015-02-17,0
4694,2016-06-26,1994-12-31,399,39,grey,17,64.9,7912,Mrs,1959-04-28,Berlin,2015-02-17,1
4695,2016-06-26,,399,39,pink,17,64.9,7912,Mrs,1959-04-28,Berlin,2015-02-17,0
4696,2016-06-26,1994-12-31,65,39,blue,17,39.9,7912,Mrs,1959-04-28,Berlin,2015-02-17,1
4697,2016-06-26,,1104,unsized,yellow,48,34.95,7912,Mrs,1959-04-28,Berlin,2015-02-17,0
4698,2016-06-26,2016-06-28,687,9,brown,12,49.9,26922,Mrs,1962-01-05,North Rhine-Westphalia,2015-02-19,0
4699,2016-06-26,2016-07-02,326,xl,grey,48,49.9,26922,Mrs,1962-01-05,North Rhine-Westphalia,2015-02-19,1
4700,2016-06-26,,326,l,grey,48,49.9,26922,Mrs,1962-01-05,North Rhine-Westphalia,2015-02-19,0
4701,2016-06-26,,120,s,baltic blue,48,49.9,26922,Mrs,1962-01-05,North Rhine-Westphalia,2015-02-19,0
4702,2016-06-26,2016-06-28,41,40,pink,1,49.9,26223,Mrs,1949-11-20,Bavaria,2015-02-17,0
4703,2016-06-26,2016-06-28,685,40,olive,16,74.9,26223,Mrs,1949-11-20,Bavaria,2015-02-17,1
4704,2016-06-26,,85,40,black,40,54.9,26223,Mrs,1949-11-20,Bavaria,2015-02-17,0
4705,2016-06-26,2016-06-29,100,42,black,43,59.9,31799,Mrs,1958-03-27,Schleswig-Holstein,2016-01-13,0
4706,2016-06-26,2016-06-29,215,xxl,denim,28,49.9,31799,Mrs,1958-03-27,Schleswig-Holstein,2016-01-13,0
4707,2016-06-26,2016-06-28,116,m,magenta,5,49.9,1416,Mrs,1950-09-22,Hamburg,2016-03-25,1
4708,2016-06-26,,22,l,white,14,19.9,1416,Mrs,1950-09-22,Hamburg,2016-03-25,0
4709,2016-06-26,2016-06-29,142,xl,red,49,49.9,28240,Mrs,1964-01-21,Hesse,2016-06-13,1
4710,2016-06-26,2016-06-29,121,39,brown,43,49.9,28240,Mrs,1964-01-21,Hesse,2016-06-13,0
4711,2016-06-26,2016-06-29,173,xl,brown,20,24.9,28240,Mrs,1964-01-21,Hesse,2016-06-13,0
4712,2016-06-26,2016-06-28,137,40,blue,38,54.9,20306,Mrs,1963-11-17,Schleswig-Holstein,2015-05-28,0
4713,2016-06-26,2016-06-28,219,39,red,38,49.9,31802,Mrs,1968-06-23,Bavaria,2015-02-17,0
4714,2016-06-26,2016-06-28,142,s,red,49,49.9,31802,Mrs,1968-06-23,Bavaria,2015-02-17,0
4715,2016-06-26,2016-06-28,137,39,blue,38,54.9,31802,Mrs,1968-06-23,Bavaria,2015-02-17,0
4716,2016-06-26,,87,s,red,5,39.9,31802,Mrs,1968-06-23,Bavaria,2015-02-17,0
4717,2016-06-26,2016-06-28,50,3,brown,21,29.95,27981,Mrs,2011-07-17,Saarland,2015-08-27,0
4718,2016-06-26,2016-06-28,50,5,grey,21,29.95,27981,Mrs,2011-07-17,Saarland,2015-08-27,0
4719,2016-06-26,,614,34,grey,48,27.45,27981,Mrs,2011-07-17,Saarland,2015-08-27,0
4720,2016-06-26,2016-06-28,614,29,grey,48,27.45,31689,Mrs,1969-10-29,Hesse,2015-02-17,1
4721,2016-06-26,,219,40,red,38,49.9,31689,Mrs,1969-10-29,Hesse,2015-02-17,0
4722,2016-06-26,,219,40,mango,38,49.9,31689,Mrs,1969-10-29,Hesse,2015-02-17,0
4723,2016-06-26,,259,37,mint,1,59.9,104,Mrs,1966-11-15,North Rhine-Westphalia,2015-02-17,0
4724,2016-06-26,,415,37,green,1,44.9,104,Mrs,1966-11-15,North Rhine-Westphalia,2015-02-17,0
4725,2016-06-26,,117,36+,red,1,84.9,104,Mrs,1966-11-15,North Rhine-Westphalia,2015-02-17,0
4726,2016-06-26,,117,37,red,1,84.9,104,Mrs,1966-11-15,North Rhine-Westphalia,2015-02-17,0
4727,2016-06-26,2016-06-28,147,43,blue,1,49.9,26160,Mrs,1957-12-17,Lower Saxony,2016-06-04,0
4728,2016-06-26,2016-06-28,147,43,grey,1,49.9,26160,Mrs,1957-12-17,Lower Saxony,2016-06-04,0
4729,2016-06-26,2016-06-28,70,48,white,34,19.9,26160,Mrs,1957-12-17,Lower Saxony,2016-06-04,0
4730,2016-06-26,2016-06-28,70,48,grey,34,19.9,26160,Mrs,1957-12-17,Lower Saxony,2016-06-04,0
4731,2016-06-26,,52,42,white,18,64.9,3417,Mrs,1968-07-05,North Rhine-Westphalia,2016-04-07,0
4732,2016-06-26,2016-06-28,434,xl,green,28,49.9,19856,Mrs,1965-12-29,North Rhine-Westphalia,2015-02-17,0
4733,2016-06-26,2016-06-28,237,unsized,olive,59,39.9,19856,Mrs,1965-12-29,North Rhine-Westphalia,2015-02-17,0
4734,2016-06-26,2016-06-28,844,unsized,petrol,59,14.9,19856,Mrs,1965-12-29,North Rhine-Westphalia,2015-02-17,0
4735,2016-06-26,2016-06-28,415,40,green,1,44.9,19856,Mrs,1965-12-29,North Rhine-Westphalia,2015-02-17,0
4736,2016-06-26,2016-06-28,896,l,grey,33,12.4,17383,Mrs,1970-06-11,Hamburg,2016-01-13,0
4737,2016-06-26,2016-06-28,897,m,grey,33,9.9,17383,Mrs,1970-06-11,Hamburg,2016-01-13,0
4738,2016-06-26,2016-06-28,875,s,olive,9,74.9,17383,Mrs,1970-06-11,Hamburg,2016-01-13,1
4739,2016-06-26,2016-06-28,407,m,olive,74,34.9,17383,Mrs,1970-06-11,Hamburg,2016-01-13,1
4740,2016-06-26,2016-06-29,223,8,white,19,39.9,31803,Mrs,1974-11-07,Lower Saxony,2016-06-27,0
4741,2016-06-26,2016-07-27,247,40,brown,40,49.9,31806,Mrs,1959-08-26,Hesse,2016-06-27,0
4742,2016-06-26,2016-07-27,247,40,green,40,49.9,31806,Mrs,1959-08-26,Hesse,2016-06-27,0
4743,2016-06-26,2016-07-27,246,40,brown,40,59.9,31806,Mrs,1959-08-26,Hesse,2016-06-27,1
4744,2016-06-26,2016-07-27,246,40,yellow,40,59.9,31806,Mrs,1959-08-26,Hesse,2016-06-27,1
4745,2016-06-26,,41,40,pink,1,49.9,26223,Mrs,1949-11-20,Bavaria,2015-02-17,0
4746,2016-06-26,,85,40,black,40,54.9,26223,Mrs,1949-11-20,Bavaria,2015-02-17,0
4747,2016-06-26,,685,40,olive,16,74.9,26223,Mrs,1949-11-20,Bavaria,2015-02-17,0
4749,2016-06-26,2016-06-28,407,xl,olive,74,34.9,3417,Mrs,1968-07-05,North Rhine-Westphalia,2016-04-07,1
4750,2016-06-26,2016-06-28,62,unsized,ash,5,7.4,3417,Mrs,1968-07-05,North Rhine-Westphalia,2016-04-07,0
4751,2016-06-26,2016-06-28,412,46,purple,11,44.9,3417,Mrs,1968-07-05,North Rhine-Westphalia,2016-04-07,1
4752,2016-06-26,2016-06-28,128,xl,denim,49,39.9,3417,Mrs,1968-07-05,North Rhine-Westphalia,2016-04-07,0
4753,2016-06-26,2016-06-28,162,42,white,17,44.9,3417,Mrs,1968-07-05,North Rhine-Westphalia,2016-04-07,1
4754,2016-06-26,2016-06-28,52,42,white,18,64.9,3417,Mrs,1968-07-05,North Rhine-Westphalia,2016-04-07,0
4755,2016-06-26,,229,43,brown,50,34.95,3417,Mrs,1968-07-05,North Rhine-Westphalia,2016-04-07,0
4756,2016-06-26,,116,xl,white,5,49.9,3417,Mrs,1968-07-05,North Rhine-Westphalia,2016-04-07,0
4757,2016-06-26,,116,xl,white,5,49.9,3417,Mrs,1968-07-05,North Rhine-Westphalia,2016-04-07,0
4759,2016-06-26,2016-06-28,9,6+,blue,4,59.95,18846,Mrs,1969-02-20,North Rhine-Westphalia,2015-02-17,1
4760,2016-06-26,2016-06-28,9,7,blue,4,59.95,18846,Mrs,1969-02-20,North Rhine-Westphalia,2015-02-17,1
4761,2016-06-26,2016-06-28,328,xxl,blue,37,19.9,18846,Mrs,1969-02-20,North Rhine-Westphalia,2015-02-17,0
4762,2016-06-26,2016-06-28,108,xxl,grey,46,19.9,18846,Mrs,1969-02-20,North Rhine-Westphalia,2015-02-17,1
4763,2016-06-26,2016-06-28,311,40,blue,38,49.9,18846,Mrs,1969-02-20,North Rhine-Westphalia,2015-02-17,0
4764,2016-06-26,,311,41,blue,38,49.9,18846,Mrs,1969-02-20,North Rhine-Westphalia,2015-02-17,0
4765,2016-06-26,,101,41,anthracite,17,64.9,18846,Mrs,1969-02-20,North Rhine-Westphalia,2015-02-17,0
4767,2016-06-26,2016-07-02,116,m,magenta,5,49.9,1416,Mrs,1950-09-22,Hamburg,2016-03-25,1
4768,2016-06-26,,22,l,white,14,19.9,1416,Mrs,1950-09-22,Hamburg,2016-03-25,0
4769,2016-06-26,2016-06-28,223,8,brown,19,39.9,15343,Mrs,1963-11-01,Hesse,2015-03-15,0
4770,2016-06-26,2016-06-28,1117,42,blue,104,32.45,15343,Mrs,1963-11-01,Hesse,2015-03-15,0
4788,2016-06-26,2016-06-28,260,40,brown,17,64.9,30941,Mrs,1962-06-25,North Rhine-Westphalia,2016-06-26,0
4789,2016-06-26,,69,xl,white,5,54.9,31811,Mrs,,Lower Saxony,2016-06-27,0
4790,2016-06-26,,17,46,blue,11,34.9,31811,Mrs,,Lower Saxony,2016-06-27,0
4791,2016-06-26,,523,xxl,magenta,3,4.9,31811,Mrs,,Lower Saxony,2016-06-27,0
4792,2016-06-26,,156,46,grey,34,29.9,31811,Mrs,,Lower Saxony,2016-06-27,0
4793,2016-06-26,,195,xxl,blue,46,9.9,31811,Mrs,,Lower Saxony,2016-06-27,0
4794,2016-06-26,,895,46,blue,39,39.95,31811,Mrs,,Lower Saxony,2016-06-27,0
4795,2016-06-26,,84,xxl,ash,5,34.9,31811,Mrs,,Lower Saxony,2016-06-27,0
4796,2016-06-26,2016-06-28,448,38,bordeaux,72,49.9,2552,Mrs,1951-01-26,Baden-Wuerttemberg,2016-04-04,1
4797,2016-06-26,2016-06-28,407,l,olive,74,34.9,2552,Mrs,1951-01-26,Baden-Wuerttemberg,2016-04-04,1
4798,2016-06-26,2016-06-28,255,m,red,37,17.4,2552,Mrs,1951-01-26,Baden-Wuerttemberg,2016-04-04,0
4799,2016-06-26,2016-06-28,255,m,purple,37,17.4,2552,Mrs,1951-01-26,Baden-Wuerttemberg,2016-04-04,0
4801,2016-06-26,2016-06-28,183,xl,orange,5,39.9,18312,Mrs,1955-12-02,Rhineland-Palatinate,2016-05-11,0
4802,2016-06-26,2016-06-28,183,xxl,orange,5,39.9,18312,Mrs,1955-12-02,Rhineland-Palatinate,2016-05-11,1
4803,2016-06-26,2016-06-28,100,42,petrol,43,59.9,18312,Mrs,1955-12-02,Rhineland-Palatinate,2016-05-11,1
4804,2016-06-26,2016-06-28,160,43,black,54,34.9,18312,Mrs,1955-12-02,Rhineland-Palatinate,2016-05-11,1
4805,2016-06-26,,116,xl,olive,5,49.9,18312,Mrs,1955-12-02,Rhineland-Palatinate,2016-05-11,0
4806,2016-06-26,,160,42,brown,54,34.9,18312,Mrs,1955-12-02,Rhineland-Palatinate,2016-05-11,0
4807,2016-06-26,2016-06-28,159,42,nature,54,39.9,18312,Mrs,1955-12-02,Rhineland-Palatinate,2016-05-11,0
4808,2016-06-26,2016-07-05,159,42,nature,54,39.9,18312,Mrs,1955-12-02,Rhineland-Palatinate,2016-05-11,0
4809,2016-06-26,2016-06-28,571,m,brown,14,39.9,22049,Mrs,1900-11-21,Bavaria,2015-04-20,1
4810,2016-06-26,2016-06-28,571,m,white,14,39.9,22049,Mrs,1900-11-21,Bavaria,2015-04-20,1
4811,2016-06-26,2016-06-28,571,m,denim,14,39.9,22049,Mrs,1900-11-21,Bavaria,2015-04-20,1
4812,2016-06-26,2016-06-28,19,l,grey,14,34.9,22049,Mrs,1900-11-21,Bavaria,2015-04-20,1
4813,2016-06-26,2016-06-28,19,m,grey,14,34.9,22049,Mrs,1900-11-21,Bavaria,2015-04-20,0
4814,2016-06-26,2016-06-28,19,l,brown,14,34.9,22049,Mrs,1900-11-21,Bavaria,2015-04-20,1
4815,2016-06-26,2016-06-28,19,m,brown,14,34.9,22049,Mrs,1900-11-21,Bavaria,2015-04-20,0
4816,2016-06-26,2016-06-28,19,l,white,14,69.9,22049,Mrs,1900-11-21,Bavaria,2015-04-20,1
4817,2016-06-26,2016-06-28,698,l,white,72,22.4,22049,Mrs,1900-11-21,Bavaria,2015-04-20,1
4818,2016-06-26,2016-06-28,698,m,blue,72,22.4,22049,Mrs,1900-11-21,Bavaria,2015-04-20,1
4819,2016-06-26,2016-06-28,158,41,purple,54,29.9,22049,Mrs,1900-11-21,Bavaria,2015-04-20,0
4820,2016-06-26,2016-06-28,158,41,nature,54,29.9,22049,Mrs,1900-11-21,Bavaria,2015-04-20,0
4821,2016-06-26,2016-06-28,158,43,nature,54,29.9,22049,Mrs,1900-11-21,Bavaria,2015-04-20,1
4822,2016-06-26,2016-06-28,158,42,nature,54,29.9,22049,Mrs,1900-11-21,Bavaria,2015-04-20,0
4823,2016-06-26,2016-07-06,254,l,ocher,5,24.9,22049,Mrs,1900-11-21,Bavaria,2015-04-20,1
4824,2016-06-26,,571,l,ocher,14,39.9,22049,Mrs,1900-11-21,Bavaria,2015-04-20,0
4825,2016-06-26,,19,m,white,14,69.9,22049,Mrs,1900-11-21,Bavaria,2015-04-20,0
4826,2016-06-26,,726,42,red,18,49.9,22049,Mrs,1900-11-21,Bavaria,2015-04-20,0
4827,2016-06-26,,254,l,white,5,24.9,22049,Mrs,1900-11-21,Bavaria,2015-04-20,0
4828,2016-06-26,,254,m,white,5,24.9,22049,Mrs,1900-11-21,Bavaria,2015-04-20,0
4829,2016-06-26,,254,m,ocher,5,24.9,22049,Mrs,1900-11-21,Bavaria,2015-04-20,0
4830,2016-06-26,,254,l,brown,5,24.9,22049,Mrs,1900-11-21,Bavaria,2015-04-20,0
4831,2016-06-26,,254,m,brown,5,24.9,22049,Mrs,1900-11-21,Bavaria,2015-04-20,0
4832,2016-06-26,,254,l,orange,5,24.9,22049,Mrs,1900-11-21,Bavaria,2015-04-20,0
4833,2016-06-26,,698,m,white,72,22.4,22049,Mrs,1900-11-21,Bavaria,2015-04-20,0
4834,2016-06-26,,698,l,blue,72,22.4,22049,Mrs,1900-11-21,Bavaria,2015-04-20,0
4835,2016-06-26,,698,l,grey,72,22.4,22049,Mrs,1900-11-21,Bavaria,2015-04-20,0
4836,2016-06-26,,698,m,grey,72,22.4,22049,Mrs,1900-11-21,Bavaria,2015-04-20,0
4837,2016-06-26,,15,42,ocher,1,64.9,31812,Mrs,1969-09-17,Lower Saxony,2015-02-17,0
4838,2016-06-26,,80,42,orange,26,39.9,31812,Mrs,1969-09-17,Lower Saxony,2015-02-17,0
4839,2016-06-26,,391,8+,silver,48,39.9,31812,Mrs,1969-09-17,Lower Saxony,2015-02-17,0
4840,2016-06-26,2016-06-28,177,43,brown,1,64.9,31814,Mrs,1970-04-16,Bavaria,2016-06-27,1
4841,2016-06-26,2016-06-28,259,43,ocher,1,59.9,31814,Mrs,1970-04-16,Bavaria,2016-06-27,1
4842,2016-06-26,2016-06-28,31,44,purple,22,19.9,31814,Mrs,1970-04-16,Bavaria,2016-06-27,0
4843,2016-06-26,2016-06-28,31,44,orange,22,19.9,31814,Mrs,1970-04-16,Bavaria,2016-06-27,0
4844,2016-06-26,2016-06-28,31,34,blue,22,19.9,31814,Mrs,1970-04-16,Bavaria,2016-06-27,0
4845,2016-06-26,2016-06-28,31,34,blue,22,19.9,31814,Mrs,1970-04-16,Bavaria,2016-06-27,0
4846,2016-06-26,2016-06-28,31,34,yellow,22,19.9,31814,Mrs,1970-04-16,Bavaria,2016-06-27,0
4847,2016-06-26,2016-06-28,614,39,grey,48,27.45,31814,Mrs,1970-04-16,Bavaria,2016-06-27,1
4848,2016-06-26,2016-06-28,614,40,grey,48,27.45,31814,Mrs,1970-04-16,Bavaria,2016-06-27,1
4849,2016-06-26,2016-06-28,614,31,grey,48,27.45,31814,Mrs,1970-04-16,Bavaria,2016-06-27,1
4850,2016-06-26,2016-06-28,614,26,grey,48,27.45,31814,Mrs,1970-04-16,Bavaria,2016-06-27,1
4851,2016-06-26,2016-07-04,31,38,orange,22,19.9,31814,Mrs,1970-04-16,Bavaria,2016-06-27,1
4852,2016-06-26,2016-07-19,31,40,blue,22,19.9,31814,Mrs,1970-04-16,Bavaria,2016-06-27,0
4853,2016-06-26,2016-07-19,31,46,white,22,19.9,31814,Mrs,1970-04-16,Bavaria,2016-06-27,0
4854,2016-06-26,2016-07-19,31,40,white,22,19.9,31814,Mrs,1970-04-16,Bavaria,2016-06-27,0
4855,2016-06-26,,31,40,blue,22,19.9,31814,Mrs,1970-04-16,Bavaria,2016-06-27,0
4856,2016-06-26,2016-06-28,246,39,purple,40,59.9,31815,Mrs,1973-02-01,Berlin,2015-02-17,1
4857,2016-06-26,2016-06-28,462,39,pink,1,44.9,31815,Mrs,1973-02-01,Berlin,2015-02-17,0
4858,2016-06-26,,593,38+,blue,70,89.9,31815,Mrs,1973-02-01,Berlin,2015-02-17,0
4859,2016-06-26,,321,39,red,23,64.9,31815,Mrs,1973-02-01,Berlin,2015-02-17,0
4860,2016-06-26,,156,42,blue,34,29.9,23438,Mrs,1951-11-24,Brandenburg,2015-02-17,0
4861,2016-06-26,,948,unsized,white,60,19.9,23438,Mrs,1951-11-24,Brandenburg,2015-02-17,0
4862,2016-06-26,,255,l,blue,37,17.4,23438,Mrs,1951-11-24,Brandenburg,2015-02-17,0
4863,2016-06-26,,463,42,blue,25,29.9,23438,Mrs,1951-11-24,Brandenburg,2015-02-17,0
4864,2016-06-26,,157,unsized,jade,32,9.9,23438,Mrs,1951-11-24,Brandenburg,2015-02-17,0
4865,2016-06-26,,159,39,nature,54,39.9,23438,Mrs,1951-11-24,Brandenburg,2015-02-17,0
4866,2016-06-26,,479,39,brown,17,64.9,23438,Mrs,1951-11-24,Brandenburg,2015-02-17,0
4867,2016-06-26,,87,l,mocca,5,39.9,23438,Mrs,1951-11-24,Brandenburg,2015-02-17,0
4868,2016-06-26,2016-06-28,255,m,red,37,17.4,31817,Mrs,1959-03-16,Lower Saxony,2015-02-17,1
4869,2016-06-26,2016-06-28,255,m,purple,37,17.4,31817,Mrs,1959-03-16,Lower Saxony,2015-02-17,1
4870,2016-06-26,2016-06-28,867,42,stained,11,44.9,31817,Mrs,1959-03-16,Lower Saxony,2015-02-17,1
4871,2016-06-26,2016-06-28,867,38,stained,11,44.9,31817,Mrs,1959-03-16,Lower Saxony,2015-02-17,1
4880,2016-06-26,2016-06-28,1383,40,ecru,1,49.9,6292,Mrs,1956-06-01,North Rhine-Westphalia,2015-02-17,0
4881,2016-06-26,2016-07-19,41,40,ocher,1,49.9,6292,Mrs,1956-06-01,North Rhine-Westphalia,2015-02-17,0
4882,2016-06-26,2016-06-28,315,39,blue,45,64.9,31819,Mrs,1974-10-30,North Rhine-Westphalia,2015-02-17,0
4883,2016-06-26,2016-06-28,30,4,brown,21,24.9,31819,Mrs,1974-10-30,North Rhine-Westphalia,2015-02-17,0
4884,2016-06-26,,30,5,brown,21,24.9,31819,Mrs,1974-10-30,North Rhine-Westphalia,2015-02-17,0
4885,2016-06-26,2016-06-28,399,39,brown,17,64.9,31821,Mrs,1967-01-29,Hesse,2015-02-17,0
4886,2016-06-26,2016-06-28,666,9+,brown,19,34.9,31821,Mrs,1967-01-29,Hesse,2015-02-17,1
4887,2016-06-26,2016-06-28,834,9+,brown,12,54.9,31821,Mrs,1967-01-29,Hesse,2015-02-17,0
4888,2016-06-26,2016-06-29,315,40,blue,45,64.9,12560,Mrs,1966-03-14,Hesse,2016-04-24,1
4889,2016-06-26,2016-06-29,885,42,white,65,24.9,12560,Mrs,1966-03-14,Hesse,2016-04-24,0
4890,2016-06-26,2016-06-29,367,39,red,18,64.9,12560,Mrs,1966-03-14,Hesse,2016-04-24,1
4891,2016-06-26,2016-06-29,37,40,mocca,1,39.9,12560,Mrs,1966-03-14,Hesse,2016-04-24,1
4892,2016-06-26,2016-06-29,572,l,blue,66,24.9,12560,Mrs,1966-03-14,Hesse,2016-04-24,0
4893,2016-06-26,2016-06-29,309,xl,blue,66,24.9,12560,Mrs,1966-03-14,Hesse,2016-04-24,0
4894,2016-06-26,2016-06-29,315,40,blue,45,64.9,12560,Mrs,1966-03-14,Hesse,2016-04-24,0
4895,2016-06-26,,326,xl,cobalt blue,48,49.9,12560,Mrs,1966-03-14,Hesse,2016-04-24,0
4903,2016-06-26,2016-06-28,178,7+,black,4,44.95,6705,Mrs,1958-08-04,North Rhine-Westphalia,2015-02-17,1
4904,2016-06-26,2016-07-02,80,41,purple,26,39.9,6705,Mrs,1958-08-04,North Rhine-Westphalia,2015-02-17,0
4908,2016-06-26,,1300,8+,black,17,119.9,31824,Mrs,,North Rhine-Westphalia,2015-02-17,0
4909,2016-06-26,,205,42,grey,40,59.9,31824,Mrs,,North Rhine-Westphalia,2015-02-17,0
4910,2016-06-26,,349,42,ecru,17,54.9,31824,Mrs,,North Rhine-Westphalia,2015-02-17,0
4911,2016-06-26,,285,42,grey,1,39.9,31824,Mrs,,North Rhine-Westphalia,2015-02-17,0
4912,2016-06-26,,99,l,black,20,59.9,31824,Mrs,,North Rhine-Westphalia,2015-02-17,0
4913,2016-06-26,2016-06-28,328,xxl,olive,37,19.9,19810,Mrs,1965-01-07,Mecklenburg-Western Pomerania,2015-03-15,0
4914,2016-06-26,2016-06-28,255,xxl,blue,37,17.4,19810,Mrs,1965-01-07,Mecklenburg-Western Pomerania,2015-03-15,1
4915,2016-06-26,2016-06-28,293,xxl,berry,5,44.9,19810,Mrs,1965-01-07,Mecklenburg-Western Pomerania,2015-03-15,1
4916,2016-06-26,2016-06-28,293,xxl,azure,5,44.9,19810,Mrs,1965-01-07,Mecklenburg-Western Pomerania,2015-03-15,1
4917,2016-06-26,2016-06-28,895,18,ocher,39,39.95,31825,Mrs,,Lower Saxony,2015-02-17,1
4918,2016-06-26,2016-06-28,895,18,blue,39,39.95,31825,Mrs,,Lower Saxony,2015-02-17,0
4919,2016-06-26,2016-06-28,462,38,black,1,44.9,31825,Mrs,,Lower Saxony,2015-02-17,0
4922,2016-06-26,2016-06-28,144,l,pink,14,24.9,31827,Mrs,,North Rhine-Westphalia,2015-02-17,1
4923,2016-06-26,2016-06-28,449,l,red,3,24.9,31827,Mrs,,North Rhine-Westphalia,2015-02-17,1
4924,2016-06-26,2016-06-28,144,m,pink,14,24.9,31827,Mrs,,North Rhine-Westphalia,2015-02-17,1
4925,2016-06-26,,27,6+,blue,19,39.9,31827,Mrs,,North Rhine-Westphalia,2015-02-17,0
4926,2016-06-26,,27,6,black,19,39.9,31827,Mrs,,North Rhine-Westphalia,2015-02-17,0
4927,2016-06-26,,27,6+,black,19,39.9,31827,Mrs,,North Rhine-Westphalia,2015-02-17,0
4928,2016-06-26,,282,m,berry,20,14.9,31827,Mrs,,North Rhine-Westphalia,2015-02-17,0
4929,2016-06-26,,661,l,berry,5,29.9,31827,Mrs,,North Rhine-Westphalia,2015-02-17,0
4930,2016-06-26,2016-06-29,23,38,stained,16,79.9,30187,Mrs,1967-02-12,Lower Saxony,2015-02-17,1
4931,2016-06-26,2016-06-29,43,39,blue,1,64.9,30187,Mrs,1967-02-12,Lower Saxony,2015-02-17,1
4932,2016-06-26,2016-06-29,286,39,red,1,64.9,30187,Mrs,1967-02-12,Lower Saxony,2015-02-17,1
4933,2016-06-26,,604,38+,grey,1,79.9,30187,Mrs,1967-02-12,Lower Saxony,2015-02-17,0
4934,2016-06-26,2016-06-29,159,40,bordeaux,54,39.9,31828,Mrs,,Lower Saxony,2016-06-27,0
4935,2016-06-26,,158,40,green,54,29.9,31828,Mrs,,Lower Saxony,2016-06-27,0
4936,2016-06-26,2016-06-29,709,40,brown,17,59.9,31828,Mrs,,Lower Saxony,2016-06-27,0
4937,2016-06-26,2016-06-29,434,l,black,28,49.9,29992,Mrs,1955-02-21,Berlin,2016-02-02,1
4938,2016-06-26,2016-06-29,434,xl,orange,28,49.9,29992,Mrs,1955-02-21,Berlin,2016-02-02,1
4939,2016-06-26,2016-06-29,434,m,black,28,49.9,29992,Mrs,1955-02-21,Berlin,2016-02-02,1
4940,2016-06-26,2016-07-04,10,44,olive,9,69.9,29992,Mrs,1955-02-21,Berlin,2016-02-02,1
4941,2016-06-26,2016-06-28,224,40,turquoise,58,19.9,31829,Mrs,1957-06-24,Schleswig-Holstein,2015-02-17,0
4942,2016-06-26,2016-06-28,224,40,red,58,19.9,31829,Mrs,1957-06-24,Schleswig-Holstein,2015-02-17,0
4943,2016-06-26,2016-06-28,224,40,blue,58,19.9,31829,Mrs,1957-06-24,Schleswig-Holstein,2015-02-17,1
4944,2016-06-26,2016-07-02,224,40,blue,58,19.9,31829,Mrs,1957-06-24,Schleswig-Holstein,2015-02-17,1
4945,2016-06-26,2016-06-28,59,unsized,ash,32,9.9,3067,Mrs,1925-01-09,North Rhine-Westphalia,2015-05-15,0
4946,2016-06-26,2016-06-28,264,42,denim,6,39.9,3067,Mrs,1925-01-09,North Rhine-Westphalia,2015-05-15,1
4947,2016-06-26,2016-06-29,219,38,mango,38,49.9,31830,Mrs,1958-04-02,North Rhine-Westphalia,2016-06-27,0
4948,2016-06-26,2016-06-29,606,38,blue,1,34.9,31830,Mrs,1958-04-02,North Rhine-Westphalia,2016-06-27,1
4949,2016-06-26,2016-06-29,629,s,denim,25,29.9,31830,Mrs,1958-04-02,North Rhine-Westphalia,2016-06-27,1
4950,2016-06-26,2016-06-29,413,s,azure,14,44.9,31830,Mrs,1958-04-02,North Rhine-Westphalia,2016-06-27,1
4951,2016-06-26,,219,38,blue,38,49.9,31830,Mrs,1958-04-02,North Rhine-Westphalia,2016-06-27,0
4952,2016-06-26,2016-06-29,417,8+,black,19,44.9,15474,Mr,1972-04-17,Bavaria,2016-05-02,0
4953,2016-06-26,2016-06-29,698,xl,black,72,22.4,15474,Mr,1972-04-17,Bavaria,2016-05-02,0
4954,2016-06-26,2016-06-29,571,xl,brown,14,39.9,15474,Mr,1972-04-17,Bavaria,2016-05-02,1
4955,2016-06-26,2016-06-28,255,m,red,37,17.4,9921,Mrs,1957-01-27,Bavaria,2015-12-28,1
4956,2016-06-26,2016-06-28,699,38,ocher,39,44.95,9921,Mrs,1957-01-27,Bavaria,2015-12-28,0
4957,2016-06-26,2016-06-28,59,unsized,red,32,9.9,9921,Mrs,1957-01-27,Bavaria,2015-12-28,0
4958,2016-06-26,2016-06-28,699,40,ocher,39,44.95,9921,Mrs,1957-01-27,Bavaria,2015-12-28,1
4962,2016-06-26,2016-06-29,183,xxl,berry,5,39.9,31831,Mrs,1963-05-23,Schleswig-Holstein,2016-06-27,0
4963,2016-06-26,2016-06-29,612,xl,blue,20,34.9,31831,Mrs,1963-05-23,Schleswig-Holstein,2016-06-27,0
4965,2016-06-26,2016-06-28,8,39,stained,8,12.4,31833,Mrs,1955-04-14,Bavaria,2015-02-17,0
4966,2016-06-26,2016-06-28,379,xl,ocher,42,44.9,31833,Mrs,1955-04-14,Bavaria,2015-02-17,1
4967,2016-06-26,2016-06-28,7,40,purple,7,9.9,31833,Mrs,1955-04-14,Bavaria,2015-02-17,0
4968,2016-06-26,2016-06-28,432,unsized,stained,68,49.9,31833,Mrs,1955-04-14,Bavaria,2015-02-17,0
4969,2016-06-26,,41,38,pink,1,49.9,31833,Mrs,1955-04-14,Bavaria,2015-02-17,0
4970,2016-06-26,,1115,38,black,104,24.9,31833,Mrs,1955-04-14,Bavaria,2015-02-17,0
4971,2016-06-26,2016-06-28,245,39,pink,1,59.9,4910,Mrs,1948-03-26,Bremen,2015-02-17,1
4972,2016-06-26,2016-06-28,246,39,purple,40,59.9,4910,Mrs,1948-03-26,Bremen,2015-02-17,0
4973,2016-06-26,2016-06-28,212,l,white,5,34.9,4910,Mrs,1948-03-26,Bremen,2015-02-17,1
4974,2016-06-26,2016-06-28,59,unsized,ash,32,9.9,4910,Mrs,1948-03-26,Bremen,2015-02-17,0
4975,2016-06-26,2016-06-28,59,unsized,red,32,9.9,4910,Mrs,1948-03-26,Bremen,2015-02-17,0
4976,2016-06-26,2016-06-28,561,xl,grey,3,12.4,4910,Mrs,1948-03-26,Bremen,2015-02-17,0
4977,2016-06-26,2016-06-28,561,xxl,ash,3,12.4,4910,Mrs,1948-03-26,Bremen,2015-02-17,0
4978,2016-06-26,2016-06-28,14,39,grey,1,64.9,4910,Mrs,1948-03-26,Bremen,2015-02-17,0
4979,2016-06-26,2016-07-23,212,l,black,5,34.9,4910,Mrs,1948-03-26,Bremen,2015-02-17,0
4980,2016-06-26,2016-06-28,125,l,brown,2,19.9,31834,Mrs,1970-05-24,North Rhine-Westphalia,2015-08-25,0
4981,2016-06-26,2016-07-05,2,l,green,2,19.9,31834,Mrs,1970-05-24,North Rhine-Westphalia,2015-08-25,0
4982,2016-06-26,2016-07-19,143,l,brown,5,44.9,31834,Mrs,1970-05-24,North Rhine-Westphalia,2015-08-25,1
4983,2016-06-26,,282,l,grey,20,14.9,31834,Mrs,1970-05-24,North Rhine-Westphalia,2015-08-25,0
4454,2016-06-27,2016-06-28,246,39,blue,40,59.9,31748,Mrs,1959-03-17,Schleswig-Holstein,2015-02-17,1
4455,2016-06-27,2016-06-28,246,39,black,40,59.9,31748,Mrs,1959-03-17,Schleswig-Holstein,2015-02-17,1
4456,2016-06-27,2016-07-19,85,39,grey,40,54.9,31748,Mrs,1959-03-17,Schleswig-Holstein,2015-02-17,0
4457,2016-06-27,2016-07-19,85,39,blue,40,54.9,31748,Mrs,1959-03-17,Schleswig-Holstein,2015-02-17,0
4507,2016-06-27,2016-06-28,26,41,green,18,129.9,29440,Mrs,1978-12-25,Schleswig-Holstein,2016-06-18,1
4517,2016-06-27,2016-06-28,9,7+,black,4,59.95,21182,Mrs,1962-08-26,Saxony-Anhalt,2016-01-16,1
4518,2016-06-27,2016-06-28,106,42,white,6,29.9,21182,Mrs,1962-08-26,Saxony-Anhalt,2016-01-16,0
4519,2016-06-27,2016-06-28,213,m,black,3,69.9,21182,Mrs,1962-08-26,Saxony-Anhalt,2016-01-16,0
4520,2016-06-27,,593,41,black,70,89.9,21182,Mrs,1962-08-26,Saxony-Anhalt,2016-01-16,0
4521,2016-06-27,,92,l,turquoise,42,44.9,21182,Mrs,1962-08-26,Saxony-Anhalt,2016-01-16,0
4522,2016-06-27,,10,42,olive,9,69.9,21182,Mrs,1962-08-26,Saxony-Anhalt,2016-01-16,0
4572,2016-06-27,2016-06-28,109,40,red,1,59.9,13749,Mrs,1954-06-01,Baden-Wuerttemberg,2016-03-18,1
4573,2016-06-27,2016-06-28,279,xxl,magenta,3,19.9,13749,Mrs,1954-06-01,Baden-Wuerttemberg,2016-03-18,1
4617,2016-06-27,2016-06-28,119,38,blue,43,44.9,22093,Mrs,1966-01-30,North Rhine-Westphalia,2015-02-17,0
4618,2016-06-27,2016-06-28,219,38,red,38,49.9,22093,Mrs,1966-01-30,North Rhine-Westphalia,2015-02-17,0
4652,2016-06-27,2016-06-29,117,39,brown,1,84.9,31790,not reported,1961-10-03,Lower Saxony,2015-09-15,0
4653,2016-06-27,2016-06-29,117,40,brown,1,84.9,31790,not reported,1961-10-03,Lower Saxony,2015-09-15,1
4654,2016-06-27,2016-06-29,415,40,brown,1,44.9,31790,not reported,1961-10-03,Lower Saxony,2015-09-15,1
4655,2016-06-27,2016-06-29,44,unsized,pallid,1,7.45,31790,not reported,1961-10-03,Lower Saxony,2015-09-15,0
4680,2016-06-27,2016-06-28,80,41,green,26,39.9,31666,Mrs,1966-09-13,Baden-Wuerttemberg,2016-06-27,0
4748,2016-06-27,2016-06-28,707,40,black,1,59.9,31682,Mrs,1983-08-28,North Rhine-Westphalia,2016-06-27,1
4758,2016-06-27,2016-06-28,279,l,ash,3,19.9,3959,Mrs,1951-11-05,Berlin,2016-05-22,0
4766,2016-06-27,2016-06-28,703,l,blue,37,29.9,17824,Mrs,,Mecklenburg-Western Pomerania,2016-05-10,0
4771,2016-06-27,2016-06-29,55,40,black,1,44.9,31810,Mrs,,Baden-Wuerttemberg,2015-02-17,0
4772,2016-06-27,2016-06-29,172,40,black,40,59.9,31810,Mrs,,Baden-Wuerttemberg,2015-02-17,1
4773,2016-06-27,2016-06-29,114,40,brown,43,64.9,31810,Mrs,,Baden-Wuerttemberg,2015-02-17,1
4774,2016-06-27,2016-06-29,158,40,green,54,29.9,31810,Mrs,,Baden-Wuerttemberg,2015-02-17,0
4775,2016-06-27,2016-06-29,1116,40,black,104,27.45,31810,Mrs,,Baden-Wuerttemberg,2015-02-17,0
4776,2016-06-27,2016-06-29,11,unsized,purple,10,17.4,31810,Mrs,,Baden-Wuerttemberg,2015-02-17,0
4777,2016-06-27,2016-06-29,782,40,black,55,87.9,31810,Mrs,,Baden-Wuerttemberg,2015-02-17,0
4778,2016-06-27,2016-06-29,44,unsized,pallid,1,7.45,31810,Mrs,,Baden-Wuerttemberg,2015-02-17,0
4779,2016-06-27,,219,40,purple,38,49.9,31810,Mrs,,Baden-Wuerttemberg,2015-02-17,0
4780,2016-06-27,,427,40,mocca,55,84.9,31810,Mrs,,Baden-Wuerttemberg,2015-02-17,0
4781,2016-06-27,,211,40,magenta,1,44.9,31810,Mrs,,Baden-Wuerttemberg,2015-02-17,0
4782,2016-06-27,2016-06-29,640,unsized,stained,68,19.9,31810,Mrs,,Baden-Wuerttemberg,2015-02-17,1
4783,2016-06-27,2016-07-04,640,unsized,stained,68,19.9,31810,Mrs,,Baden-Wuerttemberg,2015-02-17,1
4784,2016-06-27,2016-06-28,896,s,blue,33,24.9,3862,Mrs,1966-08-09,Lower Saxony,2016-03-15,0
4785,2016-06-27,2016-06-28,896,l,blue,33,24.9,3862,Mrs,1966-08-09,Lower Saxony,2016-03-15,0
4786,2016-06-27,2016-06-28,896,s,grey,33,24.9,3862,Mrs,1966-08-09,Lower Saxony,2016-03-15,0
4787,2016-06-27,2016-06-28,896,l,grey,33,24.9,3862,Mrs,1966-08-09,Lower Saxony,2016-03-15,0
4800,2016-06-27,2016-06-28,113,41,blue,1,99.9,20999,Mrs,1962-09-12,North Rhine-Westphalia,2016-01-14,0
4872,2016-06-27,2016-06-28,113,40,red,1,49.9,6468,Mrs,1947-10-27,North Rhine-Westphalia,2015-02-17,0
4873,2016-06-27,2016-06-28,113,41,green,1,49.9,6468,Mrs,1947-10-27,North Rhine-Westphalia,2015-02-17,1
4874,2016-06-27,2016-06-28,231,40,purple,24,49.9,6468,Mrs,1947-10-27,North Rhine-Westphalia,2015-02-17,1
4875,2016-06-27,2016-06-28,137,40,red,38,54.9,6468,Mrs,1947-10-27,North Rhine-Westphalia,2015-02-17,1
4876,2016-06-27,2016-06-28,137,40,red,38,54.9,6468,Mrs,1947-10-27,North Rhine-Westphalia,2015-02-17,0
4877,2016-06-27,2016-06-28,137,40,black,38,54.9,6468,Mrs,1947-10-27,North Rhine-Westphalia,2015-02-17,0
4878,2016-06-27,2016-06-28,187,xl,green,14,49.9,29514,Mrs,1954-04-25,Lower Saxony,2015-11-23,1
4879,2016-06-27,,187,xl,white,14,49.9,29514,Mrs,1954-04-25,Lower Saxony,2015-11-23,0
4896,2016-06-27,2016-06-28,410,40,petrol,57,42.4,31822,Mrs,1973-12-01,North Rhine-Westphalia,2015-08-27,1
4897,2016-06-27,2016-06-28,410,40,black,57,42.4,31822,Mrs,1973-12-01,North Rhine-Westphalia,2015-08-27,1
4898,2016-06-27,2016-06-28,337,140,pink,30,9.9,31822,Mrs,1973-12-01,North Rhine-Westphalia,2015-08-27,0
4899,2016-06-27,2016-06-28,615,140,purple,30,34.9,31822,Mrs,1973-12-01,North Rhine-Westphalia,2015-08-27,0
4900,2016-06-27,2016-06-28,944,128,khaki,30,29.9,31822,Mrs,1973-12-01,North Rhine-Westphalia,2015-08-27,0
4901,2016-06-27,2016-06-28,555,128,navy,30,9.9,31822,Mrs,1973-12-01,North Rhine-Westphalia,2015-08-27,0
4902,2016-06-27,2016-06-28,311,40,black,38,49.9,31822,Mrs,1973-12-01,North Rhine-Westphalia,2015-08-27,1
4905,2016-06-27,2016-07-30,323,38,black,70,69.9,29674,Mrs,1962-06-16,Bavaria,2015-02-17,1
4906,2016-06-27,2016-06-28,255,xl,purple,37,17.4,22148,Mrs,1964-02-04,Bavaria,2016-02-07,1
4907,2016-06-27,2016-06-28,135,l,khaki,33,12.4,22148,Mrs,1964-02-04,Bavaria,2016-02-07,0
4920,2016-06-27,2016-06-28,484,6,ecru,19,39.9,31826,Mrs,1961-01-18,Bavaria,2015-08-15,0
4921,2016-06-27,2016-06-28,255,l,blue,37,17.4,31826,Mrs,1961-01-18,Bavaria,2015-08-15,0
4959,2016-06-27,2016-06-28,640,unsized,stained,68,19.9,5748,Mrs,1972-09-13,Hesse,2015-02-17,1
4960,2016-06-27,2016-06-28,639,128,navy,30,34.9,5748,Mrs,1972-09-13,Hesse,2015-02-17,0
4961,2016-06-27,2016-07-02,269,s,ocher,42,49.9,5748,Mrs,1972-09-13,Hesse,2015-02-17,1
4964,2016-06-27,2016-06-28,269,xl,ocher,42,49.9,31832,Mrs,1962-07-07,Bavaria,2015-02-17,0
4984,2016-06-27,2016-06-28,100,42,blue,43,59.9,14965,Mrs,1970-05-24,Baden-Wuerttemberg,2016-05-01,1
4985,2016-06-27,2016-06-28,200,8,brown,12,54.9,14965,Mrs,1970-05-24,Baden-Wuerttemberg,2016-05-01,1
4986,2016-06-27,2016-06-28,200,6+,brown,12,54.9,14965,Mrs,1970-05-24,Baden-Wuerttemberg,2016-05-01,1
4987,2016-06-27,2016-06-28,200,8,grey,12,54.9,14965,Mrs,1970-05-24,Baden-Wuerttemberg,2016-05-01,1
4988,2016-06-27,2016-06-28,1087,unsized,brown,60,59.9,14965,Mrs,1970-05-24,Baden-Wuerttemberg,2016-05-01,1
4989,2016-06-27,2016-06-28,665,44,ocher,18,69.9,14965,Mrs,1970-05-24,Baden-Wuerttemberg,2016-05-01,1
4990,2016-06-27,2016-06-28,665,45,black,18,69.9,14965,Mrs,1970-05-24,Baden-Wuerttemberg,2016-05-01,1
4991,2016-06-27,2016-06-28,136,42,brown,38,69.9,14965,Mrs,1970-05-24,Baden-Wuerttemberg,2016-05-01,0
4992,2016-06-27,2016-06-28,100,41,brown,43,59.9,14965,Mrs,1970-05-24,Baden-Wuerttemberg,2016-05-01,1
4993,2016-06-27,,199,41,grey,4,34.95,14965,Mrs,1970-05-24,Baden-Wuerttemberg,2016-05-01,0
4994,2016-06-27,2016-06-29,122,38,grey,1,39.9,29382,Mrs,1978-10-01,Thuringia,2016-03-16,1
4995,2016-06-27,2016-06-29,165,38,white,47,44.9,29382,Mrs,1978-10-01,Thuringia,2016-03-16,0
4996,2016-06-27,2016-06-29,707,38,champagner,1,59.9,29382,Mrs,1978-10-01,Thuringia,2016-03-16,1
4997,2016-06-27,2016-06-29,394,38,grey,44,72.5,29382,Mrs,1978-10-01,Thuringia,2016-03-16,0
4998,2016-06-27,2016-06-29,103,38,curry,17,69.9,29382,Mrs,1978-10-01,Thuringia,2016-03-16,0
4999,2016-06-27,,311,38,brown,38,49.9,29382,Mrs,1978-10-01,Thuringia,2016-03-16,0
5000,2016-06-27,2016-06-28,606,41,grey,1,34.9,31836,Mrs,1967-11-19,Lower Saxony,2015-02-17,0
5699,2016-06-27,2016-07-18,643,40,purple,30,49.9,15179,Mrs,1964-12-15,Rhineland-Palatinate,2015-02-17,1
5738,2016-06-27,,643,42,purple,30,49.9,8097,Mrs,1967-09-09,Hesse,2016-02-25,0
5813,2016-06-27,2016-06-29,643,42,purple,30,49.9,31936,Mrs,1966-05-11,Baden-Wuerttemberg,2015-02-17,1
6567,2016-06-27,2016-08-02,643,36,purple,30,49.9,32048,Mrs,1959-12-10,Schleswig-Holstein,2015-11-23,0
6844,2016-06-27,2016-09-05,643,36,purple,30,49.9,32087,Mrs,1967-05-19,Hesse,2015-02-17,0
7535,2016-06-27,2016-06-28,643,38,purple,30,39.9,1136,Mrs,1970-02-27,Lower Saxony,2016-06-28,0
7720,2016-06-27,2016-06-28,643,38,purple,30,39.9,29947,Mrs,1968-05-11,North Rhine-Westphalia,2015-02-17,0
7766,2016-06-27,2016-06-28,643,38,purple,30,39.9,32213,Mrs,1981-02-10,Brandenburg,2015-10-07,0
9915,2016-06-27,2016-06-29,643,38,purple,30,39.9,10216,Mrs,,Lower Saxony,2016-04-08,0
13556,2016-06-29,2016-07-06,53,36,navy,30,16.4,30822,Mrs,1969-04-17,Saxony,2016-06-23,0
21030,2016-07-01,2016-07-03,643,46,navy,30,39.9,20818,Mrs,1968-11-26,Lower Saxony,2015-02-17,0
23010,2016-07-01,2016-07-03,643,46,purple,30,39.9,27949,Mr,1954-02-16,North Rhine-Westphalia,2015-02-17,0
19200,2016-07-02,2016-07-04,643,40,purple,30,39.9,13268,Mrs,1981-09-08,Hesse,2016-06-17,0
28032,2016-07-04,2016-07-18,643,40,navy,30,49.9,3424,Mrs,1958-05-17,North Rhine-Westphalia,2015-02-17,0
56982,2016-08-07,2016-08-09,643,40,purple,30,79.95,40532,Mrs,1970-01-26,Rhineland-Palatinate,2015-11-29,0
61346,2016-08-09,2016-08-13,643,42,purple,30,49.95,41379,Mrs,,Lower Saxony,2016-08-10,1
68081,2016-08-13,2016-08-15,643,36,navy,30,49.95,42553,Mrs,1978-06-03,Baden-Wuerttemberg,2016-08-14,0
68497,2016-08-13,2016-08-16,643,36,navy,30,49.95,42632,Mrs,1978-09-15,North Rhine-Westphalia,2016-08-14,0
91190,2016-09-03,2016-09-04,643,42,purple,30,49.95,3138,Mrs,1956-12-17,North Rhine-Westphalia,2015-02-17,1
91591,2016-09-03,2016-09-05,643,36,navy,30,79.95,30323,Mrs,1968-02-01,Bavaria,2016-06-21,0
98034,2016-09-09,2016-09-12,643,38,navy,30,49.95,47860,Mr,,North Rhine-Westphalia,2016-09-10,0
